sector,hora,timestamp,zona,tramo,consumo_base_m3,consumo_proyectado_m3,multiplicador_llm,confianza_llm,variacion_pct,alerta,p85_historico,p15_historico,factores_activos
1 CIUDAD JARDÍN,0,2026-04-28 00:00:00,ZONA_NORTE,noche,33.851,33.744,0.9969,0.85,-0.31,🟢 NORMAL,22.618,13.729,"{'factor_eventos': 1.0, 'factor_fin_de_semana': 1.0, 'factor_franja_noche': 0.95, 'factor_global': 1.0, 'factor_movilidad_ciudad': 1.0, 'factor_obras_construccion': 1.0, 'factor_zona_norte': 1.0}"
1 CIUDAD JARDÍN,1,2026-04-28 01:00:00,ZONA_NORTE,noche,25.864,25.782,0.9969,0.85,-0.31,🟢 NORMAL,33.475,17.2,"{'factor_eventos': 1.0, 'factor_fin_de_semana': 1.0, 'factor_franja_noche': 0.95, 'factor_global': 1.0, 'factor_movilidad_ciudad': 1.0, 'factor_obras_construccion': 1.0, 'factor_zona_norte': 1.0}"
1 CIUDAD JARDÍN,2,2026-04-28 02:00:00,ZONA_NORTE,noche,25.183,25.103,0.9969,0.85,-0.31,🟢 NORMAL,32.81,16.45,"{'factor_eventos': 1.0, 'factor_fin_de_semana': 1.0, 'factor_franja_noche': 0.95, 'factor_global': 1.0, 'factor_movilidad_ciudad': 1.0, 'factor_obras_construccion': 1.0, 'factor_zona_norte': 1.0}"
1 CIUDAD JARDÍN,3,2026-04-28 03:00:00,ZONA_NORTE,noche,25.183,25.103,0.9969,0.85,-0.31,🟢 NORMAL,32.02,15.6,"{'factor_eventos': 1.0, 'factor_fin_de_semana': 1.0, 'factor_franja_noche': 0.95, 'factor_global': 1.0, 'factor_movilidad_ciudad': 1.0, 'factor_obras_construccion': 1.0, 'factor_zona_norte': 1.0}"
1 CIUDAD JARDÍN,4,2026-04-28 04:00:00,ZONA_NORTE,noche,27.022,26.936,0.9969,0.85,-0.31,🟢 NORMAL,22.65,14.5,"{'factor_eventos': 1.0, 'factor_fin_de_semana': 1.0, 'factor_franja_noche': 0.95, 'factor_global': 1.0, 'factor_movilidad_ciudad': 1.0, 'factor_obras_construccion': 1.0, 'factor_zona_norte': 1.0}"
1 CIUDAD JARDÍN,5,2026-04-28 05:00:00,ZONA_NORTE,noche,27.216,27.13,0.9969,0.85,-0.31,🟢 NORMAL,21.2,13.035,"{'factor_eventos': 1.0, 'factor_fin_de_semana': 1.0, 'factor_franja_noche': 0.95, 'factor_global': 1.0, 'factor_movilidad_ciudad': 1.0, 'factor_obras_construccion': 1.0, 'factor_zona_norte': 1.0}"
1 CIUDAD JARDÍN,6,2026-04-28 06:00:00,ZONA_NORTE,manana,23.766,23.766,1.0,0.85,0.0,🟢 NORMAL,20.81,13.398,"{'factor_eventos': 1.0, 'factor_fin_de_semana': 1.0, 'factor_franja_manana': 1.0, 'factor_global': 1.0, 'factor_movilidad_ciudad': 1.0, 'factor_obras_construccion': 1.0, 'factor_zona_norte': 1.0}"
1 CIUDAD JARDÍN,7,2026-04-28 07:00:00,ZONA_NORTE,manana,18.781,18.781,1.0,0.85,0.0,🟢 NORMAL,30.935,16.455,"{'factor_eventos': 1.0, 'factor_fin_de_semana': 1.0, 'factor_franja_manana': 1.0, 'factor_global': 1.0, 'factor_movilidad_ciudad': 1.0, 'factor_obras_construccion': 1.0, 'factor_zona_norte': 1.0}"
1 CIUDAD JARDÍN,8,2026-04-28 08:00:00,ZONA_NORTE,manana,14.898,14.898,1.0,0.85,0.0,🟢 NORMAL,34.52,17.36,"{'factor_eventos': 1.0, 'factor_fin_de_semana': 1.0, 'factor_franja_manana': 1.0, 'factor_global': 1.0, 'factor_movilidad_ciudad': 1.0, 'factor_obras_construccion': 1.0, 'factor_zona_norte': 1.0}"
1 CIUDAD JARDÍN,9,2026-04-28 09:00:00,ZONA_NORTE,manana,89.573,89.573,1.0,0.85,0.0,🟢 NORMAL,46.45,20.85,"{'factor_eventos': 1.0, 'factor_fin_de_semana': 1.0, 'factor_franja_manana': 1.0, 'factor_global': 1.0, 'factor_movilidad_ciudad': 1.0, 'factor_obras_construccion': 1.0, 'factor_zona_norte': 1.0}"
1 CIUDAD JARDÍN,10,2026-04-28 10:00:00,ZONA_NORTE,manana,0.1,0.1,1.0,0.85,0.0,🟢 NORMAL,46.11,23.0,"{'factor_eventos': 1.0, 'factor_fin_de_semana': 1.0, 'factor_franja_manana': 1.0, 'factor_global': 1.0, 'factor_movilidad_ciudad': 1.0, 'factor_obras_construccion': 1.0, 'factor_zona_norte': 1.0}"
1 CIUDAD JARDÍN,11,2026-04-28 11:00:00,ZONA_NORTE,manana,10.991,10.991,1.0,0.85,0.0,🟢 NORMAL,42.81,21.7,"{'factor_eventos': 1.0, 'factor_fin_de_semana': 1.0, 'factor_franja_manana': 1.0, 'factor_global': 1.0, 'factor_movilidad_ciudad': 1.0, 'factor_obras_construccion': 1.0, 'factor_zona_norte': 1.0}"
1 CIUDAD JARDÍN,12,2026-04-28 12:00:00,ZONA_NORTE,manana,0.1,0.1,1.0,0.85,0.0,🟢 NORMAL,38.515,19.02,"{'factor_eventos': 1.0, 'factor_fin_de_semana': 1.0, 'factor_franja_manana': 1.0, 'factor_global': 1.0, 'factor_movilidad_ciudad': 1.0, 'factor_obras_construccion': 1.0, 'factor_zona_norte': 1.0}"
1 CIUDAD JARDÍN,13,2026-04-28 13:00:00,ZONA_NORTE,manana,0.1,0.1,1.0,0.85,0.0,🟢 NORMAL,36.189,21.967,"{'factor_eventos': 1.0, 'factor_fin_de_semana': 1.0, 'factor_franja_manana': 1.0, 'factor_global': 1.0, 'factor_movilidad_ciudad': 1.0, 'factor_obras_construccion': 1.0, 'factor_zona_norte': 1.0}"
1 CIUDAD JARDÍN,14,2026-04-28 14:00:00,ZONA_NORTE,tarde,38.603,38.603,1.0,0.85,0.0,🟢 NORMAL,45.236,27.459,"{'factor_calor_acumulado': 1.0, 'factor_eventos': 1.0, 'factor_fin_de_semana': 1.0, 'factor_franja_tarde': 1.0, 'factor_global': 1.0, 'factor_movilidad_ciudad': 1.0, 'factor_obras_construccion': 1.0, 'factor_zona_norte': 1.0}"
1 CIUDAD JARDÍN,15,2026-04-28 15:00:00,ZONA_NORTE,tarde,14.364,14.364,1.0,0.85,0.0,🟢 NORMAL,40.713,24.713,"{'factor_calor_acumulado': 1.0, 'factor_eventos': 1.0, 'factor_fin_de_semana': 1.0, 'factor_franja_tarde': 1.0, 'factor_global': 1.0, 'factor_movilidad_ciudad': 1.0, 'factor_obras_construccion': 1.0, 'factor_zona_norte': 1.0}"
1 CIUDAD JARDÍN,16,2026-04-28 16:00:00,ZONA_NORTE,tarde,11.002,11.002,1.0,0.85,0.0,🟢 NORMAL,31.665,19.221,"{'factor_calor_acumulado': 1.0, 'factor_eventos': 1.0, 'factor_fin_de_semana': 1.0, 'factor_franja_tarde': 1.0, 'factor_global': 1.0, 'factor_movilidad_ciudad': 1.0, 'factor_obras_construccion': 1.0, 'factor_zona_norte': 1.0}"
1 CIUDAD JARDÍN,17,2026-04-28 17:00:00,ZONA_NORTE,tarde,20.266,20.266,1.0,0.85,0.0,🟢 NORMAL,27.142,16.475,"{'factor_calor_acumulado': 1.0, 'factor_eventos': 1.0, 'factor_fin_de_semana': 1.0, 'factor_franja_tarde': 1.0, 'factor_global': 1.0, 'factor_movilidad_ciudad': 1.0, 'factor_obras_construccion': 1.0, 'factor_zona_norte': 1.0}"
1 CIUDAD JARDÍN,18,2026-04-28 18:00:00,ZONA_NORTE,tarde,11.002,11.002,1.0,0.85,0.0,🟢 NORMAL,31.665,19.221,"{'factor_calor_acumulado': 1.0, 'factor_eventos': 1.0, 'factor_fin_de_semana': 1.0, 'factor_franja_tarde': 1.0, 'factor_global': 1.0, 'factor_movilidad_ciudad': 1.0, 'factor_obras_construccion': 1.0, 'factor_zona_norte': 1.0}"
1 CIUDAD JARDÍN,19,2026-04-28 19:00:00,ZONA_NORTE,tarde,14.364,14.364,1.0,0.85,0.0,🟢 NORMAL,40.713,24.713,"{'factor_calor_acumulado': 1.0, 'factor_eventos': 1.0, 'factor_fin_de_semana': 1.0, 'factor_franja_tarde': 1.0, 'factor_global': 1.0, 'factor_movilidad_ciudad': 1.0, 'factor_obras_construccion': 1.0, 'factor_zona_norte': 1.0}"
1 CIUDAD JARDÍN,20,2026-04-28 20:00:00,ZONA_NORTE,tarde,44.913,44.913,1.0,0.85,0.0,🟢 NORMAL,49.76,30.205,"{'factor_calor_acumulado': 1.0, 'factor_eventos': 1.0, 'factor_fin_de_semana': 1.0, 'factor_franja_tarde': 1.0, 'factor_global': 1.0, 'factor_movilidad_ciudad': 1.0, 'factor_obras_construccion': 1.0, 'factor_zona_norte': 1.0}"
1 CIUDAD JARDÍN,21,2026-04-28 21:00:00,ZONA_NORTE,tarde,47.529,47.529,1.0,0.85,0.0,🟢 NORMAL,54.283,32.95,"{'factor_calor_acumulado': 1.0, 'factor_eventos': 1.0, 'factor_fin_de_semana': 1.0, 'factor_franja_tarde': 1.0, 'factor_global': 1.0, 'factor_movilidad_ciudad': 1.0, 'factor_obras_construccion': 1.0, 'factor_zona_norte': 1.0}"
1 CIUDAD JARDÍN,22,2026-04-28 22:00:00,ZONA_NORTE,noche,12.638,12.598,0.9969,0.85,-0.31,🟢 NORMAL,40.713,24.713,"{'factor_eventos': 1.0, 'factor_fin_de_semana': 1.0, 'factor_franja_noche': 0.95, 'factor_global': 1.0, 'factor_movilidad_ciudad': 1.0, 'factor_obras_construccion': 1.0, 'factor_zona_norte': 1.0}"
1 CIUDAD JARDÍN,23,2026-04-28 23:00:00,ZONA_NORTE,noche,10.495,10.462,0.9969,0.85,-0.31,🟢 NORMAL,31.665,19.221,"{'factor_eventos': 1.0, 'factor_fin_de_semana': 1.0, 'factor_franja_noche': 0.95, 'factor_global': 1.0, 'factor_movilidad_ciudad': 1.0, 'factor_obras_construccion': 1.0, 'factor_zona_norte': 1.0}"
ALIPARK DL,0,2026-04-28 00:00:00,ZONA_CENTRO,noche,6.935,6.752,0.9735,0.85,-2.65,🟢 NORMAL,1.408,1.141,"{'factor_cruceros': 1.0, 'factor_eventos': 1.0, 'factor_fin_de_semana': 1.0, 'factor_franja_noche': 0.95, 'factor_global': 1.0, 'factor_movilidad_ciudad': 1.0, 'factor_obras_construccion': 1.0, 'factor_ocupacion_hotelera': 0.8, 'factor_zona_centro': 1.0}"
ALIPARK DL,1,2026-04-28 01:00:00,ZONA_CENTRO,noche,6.984,6.8,0.9735,0.85,-2.65,🟢 NORMAL,9.55,7.6,"{'factor_cruceros': 1.0, 'factor_eventos': 1.0, 'factor_fin_de_semana': 1.0, 'factor_franja_noche': 0.95, 'factor_global': 1.0, 'factor_movilidad_ciudad': 1.0, 'factor_obras_construccion': 1.0, 'factor_ocupacion_hotelera': 0.8, 'factor_zona_centro': 1.0}"
ALIPARK DL,2,2026-04-28 02:00:00,ZONA_CENTRO,noche,6.39,6.221,0.9735,0.85,-2.65,🟢 NORMAL,9.122,7.4,"{'factor_cruceros': 1.0, 'factor_eventos': 1.0, 'factor_fin_de_semana': 1.0, 'factor_franja_noche': 0.95, 'factor_global': 1.0, 'factor_movilidad_ciudad': 1.0, 'factor_obras_construccion': 1.0, 'factor_ocupacion_hotelera': 0.8, 'factor_zona_centro': 1.0}"
ALIPARK DL,3,2026-04-28 03:00:00,ZONA_CENTRO,noche,6.39,6.221,0.9735,0.85,-2.65,🟢 NORMAL,8.45,7.0,"{'factor_cruceros': 1.0, 'factor_eventos': 1.0, 'factor_fin_de_semana': 1.0, 'factor_franja_noche': 0.95, 'factor_global': 1.0, 'factor_movilidad_ciudad': 1.0, 'factor_obras_construccion': 1.0, 'factor_ocupacion_hotelera': 0.8, 'factor_zona_centro': 1.0}"
ALIPARK DL,4,2026-04-28 04:00:00,ZONA_CENTRO,noche,5.963,5.806,0.9735,0.85,-2.65,🟢 NORMAL,8.1,6.55,"{'factor_cruceros': 1.0, 'factor_eventos': 1.0, 'factor_fin_de_semana': 1.0, 'factor_franja_noche': 0.95, 'factor_global': 1.0, 'factor_movilidad_ciudad': 1.0, 'factor_obras_construccion': 1.0, 'factor_ocupacion_hotelera': 0.8, 'factor_zona_centro': 1.0}"
ALIPARK DL,5,2026-04-28 05:00:00,ZONA_CENTRO,noche,13.111,12.764,0.9735,0.85,-2.65,🟢 NORMAL,9.5,6.15,"{'factor_cruceros': 1.0, 'factor_eventos': 1.0, 'factor_fin_de_semana': 1.0, 'factor_franja_noche': 0.95, 'factor_global': 1.0, 'factor_movilidad_ciudad': 1.0, 'factor_obras_construccion': 1.0, 'factor_ocupacion_hotelera': 0.8, 'factor_zona_centro': 1.0}"
ALIPARK DL,6,2026-04-28 06:00:00,ZONA_CENTRO,manana,9.234,9.016,0.9764,0.85,-2.36,🟢 NORMAL,8.9,5.8,"{'factor_cruceros': 1.0, 'factor_eventos': 1.0, 'factor_fin_de_semana': 1.0, 'factor_franja_manana': 1.0, 'factor_global': 1.0, 'factor_movilidad_ciudad': 1.0, 'factor_obras_construccion': 1.0, 'factor_ocupacion_hotelera': 0.8, 'factor_zona_centro': 1.0}"
ALIPARK DL,7,2026-04-28 07:00:00,ZONA_CENTRO,manana,10.255,10.012,0.9764,0.85,-2.36,🟢 NORMAL,10.1,7.065,"{'factor_cruceros': 1.0, 'factor_eventos': 1.0, 'factor_fin_de_semana': 1.0, 'factor_franja_manana': 1.0, 'factor_global': 1.0, 'factor_movilidad_ciudad': 1.0, 'factor_obras_construccion': 1.0, 'factor_ocupacion_hotelera': 0.8, 'factor_zona_centro': 1.0}"
ALIPARK DL,8,2026-04-28 08:00:00,ZONA_CENTRO,manana,12.576,12.28,0.9764,0.85,-2.36,🟢 NORMAL,11.925,7.9,"{'factor_cruceros': 1.0, 'factor_eventos': 1.0, 'factor_fin_de_semana': 1.0, 'factor_franja_manana': 1.0, 'factor_global': 1.0, 'factor_movilidad_ciudad': 1.0, 'factor_obras_construccion': 1.0, 'factor_ocupacion_hotelera': 0.8, 'factor_zona_centro': 1.0}"
ALIPARK DL,9,2026-04-28 09:00:00,ZONA_CENTRO,manana,16.221,15.838,0.9764,0.85,-2.36,🟢 NORMAL,13.45,10.6,"{'factor_cruceros': 1.0, 'factor_eventos': 1.0, 'factor_fin_de_semana': 1.0, 'factor_franja_manana': 1.0, 'factor_global': 1.0, 'factor_movilidad_ciudad': 1.0, 'factor_obras_construccion': 1.0, 'factor_ocupacion_hotelera': 0.8, 'factor_zona_centro': 1.0}"
ALIPARK DL,10,2026-04-28 10:00:00,ZONA_CENTRO,manana,0.1,0.098,0.9764,0.85,-2.36,🟢 NORMAL,13.0,11.15,"{'factor_cruceros': 1.0, 'factor_eventos': 1.0, 'factor_fin_de_semana': 1.0, 'factor_franja_manana': 1.0, 'factor_global': 1.0, 'factor_movilidad_ciudad': 1.0, 'factor_obras_construccion': 1.0, 'factor_ocupacion_hotelera': 0.8, 'factor_zona_centro': 1.0}"
ALIPARK DL,11,2026-04-28 11:00:00,ZONA_CENTRO,manana,10.557,10.308,0.9764,0.85,-2.36,🟢 NORMAL,12.05,10.15,"{'factor_cruceros': 1.0, 'factor_eventos': 1.0, 'factor_fin_de_semana': 1.0, 'factor_franja_manana': 1.0, 'factor_global': 1.0, 'factor_movilidad_ciudad': 1.0, 'factor_obras_construccion': 1.0, 'factor_ocupacion_hotelera': 0.8, 'factor_zona_centro': 1.0}"
ALIPARK DL,12,2026-04-28 12:00:00,ZONA_CENTRO,manana,9.686,9.457,0.9764,0.85,-2.36,🟢 NORMAL,10.8,8.75,"{'factor_cruceros': 1.0, 'factor_eventos': 1.0, 'factor_fin_de_semana': 1.0, 'factor_franja_manana': 1.0, 'factor_global': 1.0, 'factor_movilidad_ciudad': 1.0, 'factor_obras_construccion': 1.0, 'factor_ocupacion_hotelera': 0.8, 'factor_zona_centro': 1.0}"
ALIPARK DL,13,2026-04-28 13:00:00,ZONA_CENTRO,manana,20.949,20.455,0.9764,0.85,-2.36,🟢 NORMAL,14.081,11.41,"{'factor_cruceros': 1.0, 'factor_eventos': 1.0, 'factor_fin_de_semana': 1.0, 'factor_franja_manana': 1.0, 'factor_global': 1.0, 'factor_movilidad_ciudad': 1.0, 'factor_obras_construccion': 1.0, 'factor_ocupacion_hotelera': 0.8, 'factor_zona_centro': 1.0}"
ALIPARK DL,14,2026-04-28 14:00:00,ZONA_CENTRO,tarde,22.658,22.237,0.9814,0.85,-1.86,🟢 NORMAL,15.489,12.55,"{'factor_calor_acumulado': 1.0, 'factor_cruceros': 1.0, 'factor_eventos': 1.0, 'factor_fin_de_semana': 1.0, 'factor_franja_tarde': 1.0, 'factor_global': 1.0, 'factor_movilidad_ciudad': 1.0, 'factor_obras_construccion': 1.0, 'factor_ocupacion_hotelera': 0.8, 'factor_zona_centro': 1.0}"
ALIPARK DL,15,2026-04-28 15:00:00,ZONA_CENTRO,tarde,20.949,20.559,0.9814,0.85,-1.86,🟢 NORMAL,14.081,11.41,"{'factor_calor_acumulado': 1.0, 'factor_cruceros': 1.0, 'factor_eventos': 1.0, 'factor_fin_de_semana': 1.0, 'factor_franja_tarde': 1.0, 'factor_global': 1.0, 'factor_movilidad_ciudad': 1.0, 'factor_obras_construccion': 1.0, 'factor_ocupacion_hotelera': 0.8, 'factor_zona_centro': 1.0}"
ALIPARK DL,16,2026-04-28 16:00:00,ZONA_CENTRO,tarde,11.769,11.55,0.9814,0.85,-1.86,🟢 NORMAL,12.673,10.268,"{'factor_calor_acumulado': 1.0, 'factor_cruceros': 1.0, 'factor_eventos': 1.0, 'factor_fin_de_semana': 1.0, 'factor_franja_tarde': 1.0, 'factor_global': 1.0, 'factor_movilidad_ciudad': 1.0, 'factor_obras_construccion': 1.0, 'factor_ocupacion_hotelera': 0.8, 'factor_zona_centro': 1.0}"
ALIPARK DL,17,2026-04-28 17:00:00,ZONA_CENTRO,tarde,11.769,11.55,0.9814,0.85,-1.86,🟢 NORMAL,12.673,10.268,"{'factor_calor_acumulado': 1.0, 'factor_cruceros': 1.0, 'factor_eventos': 1.0, 'factor_fin_de_semana': 1.0, 'factor_franja_tarde': 1.0, 'factor_global': 1.0, 'factor_movilidad_ciudad': 1.0, 'factor_obras_construccion': 1.0, 'factor_ocupacion_hotelera': 0.8, 'factor_zona_centro': 1.0}"
ALIPARK DL,18,2026-04-28 18:00:00,ZONA_CENTRO,tarde,20.949,20.559,0.9814,0.85,-1.86,🟢 NORMAL,14.081,11.41,"{'factor_calor_acumulado': 1.0, 'factor_cruceros': 1.0, 'factor_eventos': 1.0, 'factor_fin_de_semana': 1.0, 'factor_franja_tarde': 1.0, 'factor_global': 1.0, 'factor_movilidad_ciudad': 1.0, 'factor_obras_construccion': 1.0, 'factor_ocupacion_hotelera': 0.8, 'factor_zona_centro': 1.0}"
ALIPARK DL,19,2026-04-28 19:00:00,ZONA_CENTRO,tarde,22.658,22.237,0.9814,0.85,-1.86,🟢 NORMAL,15.489,12.55,"{'factor_calor_acumulado': 1.0, 'factor_cruceros': 1.0, 'factor_eventos': 1.0, 'factor_fin_de_semana': 1.0, 'factor_franja_tarde': 1.0, 'factor_global': 1.0, 'factor_movilidad_ciudad': 1.0, 'factor_obras_construccion': 1.0, 'factor_ocupacion_hotelera': 0.8, 'factor_zona_centro': 1.0}"
ALIPARK DL,20,2026-04-28 20:00:00,ZONA_CENTRO,tarde,12.185,11.958,0.9814,0.85,-1.86,🟢 NORMAL,12.673,10.268,"{'factor_calor_acumulado': 1.0, 'factor_cruceros': 1.0, 'factor_eventos': 1.0, 'factor_fin_de_semana': 1.0, 'factor_franja_tarde': 1.0, 'factor_global': 1.0, 'factor_movilidad_ciudad': 1.0, 'factor_obras_construccion': 1.0, 'factor_ocupacion_hotelera': 0.8, 'factor_zona_centro': 1.0}"
ALIPARK DL,21,2026-04-28 21:00:00,ZONA_CENTRO,tarde,7.967,7.819,0.9814,0.85,-1.86,🟢 NORMAL,8.449,6.846,"{'factor_calor_acumulado': 1.0, 'factor_cruceros': 1.0, 'factor_eventos': 1.0, 'factor_fin_de_semana': 1.0, 'factor_franja_tarde': 1.0, 'factor_global': 1.0, 'factor_movilidad_ciudad': 1.0, 'factor_obras_construccion': 1.0, 'factor_ocupacion_hotelera': 0.8, 'factor_zona_centro': 1.0}"
ALIPARK DL,22,2026-04-28 22:00:00,ZONA_CENTRO,noche,7.54,7.34,0.9735,0.85,-2.65,🟢 NORMAL,7.04,5.704,"{'factor_cruceros': 1.0, 'factor_eventos': 1.0, 'factor_fin_de_semana': 1.0, 'factor_franja_noche': 0.95, 'factor_global': 1.0, 'factor_movilidad_ciudad': 1.0, 'factor_obras_construccion': 1.0, 'factor_ocupacion_hotelera': 0.8, 'factor_zona_centro': 1.0}"
ALIPARK DL,23,2026-04-28 23:00:00,ZONA_CENTRO,noche,7.54,7.34,0.9735,0.85,-2.65,🟢 NORMAL,4.224,3.423,"{'factor_cruceros': 1.0, 'factor_eventos': 1.0, 'factor_fin_de_semana': 1.0, 'factor_franja_noche': 0.95, 'factor_global': 1.0, 'factor_movilidad_ciudad': 1.0, 'factor_obras_construccion': 1.0, 'factor_ocupacion_hotelera': 0.8, 'factor_zona_centro': 1.0}"
ALTOZANO,0,2026-04-28 00:00:00,ZONA_NORTE,noche,37.554,37.436,0.9969,0.85,-0.31,🟢 NORMAL,37.267,34.54,"{'factor_eventos': 1.0, 'factor_fin_de_semana': 1.0, 'factor_franja_noche': 0.95, 'factor_global': 1.0, 'factor_movilidad_ciudad': 1.0, 'factor_obras_construccion': 1.0, 'factor_zona_norte': 1.0}"
ALTOZANO,1,2026-04-28 01:00:00,ZONA_NORTE,noche,55.457,55.282,0.9969,0.85,-0.31,🟢 NORMAL,55.895,42.755,"{'factor_eventos': 1.0, 'factor_fin_de_semana': 1.0, 'factor_franja_noche': 0.95, 'factor_global': 1.0, 'factor_movilidad_ciudad': 1.0, 'factor_obras_construccion': 1.0, 'factor_zona_norte': 1.0}"
ALTOZANO,2,2026-04-28 02:00:00,ZONA_NORTE,noche,49.598,49.442,0.9969,0.85,-0.31,🟢 NORMAL,47.755,38.407,"{'factor_eventos': 1.0, 'factor_fin_de_semana': 1.0, 'factor_franja_noche': 0.95, 'factor_global': 1.0, 'factor_movilidad_ciudad': 1.0, 'factor_obras_construccion': 1.0, 'factor_zona_norte': 1.0}"
ALTOZANO,3,2026-04-28 03:00:00,ZONA_NORTE,noche,48.212,48.061,0.9969,0.85,-0.31,🟢 NORMAL,43.044,37.844,"{'factor_eventos': 1.0, 'factor_fin_de_semana': 1.0, 'factor_franja_noche': 0.95, 'factor_global': 1.0, 'factor_movilidad_ciudad': 1.0, 'factor_obras_construccion': 1.0, 'factor_zona_norte': 1.0}"
ALTOZANO,4,2026-04-28 04:00:00,ZONA_NORTE,noche,43.331,43.194,0.9969,0.85,-0.31,🟢 NORMAL,41.338,36.698,"{'factor_eventos': 1.0, 'factor_fin_de_semana': 1.0, 'factor_franja_noche': 0.95, 'factor_global': 1.0, 'factor_movilidad_ciudad': 1.0, 'factor_obras_construccion': 1.0, 'factor_zona_norte': 1.0}"
ALTOZANO,5,2026-04-28 05:00:00,ZONA_NORTE,noche,27.842,27.754,0.9969,0.85,-0.31,🟢 NORMAL,38.215,32.517,"{'factor_eventos': 1.0, 'factor_fin_de_semana': 1.0, 'factor_franja_noche': 0.95, 'factor_global': 1.0, 'factor_movilidad_ciudad': 1.0, 'factor_obras_construccion': 1.0, 'factor_zona_norte': 1.0}"
ALTOZANO,6,2026-04-28 06:00:00,ZONA_NORTE,manana,41.507,41.507,1.0,0.85,0.0,🟢 NORMAL,43.637,34.253,"{'factor_eventos': 1.0, 'factor_fin_de_semana': 1.0, 'factor_franja_manana': 1.0, 'factor_global': 1.0, 'factor_movilidad_ciudad': 1.0, 'factor_obras_construccion': 1.0, 'factor_zona_norte': 1.0}"
ALTOZANO,7,2026-04-28 07:00:00,ZONA_NORTE,manana,49.548,49.548,1.0,0.85,0.0,🟢 NORMAL,49.416,37.538,"{'factor_eventos': 1.0, 'factor_fin_de_semana': 1.0, 'factor_franja_manana': 1.0, 'factor_global': 1.0, 'factor_movilidad_ciudad': 1.0, 'factor_obras_construccion': 1.0, 'factor_zona_norte': 1.0}"
ALTOZANO,8,2026-04-28 08:00:00,ZONA_NORTE,manana,57.98,57.98,1.0,0.85,0.0,🟢 NORMAL,62.226,42.825,"{'factor_eventos': 1.0, 'factor_fin_de_semana': 1.0, 'factor_franja_manana': 1.0, 'factor_global': 1.0, 'factor_movilidad_ciudad': 1.0, 'factor_obras_construccion': 1.0, 'factor_zona_norte': 1.0}"
ALTOZANO,9,2026-04-28 09:00:00,ZONA_NORTE,manana,52.46,52.46,1.0,0.85,0.0,🟢 NORMAL,68.795,55.373,"{'factor_eventos': 1.0, 'factor_fin_de_semana': 1.0, 'factor_franja_manana': 1.0, 'factor_global': 1.0, 'factor_movilidad_ciudad': 1.0, 'factor_obras_construccion': 1.0, 'factor_zona_norte': 1.0}"
ALTOZANO,10,2026-04-28 10:00:00,ZONA_NORTE,manana,8.942,8.942,1.0,0.85,0.0,🟢 NORMAL,70.382,62.872,"{'factor_eventos': 1.0, 'factor_fin_de_semana': 1.0, 'factor_franja_manana': 1.0, 'factor_global': 1.0, 'factor_movilidad_ciudad': 1.0, 'factor_obras_construccion': 1.0, 'factor_zona_norte': 1.0}"
ALTOZANO,11,2026-04-28 11:00:00,ZONA_NORTE,manana,53.421,53.421,1.0,0.85,0.0,🟢 NORMAL,67.23,57.659,"{'factor_eventos': 1.0, 'factor_fin_de_semana': 1.0, 'factor_franja_manana': 1.0, 'factor_global': 1.0, 'factor_movilidad_ciudad': 1.0, 'factor_obras_construccion': 1.0, 'factor_zona_norte': 1.0}"
ALTOZANO,12,2026-04-28 12:00:00,ZONA_NORTE,manana,56.469,56.469,1.0,0.85,0.0,🟢 NORMAL,62.072,49.027,"{'factor_eventos': 1.0, 'factor_fin_de_semana': 1.0, 'factor_franja_manana': 1.0, 'factor_global': 1.0, 'factor_movilidad_ciudad': 1.0, 'factor_obras_construccion': 1.0, 'factor_zona_norte': 1.0}"
ALTOZANO,13,2026-04-28 13:00:00,ZONA_NORTE,manana,116.767,116.767,1.0,0.85,0.0,🟢 NORMAL,59.627,55.264,"{'factor_eventos': 1.0, 'factor_fin_de_semana': 1.0, 'factor_franja_manana': 1.0, 'factor_global': 1.0, 'factor_movilidad_ciudad': 1.0, 'factor_obras_construccion': 1.0, 'factor_zona_norte': 1.0}"
ALTOZANO,14,2026-04-28 14:00:00,ZONA_NORTE,tarde,63.456,63.456,1.0,0.85,0.0,🟢 NORMAL,74.535,69.08,"{'factor_calor_acumulado': 1.0, 'factor_eventos': 1.0, 'factor_fin_de_semana': 1.0, 'factor_franja_tarde': 1.0, 'factor_global': 1.0, 'factor_movilidad_ciudad': 1.0, 'factor_obras_construccion': 1.0, 'factor_zona_norte': 1.0}"
ALTOZANO,15,2026-04-28 15:00:00,ZONA_NORTE,tarde,57.46,57.46,1.0,0.85,0.0,🟢 NORMAL,67.081,62.172,"{'factor_calor_acumulado': 1.0, 'factor_eventos': 1.0, 'factor_fin_de_semana': 1.0, 'factor_franja_tarde': 1.0, 'factor_global': 1.0, 'factor_movilidad_ciudad': 1.0, 'factor_obras_construccion': 1.0, 'factor_zona_norte': 1.0}"
ALTOZANO,16,2026-04-28 16:00:00,ZONA_NORTE,tarde,54.73,54.73,1.0,0.85,0.0,🟢 NORMAL,52.174,48.356,"{'factor_calor_acumulado': 1.0, 'factor_eventos': 1.0, 'factor_fin_de_semana': 1.0, 'factor_franja_tarde': 1.0, 'factor_global': 1.0, 'factor_movilidad_ciudad': 1.0, 'factor_obras_construccion': 1.0, 'factor_zona_norte': 1.0}"
ALTOZANO,17,2026-04-28 17:00:00,ZONA_NORTE,tarde,48.425,48.425,1.0,0.85,0.0,🟢 NORMAL,44.721,41.448,"{'factor_calor_acumulado': 1.0, 'factor_eventos': 1.0, 'factor_fin_de_semana': 1.0, 'factor_franja_tarde': 1.0, 'factor_global': 1.0, 'factor_movilidad_ciudad': 1.0, 'factor_obras_construccion': 1.0, 'factor_zona_norte': 1.0}"
ALTOZANO,18,2026-04-28 18:00:00,ZONA_NORTE,tarde,54.73,54.73,1.0,0.85,0.0,🟢 NORMAL,52.174,48.356,"{'factor_calor_acumulado': 1.0, 'factor_eventos': 1.0, 'factor_fin_de_semana': 1.0, 'factor_franja_tarde': 1.0, 'factor_global': 1.0, 'factor_movilidad_ciudad': 1.0, 'factor_obras_construccion': 1.0, 'factor_zona_norte': 1.0}"
ALTOZANO,19,2026-04-28 19:00:00,ZONA_NORTE,tarde,57.46,57.46,1.0,0.85,0.0,🟢 NORMAL,67.081,62.172,"{'factor_calor_acumulado': 1.0, 'factor_eventos': 1.0, 'factor_fin_de_semana': 1.0, 'factor_franja_tarde': 1.0, 'factor_global': 1.0, 'factor_movilidad_ciudad': 1.0, 'factor_obras_construccion': 1.0, 'factor_zona_norte': 1.0}"
ALTOZANO,20,2026-04-28 20:00:00,ZONA_NORTE,tarde,80.678,80.678,1.0,0.85,0.0,🟢 NORMAL,81.988,75.988,"{'factor_calor_acumulado': 1.0, 'factor_eventos': 1.0, 'factor_fin_de_semana': 1.0, 'factor_franja_tarde': 1.0, 'factor_global': 1.0, 'factor_movilidad_ciudad': 1.0, 'factor_obras_construccion': 1.0, 'factor_zona_norte': 1.0}"
ALTOZANO,21,2026-04-28 21:00:00,ZONA_NORTE,tarde,85.95,85.95,1.0,0.85,0.0,🟢 NORMAL,89.442,82.896,"{'factor_calor_acumulado': 1.0, 'factor_eventos': 1.0, 'factor_fin_de_semana': 1.0, 'factor_franja_tarde': 1.0, 'factor_global': 1.0, 'factor_movilidad_ciudad': 1.0, 'factor_obras_construccion': 1.0, 'factor_zona_norte': 1.0}"
ALTOZANO,22,2026-04-28 22:00:00,ZONA_NORTE,noche,55.735,55.559,0.9969,0.85,-0.31,🟢 NORMAL,67.081,62.172,"{'factor_eventos': 1.0, 'factor_fin_de_semana': 1.0, 'factor_franja_noche': 0.95, 'factor_global': 1.0, 'factor_movilidad_ciudad': 1.0, 'factor_obras_construccion': 1.0, 'factor_zona_norte': 1.0}"
ALTOZANO,23,2026-04-28 23:00:00,ZONA_NORTE,noche,53.004,52.837,0.9969,0.85,-0.31,🟢 NORMAL,52.174,48.356,"{'factor_eventos': 1.0, 'factor_fin_de_semana': 1.0, 'factor_franja_noche': 0.95, 'factor_global': 1.0, 'factor_movilidad_ciudad': 1.0, 'factor_obras_construccion': 1.0, 'factor_zona_norte': 1.0}"
BAHÍA LOS PINOS,0,2026-04-28 00:00:00,ZONA_NORTE,noche,713.737,711.491,0.9969,0.85,-0.31,🟢 NORMAL,36.636,21.894,"{'factor_eventos': 1.0, 'factor_fin_de_semana': 1.0, 'factor_franja_noche': 0.95, 'factor_global': 1.0, 'factor_movilidad_ciudad': 1.0, 'factor_obras_construccion': 1.0, 'factor_zona_norte': 1.0}"
BAHÍA LOS PINOS,1,2026-04-28 01:00:00,ZONA_NORTE,noche,49.311,49.156,0.9969,0.85,-0.31,🟢 NORMAL,51.03,32.635,"{'factor_eventos': 1.0, 'factor_fin_de_semana': 1.0, 'factor_franja_noche': 0.95, 'factor_global': 1.0, 'factor_movilidad_ciudad': 1.0, 'factor_obras_construccion': 1.0, 'factor_zona_norte': 1.0}"
BAHÍA LOS PINOS,2,2026-04-28 02:00:00,ZONA_NORTE,noche,49.311,49.156,0.9969,0.85,-0.31,🟢 NORMAL,55.48,29.385,"{'factor_eventos': 1.0, 'factor_fin_de_semana': 1.0, 'factor_franja_noche': 0.95, 'factor_global': 1.0, 'factor_movilidad_ciudad': 1.0, 'factor_obras_construccion': 1.0, 'factor_zona_norte': 1.0}"
BAHÍA LOS PINOS,3,2026-04-28 03:00:00,ZONA_NORTE,noche,43.331,43.194,0.9969,0.85,-0.31,🟢 NORMAL,54.715,24.2,"{'factor_eventos': 1.0, 'factor_fin_de_semana': 1.0, 'factor_franja_noche': 0.95, 'factor_global': 1.0, 'factor_movilidad_ciudad': 1.0, 'factor_obras_construccion': 1.0, 'factor_zona_norte': 1.0}"
BAHÍA LOS PINOS,4,2026-04-28 04:00:00,ZONA_NORTE,noche,41.271,41.141,0.9969,0.85,-0.31,🟢 NORMAL,54.61,22.435,"{'factor_eventos': 1.0, 'factor_fin_de_semana': 1.0, 'factor_franja_noche': 0.95, 'factor_global': 1.0, 'factor_movilidad_ciudad': 1.0, 'factor_obras_construccion': 1.0, 'factor_zona_norte': 1.0}"
BAHÍA LOS PINOS,5,2026-04-28 05:00:00,ZONA_NORTE,noche,13.985,13.941,0.9969,0.85,-0.31,🟢 NORMAL,44.172,20.3,"{'factor_eventos': 1.0, 'factor_fin_de_semana': 1.0, 'factor_franja_noche': 0.95, 'factor_global': 1.0, 'factor_movilidad_ciudad': 1.0, 'factor_obras_construccion': 1.0, 'factor_zona_norte': 1.0}"
BAHÍA LOS PINOS,6,2026-04-28 06:00:00,ZONA_NORTE,manana,1.638,1.638,1.0,0.85,0.0,🟢 NORMAL,40.272,20.828,"{'factor_eventos': 1.0, 'factor_fin_de_semana': 1.0, 'factor_franja_manana': 1.0, 'factor_global': 1.0, 'factor_movilidad_ciudad': 1.0, 'factor_obras_construccion': 1.0, 'factor_zona_norte': 1.0}"
BAHÍA LOS PINOS,7,2026-04-28 07:00:00,ZONA_NORTE,manana,12.627,12.627,1.0,0.85,0.0,🟢 NORMAL,38.535,21.755,"{'factor_eventos': 1.0, 'factor_fin_de_semana': 1.0, 'factor_franja_manana': 1.0, 'factor_global': 1.0, 'factor_movilidad_ciudad': 1.0, 'factor_obras_construccion': 1.0, 'factor_zona_norte': 1.0}"
BAHÍA LOS PINOS,8,2026-04-28 08:00:00,ZONA_NORTE,manana,45.989,45.989,1.0,0.85,0.0,🟢 NORMAL,52.155,27.798,"{'factor_eventos': 1.0, 'factor_fin_de_semana': 1.0, 'factor_franja_manana': 1.0, 'factor_global': 1.0, 'factor_movilidad_ciudad': 1.0, 'factor_obras_construccion': 1.0, 'factor_zona_norte': 1.0}"
BAHÍA LOS PINOS,9,2026-04-28 09:00:00,ZONA_NORTE,manana,53.633,53.633,1.0,0.85,0.0,🟢 NORMAL,61.58,35.09,"{'factor_eventos': 1.0, 'factor_fin_de_semana': 1.0, 'factor_franja_manana': 1.0, 'factor_global': 1.0, 'factor_movilidad_ciudad': 1.0, 'factor_obras_construccion': 1.0, 'factor_zona_norte': 1.0}"
BAHÍA LOS PINOS,10,2026-04-28 10:00:00,ZONA_NORTE,manana,2.528,2.528,1.0,0.85,0.0,🟢 NORMAL,59.768,38.982,"{'factor_eventos': 1.0, 'factor_fin_de_semana': 1.0, 'factor_franja_manana': 1.0, 'factor_global': 1.0, 'factor_movilidad_ciudad': 1.0, 'factor_obras_construccion': 1.0, 'factor_zona_norte': 1.0}"
BAHÍA LOS PINOS,11,2026-04-28 11:00:00,ZONA_NORTE,manana,48.314,48.314,1.0,0.85,0.0,🟢 NORMAL,55.25,37.34,"{'factor_eventos': 1.0, 'factor_fin_de_semana': 1.0, 'factor_franja_manana': 1.0, 'factor_global': 1.0, 'factor_movilidad_ciudad': 1.0, 'factor_obras_construccion': 1.0, 'factor_zona_norte': 1.0}"
BAHÍA LOS PINOS,12,2026-04-28 12:00:00,ZONA_NORTE,manana,45.796,45.796,1.0,0.85,0.0,🟢 NORMAL,50.445,35.2,"{'factor_eventos': 1.0, 'factor_fin_de_semana': 1.0, 'factor_franja_manana': 1.0, 'factor_global': 1.0, 'factor_movilidad_ciudad': 1.0, 'factor_obras_construccion': 1.0, 'factor_zona_norte': 1.0}"
BAHÍA LOS PINOS,13,2026-04-28 13:00:00,ZONA_NORTE,manana,51.209,51.209,1.0,0.85,0.0,🟢 NORMAL,58.618,35.03,"{'factor_eventos': 1.0, 'factor_fin_de_semana': 1.0, 'factor_franja_manana': 1.0, 'factor_global': 1.0, 'factor_movilidad_ciudad': 1.0, 'factor_obras_construccion': 1.0, 'factor_zona_norte': 1.0}"
BAHÍA LOS PINOS,14,2026-04-28 14:00:00,ZONA_NORTE,tarde,51.83,51.83,1.0,0.85,0.0,🟢 NORMAL,73.273,43.787,"{'factor_calor_acumulado': 1.0, 'factor_eventos': 1.0, 'factor_fin_de_semana': 1.0, 'factor_franja_tarde': 1.0, 'factor_global': 1.0, 'factor_movilidad_ciudad': 1.0, 'factor_obras_construccion': 1.0, 'factor_zona_norte': 1.0}"
BAHÍA LOS PINOS,15,2026-04-28 15:00:00,ZONA_NORTE,tarde,57.458,57.458,1.0,0.85,0.0,🟢 NORMAL,65.946,39.409,"{'factor_calor_acumulado': 1.0, 'factor_eventos': 1.0, 'factor_fin_de_semana': 1.0, 'factor_franja_tarde': 1.0, 'factor_global': 1.0, 'factor_movilidad_ciudad': 1.0, 'factor_obras_construccion': 1.0, 'factor_zona_norte': 1.0}"
BAHÍA LOS PINOS,16,2026-04-28 16:00:00,ZONA_NORTE,tarde,47.039,47.039,1.0,0.85,0.0,🟢 NORMAL,51.291,30.651,"{'factor_calor_acumulado': 1.0, 'factor_eventos': 1.0, 'factor_fin_de_semana': 1.0, 'factor_franja_tarde': 1.0, 'factor_global': 1.0, 'factor_movilidad_ciudad': 1.0, 'factor_obras_construccion': 1.0, 'factor_zona_norte': 1.0}"
BAHÍA LOS PINOS,17,2026-04-28 17:00:00,ZONA_NORTE,tarde,25.042,25.042,1.0,0.85,0.0,🟢 NORMAL,43.964,26.272,"{'factor_calor_acumulado': 1.0, 'factor_eventos': 1.0, 'factor_fin_de_semana': 1.0, 'factor_franja_tarde': 1.0, 'factor_global': 1.0, 'factor_movilidad_ciudad': 1.0, 'factor_obras_construccion': 1.0, 'factor_zona_norte': 1.0}"
BAHÍA LOS PINOS,18,2026-04-28 18:00:00,ZONA_NORTE,tarde,47.039,47.039,1.0,0.85,0.0,🟢 NORMAL,51.291,30.651,"{'factor_calor_acumulado': 1.0, 'factor_eventos': 1.0, 'factor_fin_de_semana': 1.0, 'factor_franja_tarde': 1.0, 'factor_global': 1.0, 'factor_movilidad_ciudad': 1.0, 'factor_obras_construccion': 1.0, 'factor_zona_norte': 1.0}"
BAHÍA LOS PINOS,19,2026-04-28 19:00:00,ZONA_NORTE,tarde,57.458,57.458,1.0,0.85,0.0,🟢 NORMAL,65.946,39.409,"{'factor_calor_acumulado': 1.0, 'factor_eventos': 1.0, 'factor_fin_de_semana': 1.0, 'factor_franja_tarde': 1.0, 'factor_global': 1.0, 'factor_movilidad_ciudad': 1.0, 'factor_obras_construccion': 1.0, 'factor_zona_norte': 1.0}"
BAHÍA LOS PINOS,20,2026-04-28 20:00:00,ZONA_NORTE,tarde,55.735,55.735,1.0,0.85,0.0,🟢 NORMAL,80.6,48.166,"{'factor_calor_acumulado': 1.0, 'factor_eventos': 1.0, 'factor_fin_de_semana': 1.0, 'factor_franja_tarde': 1.0, 'factor_global': 1.0, 'factor_movilidad_ciudad': 1.0, 'factor_obras_construccion': 1.0, 'factor_zona_norte': 1.0}"
BAHÍA LOS PINOS,21,2026-04-28 21:00:00,ZONA_NORTE,tarde,60.954,60.954,1.0,0.85,0.0,🟢 NORMAL,87.927,52.545,"{'factor_calor_acumulado': 1.0, 'factor_eventos': 1.0, 'factor_fin_de_semana': 1.0, 'factor_franja_tarde': 1.0, 'factor_global': 1.0, 'factor_movilidad_ciudad': 1.0, 'factor_obras_construccion': 1.0, 'factor_zona_norte': 1.0}"
BAHÍA LOS PINOS,22,2026-04-28 22:00:00,ZONA_NORTE,noche,55.732,55.557,0.9969,0.85,-0.31,🟢 NORMAL,65.946,39.409,"{'factor_eventos': 1.0, 'factor_fin_de_semana': 1.0, 'factor_franja_noche': 0.95, 'factor_global': 1.0, 'factor_movilidad_ciudad': 1.0, 'factor_obras_construccion': 1.0, 'factor_zona_norte': 1.0}"
BAHÍA LOS PINOS,23,2026-04-28 23:00:00,ZONA_NORTE,noche,45.313,45.17,0.9969,0.85,-0.31,🟢 NORMAL,51.291,30.651,"{'factor_eventos': 1.0, 'factor_fin_de_semana': 1.0, 'factor_franja_noche': 0.95, 'factor_global': 1.0, 'factor_movilidad_ciudad': 1.0, 'factor_obras_construccion': 1.0, 'factor_zona_norte': 1.0}"
BENALÚA DL,0,2026-04-28 00:00:00,ZONA_CENTRO,noche,26.835,26.125,0.9735,0.85,-2.65,🟢 NORMAL,26.366,22.578,"{'factor_cruceros': 1.0, 'factor_eventos': 1.0, 'factor_fin_de_semana': 1.0, 'factor_franja_noche': 0.95, 'factor_global': 1.0, 'factor_movilidad_ciudad': 1.0, 'factor_obras_construccion': 1.0, 'factor_ocupacion_hotelera': 0.8, 'factor_zona_centro': 1.0}"
BENALÚA DL,1,2026-04-28 01:00:00,ZONA_CENTRO,noche,55.457,53.989,0.9735,0.85,-2.65,🟢 NORMAL,55.895,42.755,"{'factor_cruceros': 1.0, 'factor_eventos': 1.0, 'factor_fin_de_semana': 1.0, 'factor_franja_noche': 0.95, 'factor_global': 1.0, 'factor_movilidad_ciudad': 1.0, 'factor_obras_construccion': 1.0, 'factor_ocupacion_hotelera': 0.8, 'factor_zona_centro': 1.0}"
BENALÚA DL,2,2026-04-28 02:00:00,ZONA_CENTRO,noche,49.598,48.286,0.9735,0.85,-2.65,🟢 NORMAL,47.755,38.407,"{'factor_cruceros': 1.0, 'factor_eventos': 1.0, 'factor_fin_de_semana': 1.0, 'factor_franja_noche': 0.95, 'factor_global': 1.0, 'factor_movilidad_ciudad': 1.0, 'factor_obras_construccion': 1.0, 'factor_ocupacion_hotelera': 0.8, 'factor_zona_centro': 1.0}"
BENALÚA DL,3,2026-04-28 03:00:00,ZONA_CENTRO,noche,48.212,46.937,0.9735,0.85,-2.65,🟢 NORMAL,43.044,37.844,"{'factor_cruceros': 1.0, 'factor_eventos': 1.0, 'factor_fin_de_semana': 1.0, 'factor_franja_noche': 0.95, 'factor_global': 1.0, 'factor_movilidad_ciudad': 1.0, 'factor_obras_construccion': 1.0, 'factor_ocupacion_hotelera': 0.8, 'factor_zona_centro': 1.0}"
BENALÚA DL,4,2026-04-28 04:00:00,ZONA_CENTRO,noche,43.331,42.184,0.9735,0.85,-2.65,🟢 NORMAL,41.338,36.698,"{'factor_cruceros': 1.0, 'factor_eventos': 1.0, 'factor_fin_de_semana': 1.0, 'factor_franja_noche': 0.95, 'factor_global': 1.0, 'factor_movilidad_ciudad': 1.0, 'factor_obras_construccion': 1.0, 'factor_ocupacion_hotelera': 0.8, 'factor_zona_centro': 1.0}"
BENALÚA DL,5,2026-04-28 05:00:00,ZONA_CENTRO,noche,27.842,27.105,0.9735,0.85,-2.65,🟢 NORMAL,38.215,32.517,"{'factor_cruceros': 1.0, 'factor_eventos': 1.0, 'factor_fin_de_semana': 1.0, 'factor_franja_noche': 0.95, 'factor_global': 1.0, 'factor_movilidad_ciudad': 1.0, 'factor_obras_construccion': 1.0, 'factor_ocupacion_hotelera': 0.8, 'factor_zona_centro': 1.0}"
BENALÚA DL,6,2026-04-28 06:00:00,ZONA_CENTRO,manana,41.507,40.527,0.9764,0.85,-2.36,🟢 NORMAL,43.637,34.253,"{'factor_cruceros': 1.0, 'factor_eventos': 1.0, 'factor_fin_de_semana': 1.0, 'factor_franja_manana': 1.0, 'factor_global': 1.0, 'factor_movilidad_ciudad': 1.0, 'factor_obras_construccion': 1.0, 'factor_ocupacion_hotelera': 0.8, 'factor_zona_centro': 1.0}"
BENALÚA DL,7,2026-04-28 07:00:00,ZONA_CENTRO,manana,49.548,48.378,0.9764,0.85,-2.36,🟢 NORMAL,49.416,37.538,"{'factor_cruceros': 1.0, 'factor_eventos': 1.0, 'factor_fin_de_semana': 1.0, 'factor_franja_manana': 1.0, 'factor_global': 1.0, 'factor_movilidad_ciudad': 1.0, 'factor_obras_construccion': 1.0, 'factor_ocupacion_hotelera': 0.8, 'factor_zona_centro': 1.0}"
BENALÚA DL,8,2026-04-28 08:00:00,ZONA_CENTRO,manana,57.98,56.611,0.9764,0.85,-2.36,🟢 NORMAL,62.226,42.825,"{'factor_cruceros': 1.0, 'factor_eventos': 1.0, 'factor_fin_de_semana': 1.0, 'factor_franja_manana': 1.0, 'factor_global': 1.0, 'factor_movilidad_ciudad': 1.0, 'factor_obras_construccion': 1.0, 'factor_ocupacion_hotelera': 0.8, 'factor_zona_centro': 1.0}"
BENALÚA DL,9,2026-04-28 09:00:00,ZONA_CENTRO,manana,52.46,51.221,0.9764,0.85,-2.36,🟢 NORMAL,68.795,55.373,"{'factor_cruceros': 1.0, 'factor_eventos': 1.0, 'factor_fin_de_semana': 1.0, 'factor_franja_manana': 1.0, 'factor_global': 1.0, 'factor_movilidad_ciudad': 1.0, 'factor_obras_construccion': 1.0, 'factor_ocupacion_hotelera': 0.8, 'factor_zona_centro': 1.0}"
BENALÚA DL,10,2026-04-28 10:00:00,ZONA_CENTRO,manana,8.942,8.731,0.9764,0.85,-2.36,🟢 NORMAL,70.382,62.872,"{'factor_cruceros': 1.0, 'factor_eventos': 1.0, 'factor_fin_de_semana': 1.0, 'factor_franja_manana': 1.0, 'factor_global': 1.0, 'factor_movilidad_ciudad': 1.0, 'factor_obras_construccion': 1.0, 'factor_ocupacion_hotelera': 0.8, 'factor_zona_centro': 1.0}"
BENALÚA DL,11,2026-04-28 11:00:00,ZONA_CENTRO,manana,53.421,52.16,0.9764,0.85,-2.36,🟢 NORMAL,67.23,57.659,"{'factor_cruceros': 1.0, 'factor_eventos': 1.0, 'factor_fin_de_semana': 1.0, 'factor_franja_manana': 1.0, 'factor_global': 1.0, 'factor_movilidad_ciudad': 1.0, 'factor_obras_construccion': 1.0, 'factor_ocupacion_hotelera': 0.8, 'factor_zona_centro': 1.0}"
BENALÚA DL,12,2026-04-28 12:00:00,ZONA_CENTRO,manana,56.469,55.136,0.9764,0.85,-2.36,🟢 NORMAL,62.072,49.027,"{'factor_cruceros': 1.0, 'factor_eventos': 1.0, 'factor_fin_de_semana': 1.0, 'factor_franja_manana': 1.0, 'factor_global': 1.0, 'factor_movilidad_ciudad': 1.0, 'factor_obras_construccion': 1.0, 'factor_ocupacion_hotelera': 0.8, 'factor_zona_centro': 1.0}"
BENALÚA DL,13,2026-04-28 13:00:00,ZONA_CENTRO,manana,41.339,40.363,0.9764,0.85,-2.36,🟢 NORMAL,42.187,36.126,"{'factor_cruceros': 1.0, 'factor_eventos': 1.0, 'factor_fin_de_semana': 1.0, 'factor_franja_manana': 1.0, 'factor_global': 1.0, 'factor_movilidad_ciudad': 1.0, 'factor_obras_construccion': 1.0, 'factor_ocupacion_hotelera': 0.8, 'factor_zona_centro': 1.0}"
BENALÚA DL,14,2026-04-28 14:00:00,ZONA_CENTRO,tarde,53.845,52.843,0.9814,0.85,-1.86,🟢 NORMAL,52.733,45.157,"{'factor_calor_acumulado': 1.0, 'factor_cruceros': 1.0, 'factor_eventos': 1.0, 'factor_fin_de_semana': 1.0, 'factor_franja_tarde': 1.0, 'factor_global': 1.0, 'factor_movilidad_ciudad': 1.0, 'factor_obras_construccion': 1.0, 'factor_ocupacion_hotelera': 0.8, 'factor_zona_centro': 1.0}"
BENALÚA DL,15,2026-04-28 15:00:00,ZONA_CENTRO,tarde,48.425,47.523,0.9814,0.85,-1.86,🟢 NORMAL,47.46,40.641,"{'factor_calor_acumulado': 1.0, 'factor_cruceros': 1.0, 'factor_eventos': 1.0, 'factor_fin_de_semana': 1.0, 'factor_franja_tarde': 1.0, 'factor_global': 1.0, 'factor_movilidad_ciudad': 1.0, 'factor_obras_construccion': 1.0, 'factor_ocupacion_hotelera': 0.8, 'factor_zona_centro': 1.0}"
BENALÚA DL,16,2026-04-28 16:00:00,ZONA_CENTRO,tarde,25.025,24.559,0.9814,0.85,-1.86,🟢 NORMAL,36.914,31.61,"{'factor_calor_acumulado': 1.0, 'factor_cruceros': 1.0, 'factor_eventos': 1.0, 'factor_fin_de_semana': 1.0, 'factor_franja_tarde': 1.0, 'factor_global': 1.0, 'factor_movilidad_ciudad': 1.0, 'factor_obras_construccion': 1.0, 'factor_ocupacion_hotelera': 0.8, 'factor_zona_centro': 1.0}"
BENALÚA DL,17,2026-04-28 17:00:00,ZONA_CENTRO,tarde,712.611,699.347,0.9814,0.85,-1.86,🟢 NORMAL,31.64,27.094,"{'factor_calor_acumulado': 1.0, 'factor_cruceros': 1.0, 'factor_eventos': 1.0, 'factor_fin_de_semana': 1.0, 'factor_franja_tarde': 1.0, 'factor_global': 1.0, 'factor_movilidad_ciudad': 1.0, 'factor_obras_construccion': 1.0, 'factor_ocupacion_hotelera': 0.8, 'factor_zona_centro': 1.0}"
BENALÚA DL,18,2026-04-28 18:00:00,ZONA_CENTRO,tarde,25.025,24.559,0.9814,0.85,-1.86,🟢 NORMAL,36.914,31.61,"{'factor_calor_acumulado': 1.0, 'factor_cruceros': 1.0, 'factor_eventos': 1.0, 'factor_fin_de_semana': 1.0, 'factor_franja_tarde': 1.0, 'factor_global': 1.0, 'factor_movilidad_ciudad': 1.0, 'factor_obras_construccion': 1.0, 'factor_ocupacion_hotelera': 0.8, 'factor_zona_centro': 1.0}"
BENALÚA DL,19,2026-04-28 19:00:00,ZONA_CENTRO,tarde,48.425,47.523,0.9814,0.85,-1.86,🟢 NORMAL,47.46,40.641,"{'factor_calor_acumulado': 1.0, 'factor_cruceros': 1.0, 'factor_eventos': 1.0, 'factor_fin_de_semana': 1.0, 'factor_franja_tarde': 1.0, 'factor_global': 1.0, 'factor_movilidad_ciudad': 1.0, 'factor_obras_construccion': 1.0, 'factor_ocupacion_hotelera': 0.8, 'factor_zona_centro': 1.0}"
BENALÚA DL,20,2026-04-28 20:00:00,ZONA_CENTRO,tarde,56.337,55.288,0.9814,0.85,-1.86,🟢 NORMAL,58.007,49.673,"{'factor_calor_acumulado': 1.0, 'factor_cruceros': 1.0, 'factor_eventos': 1.0, 'factor_fin_de_semana': 1.0, 'factor_franja_tarde': 1.0, 'factor_global': 1.0, 'factor_movilidad_ciudad': 1.0, 'factor_obras_construccion': 1.0, 'factor_ocupacion_hotelera': 0.8, 'factor_zona_centro': 1.0}"
BENALÚA DL,21,2026-04-28 21:00:00,ZONA_CENTRO,tarde,195.878,192.232,0.9814,0.85,-1.86,🟢 NORMAL,63.28,54.188,"{'factor_calor_acumulado': 1.0, 'factor_cruceros': 1.0, 'factor_eventos': 1.0, 'factor_fin_de_semana': 1.0, 'factor_franja_tarde': 1.0, 'factor_global': 1.0, 'factor_movilidad_ciudad': 1.0, 'factor_obras_construccion': 1.0, 'factor_ocupacion_hotelera': 0.8, 'factor_zona_centro': 1.0}"
BENALÚA DL,22,2026-04-28 22:00:00,ZONA_CENTRO,noche,46.699,45.463,0.9735,0.85,-2.65,🟢 NORMAL,47.46,40.641,"{'factor_cruceros': 1.0, 'factor_eventos': 1.0, 'factor_fin_de_semana': 1.0, 'factor_franja_noche': 0.95, 'factor_global': 1.0, 'factor_movilidad_ciudad': 1.0, 'factor_obras_construccion': 1.0, 'factor_ocupacion_hotelera': 0.8, 'factor_zona_centro': 1.0}"
BENALÚA DL,23,2026-04-28 23:00:00,ZONA_CENTRO,noche,23.299,22.683,0.9735,0.85,-2.65,🟢 NORMAL,36.914,31.61,"{'factor_cruceros': 1.0, 'factor_eventos': 1.0, 'factor_fin_de_semana': 1.0, 'factor_franja_noche': 0.95, 'factor_global': 1.0, 'factor_movilidad_ciudad': 1.0, 'factor_obras_construccion': 1.0, 'factor_ocupacion_hotelera': 0.8, 'factor_zona_centro': 1.0}"
Bº GRANADA 1,0,2026-04-28 00:00:00,ZONA_NORTE,noche,13.922,13.878,0.9969,0.85,-0.31,🟢 NORMAL,16.676,7.071,"{'factor_eventos': 1.0, 'factor_fin_de_semana': 1.0, 'factor_franja_noche': 0.95, 'factor_global': 1.0, 'factor_movilidad_ciudad': 1.0, 'factor_obras_construccion': 1.0, 'factor_zona_norte': 1.0}"
Bº GRANADA 1,1,2026-04-28 01:00:00,ZONA_NORTE,noche,21.504,21.436,0.9969,0.85,-0.31,🟢 NORMAL,26.565,6.92,"{'factor_eventos': 1.0, 'factor_fin_de_semana': 1.0, 'factor_franja_noche': 0.95, 'factor_global': 1.0, 'factor_movilidad_ciudad': 1.0, 'factor_obras_construccion': 1.0, 'factor_zona_norte': 1.0}"
Bº GRANADA 1,2,2026-04-28 02:00:00,ZONA_NORTE,noche,21.504,21.436,0.9969,0.85,-0.31,🟢 NORMAL,27.385,7.75,"{'factor_eventos': 1.0, 'factor_fin_de_semana': 1.0, 'factor_franja_noche': 0.95, 'factor_global': 1.0, 'factor_movilidad_ciudad': 1.0, 'factor_obras_construccion': 1.0, 'factor_zona_norte': 1.0}"
Bº GRANADA 1,3,2026-04-28 03:00:00,ZONA_NORTE,noche,19.878,19.816,0.9969,0.85,-0.31,🟢 NORMAL,26.98,6.435,"{'factor_eventos': 1.0, 'factor_fin_de_semana': 1.0, 'factor_franja_noche': 0.95, 'factor_global': 1.0, 'factor_movilidad_ciudad': 1.0, 'factor_obras_construccion': 1.0, 'factor_zona_norte': 1.0}"
Bº GRANADA 1,4,2026-04-28 04:00:00,ZONA_NORTE,noche,23.933,23.857,0.9969,0.85,-0.31,🟢 NORMAL,24.545,5.95,"{'factor_eventos': 1.0, 'factor_fin_de_semana': 1.0, 'factor_franja_noche': 0.95, 'factor_global': 1.0, 'factor_movilidad_ciudad': 1.0, 'factor_obras_construccion': 1.0, 'factor_zona_norte': 1.0}"
Bº GRANADA 1,5,2026-04-28 05:00:00,ZONA_NORTE,noche,28.83,28.739,0.9969,0.85,-0.31,🟢 NORMAL,23.62,5.75,"{'factor_eventos': 1.0, 'factor_fin_de_semana': 1.0, 'factor_franja_noche': 0.95, 'factor_global': 1.0, 'factor_movilidad_ciudad': 1.0, 'factor_obras_construccion': 1.0, 'factor_zona_norte': 1.0}"
Bº GRANADA 1,6,2026-04-28 06:00:00,ZONA_NORTE,manana,26.195,26.195,1.0,0.85,0.0,🟢 NORMAL,25.055,6.4,"{'factor_eventos': 1.0, 'factor_fin_de_semana': 1.0, 'factor_franja_manana': 1.0, 'factor_global': 1.0, 'factor_movilidad_ciudad': 1.0, 'factor_obras_construccion': 1.0, 'factor_zona_norte': 1.0}"
Bº GRANADA 1,7,2026-04-28 07:00:00,ZONA_NORTE,manana,25.38,25.38,1.0,0.85,0.0,🟢 NORMAL,22.65,6.132,"{'factor_eventos': 1.0, 'factor_fin_de_semana': 1.0, 'factor_franja_manana': 1.0, 'factor_global': 1.0, 'factor_movilidad_ciudad': 1.0, 'factor_obras_construccion': 1.0, 'factor_zona_norte': 1.0}"
Bº GRANADA 1,8,2026-04-28 08:00:00,ZONA_NORTE,manana,26.195,26.195,1.0,0.85,0.0,🟢 NORMAL,25.525,7.175,"{'factor_eventos': 1.0, 'factor_fin_de_semana': 1.0, 'factor_franja_manana': 1.0, 'factor_global': 1.0, 'factor_movilidad_ciudad': 1.0, 'factor_obras_construccion': 1.0, 'factor_zona_norte': 1.0}"
Bº GRANADA 1,9,2026-04-28 09:00:00,ZONA_NORTE,manana,23.766,23.766,1.0,0.85,0.0,🟢 NORMAL,28.53,8.568,"{'factor_eventos': 1.0, 'factor_fin_de_semana': 1.0, 'factor_franja_manana': 1.0, 'factor_global': 1.0, 'factor_movilidad_ciudad': 1.0, 'factor_obras_construccion': 1.0, 'factor_zona_norte': 1.0}"
Bº GRANADA 1,10,2026-04-28 10:00:00,ZONA_NORTE,manana,0.1,0.1,1.0,0.85,0.0,🟢 NORMAL,28.16,9.55,"{'factor_eventos': 1.0, 'factor_fin_de_semana': 1.0, 'factor_franja_manana': 1.0, 'factor_global': 1.0, 'factor_movilidad_ciudad': 1.0, 'factor_obras_construccion': 1.0, 'factor_zona_norte': 1.0}"
Bº GRANADA 1,11,2026-04-28 11:00:00,ZONA_NORTE,manana,21.633,21.633,1.0,0.85,0.0,🟢 NORMAL,27.13,8.45,"{'factor_eventos': 1.0, 'factor_fin_de_semana': 1.0, 'factor_franja_manana': 1.0, 'factor_global': 1.0, 'factor_movilidad_ciudad': 1.0, 'factor_obras_construccion': 1.0, 'factor_zona_norte': 1.0}"
Bº GRANADA 1,12,2026-04-28 12:00:00,ZONA_NORTE,manana,20.375,20.375,1.0,0.85,0.0,🟢 NORMAL,29.015,8.4,"{'factor_eventos': 1.0, 'factor_fin_de_semana': 1.0, 'factor_franja_manana': 1.0, 'factor_global': 1.0, 'factor_movilidad_ciudad': 1.0, 'factor_obras_construccion': 1.0, 'factor_zona_norte': 1.0}"
Bº GRANADA 1,13,2026-04-28 13:00:00,ZONA_NORTE,manana,21.781,21.781,1.0,0.85,0.0,🟢 NORMAL,26.683,11.314,"{'factor_eventos': 1.0, 'factor_fin_de_semana': 1.0, 'factor_franja_manana': 1.0, 'factor_global': 1.0, 'factor_movilidad_ciudad': 1.0, 'factor_obras_construccion': 1.0, 'factor_zona_norte': 1.0}"
Bº GRANADA 1,14,2026-04-28 14:00:00,ZONA_NORTE,tarde,21.493,21.493,1.0,0.85,0.0,🟢 NORMAL,33.353,14.142,"{'factor_calor_acumulado': 1.0, 'factor_eventos': 1.0, 'factor_fin_de_semana': 1.0, 'factor_franja_tarde': 1.0, 'factor_global': 1.0, 'factor_movilidad_ciudad': 1.0, 'factor_obras_construccion': 1.0, 'factor_zona_norte': 1.0}"
Bº GRANADA 1,15,2026-04-28 15:00:00,ZONA_NORTE,tarde,20.266,20.266,1.0,0.85,0.0,🟢 NORMAL,30.018,12.727,"{'factor_calor_acumulado': 1.0, 'factor_eventos': 1.0, 'factor_fin_de_semana': 1.0, 'factor_franja_tarde': 1.0, 'factor_global': 1.0, 'factor_movilidad_ciudad': 1.0, 'factor_obras_construccion': 1.0, 'factor_zona_norte': 1.0}"
Bº GRANADA 1,16,2026-04-28 16:00:00,ZONA_NORTE,tarde,21.802,21.802,1.0,0.85,0.0,🟢 NORMAL,23.348,9.899,"{'factor_calor_acumulado': 1.0, 'factor_eventos': 1.0, 'factor_fin_de_semana': 1.0, 'factor_franja_tarde': 1.0, 'factor_global': 1.0, 'factor_movilidad_ciudad': 1.0, 'factor_obras_construccion': 1.0, 'factor_zona_norte': 1.0}"
Bº GRANADA 1,17,2026-04-28 17:00:00,ZONA_NORTE,tarde,25.041,25.041,1.0,0.85,0.0,🟢 NORMAL,20.012,8.485,"{'factor_calor_acumulado': 1.0, 'factor_eventos': 1.0, 'factor_fin_de_semana': 1.0, 'factor_franja_tarde': 1.0, 'factor_global': 1.0, 'factor_movilidad_ciudad': 1.0, 'factor_obras_construccion': 1.0, 'factor_zona_norte': 1.0}"
Bº GRANADA 1,18,2026-04-28 18:00:00,ZONA_NORTE,tarde,21.802,21.802,1.0,0.85,0.0,🟢 NORMAL,23.348,9.899,"{'factor_calor_acumulado': 1.0, 'factor_eventos': 1.0, 'factor_fin_de_semana': 1.0, 'factor_franja_tarde': 1.0, 'factor_global': 1.0, 'factor_movilidad_ciudad': 1.0, 'factor_obras_construccion': 1.0, 'factor_zona_norte': 1.0}"
Bº GRANADA 1,19,2026-04-28 19:00:00,ZONA_NORTE,tarde,20.266,20.266,1.0,0.85,0.0,🟢 NORMAL,30.018,12.727,"{'factor_calor_acumulado': 1.0, 'factor_eventos': 1.0, 'factor_fin_de_semana': 1.0, 'factor_franja_tarde': 1.0, 'factor_global': 1.0, 'factor_movilidad_ciudad': 1.0, 'factor_obras_construccion': 1.0, 'factor_zona_norte': 1.0}"
Bº GRANADA 1,20,2026-04-28 20:00:00,ZONA_NORTE,tarde,0.1,0.1,1.0,0.85,0.0,🟢 NORMAL,36.688,15.556,"{'factor_calor_acumulado': 1.0, 'factor_eventos': 1.0, 'factor_fin_de_semana': 1.0, 'factor_franja_tarde': 1.0, 'factor_global': 1.0, 'factor_movilidad_ciudad': 1.0, 'factor_obras_construccion': 1.0, 'factor_zona_norte': 1.0}"
Bº GRANADA 1,21,2026-04-28 21:00:00,ZONA_NORTE,tarde,696.715,696.715,1.0,0.85,0.0,🟢 NORMAL,40.024,16.97,"{'factor_calor_acumulado': 1.0, 'factor_eventos': 1.0, 'factor_fin_de_semana': 1.0, 'factor_franja_tarde': 1.0, 'factor_global': 1.0, 'factor_movilidad_ciudad': 1.0, 'factor_obras_construccion': 1.0, 'factor_zona_norte': 1.0}"
Bº GRANADA 1,22,2026-04-28 22:00:00,ZONA_NORTE,noche,19.759,19.697,0.9969,0.85,-0.31,🟢 NORMAL,30.018,12.727,"{'factor_eventos': 1.0, 'factor_fin_de_semana': 1.0, 'factor_franja_noche': 0.95, 'factor_global': 1.0, 'factor_movilidad_ciudad': 1.0, 'factor_obras_construccion': 1.0, 'factor_zona_norte': 1.0}"
Bº GRANADA 1,23,2026-04-28 23:00:00,ZONA_NORTE,noche,22.218,22.148,0.9969,0.85,-0.31,🟢 NORMAL,23.348,9.899,"{'factor_eventos': 1.0, 'factor_fin_de_semana': 1.0, 'factor_franja_noche': 0.95, 'factor_global': 1.0, 'factor_movilidad_ciudad': 1.0, 'factor_obras_construccion': 1.0, 'factor_zona_norte': 1.0}"
Bº LOS ÁNGELES,0,2026-04-28 00:00:00,ZONA_NORTE,noche,18.204,18.146,0.9969,0.85,-0.31,🟢 NORMAL,15.159,9.984,"{'factor_eventos': 1.0, 'factor_fin_de_semana': 1.0, 'factor_franja_noche': 0.95, 'factor_global': 1.0, 'factor_movilidad_ciudad': 1.0, 'factor_obras_construccion': 1.0, 'factor_zona_norte': 1.0}"
Bº LOS ÁNGELES,1,2026-04-28 01:00:00,ZONA_NORTE,noche,0.1,0.1,0.9969,0.85,-0.31,🟢 NORMAL,34.582,25.831,"{'factor_eventos': 1.0, 'factor_fin_de_semana': 1.0, 'factor_franja_noche': 0.95, 'factor_global': 1.0, 'factor_movilidad_ciudad': 1.0, 'factor_obras_construccion': 1.0, 'factor_zona_norte': 1.0}"
Bº LOS ÁNGELES,2,2026-04-28 02:00:00,ZONA_NORTE,noche,0.1,0.1,0.9969,0.85,-0.31,🟢 NORMAL,30.579,24.899,"{'factor_eventos': 1.0, 'factor_fin_de_semana': 1.0, 'factor_franja_noche': 0.95, 'factor_global': 1.0, 'factor_movilidad_ciudad': 1.0, 'factor_obras_construccion': 1.0, 'factor_zona_norte': 1.0}"
Bº LOS ÁNGELES,3,2026-04-28 03:00:00,ZONA_NORTE,noche,0.1,0.1,0.9969,0.85,-0.31,🟢 NORMAL,29.099,24.491,"{'factor_eventos': 1.0, 'factor_fin_de_semana': 1.0, 'factor_franja_noche': 0.95, 'factor_global': 1.0, 'factor_movilidad_ciudad': 1.0, 'factor_obras_construccion': 1.0, 'factor_zona_norte': 1.0}"
Bº LOS ÁNGELES,4,2026-04-28 04:00:00,ZONA_NORTE,noche,16.825,16.772,0.9969,0.85,-0.31,🟢 NORMAL,26.757,22.41,"{'factor_eventos': 1.0, 'factor_fin_de_semana': 1.0, 'factor_franja_noche': 0.95, 'factor_global': 1.0, 'factor_movilidad_ciudad': 1.0, 'factor_obras_construccion': 1.0, 'factor_zona_norte': 1.0}"
Bº LOS ÁNGELES,5,2026-04-28 05:00:00,ZONA_NORTE,noche,51.867,51.703,0.9969,0.85,-0.31,🟢 NORMAL,23.414,19.772,"{'factor_eventos': 1.0, 'factor_fin_de_semana': 1.0, 'factor_franja_noche': 0.95, 'factor_global': 1.0, 'factor_movilidad_ciudad': 1.0, 'factor_obras_construccion': 1.0, 'factor_zona_norte': 1.0}"
Bº LOS ÁNGELES,6,2026-04-28 06:00:00,ZONA_NORTE,manana,19.462,19.462,1.0,0.85,0.0,🟢 NORMAL,25.975,21.084,"{'factor_eventos': 1.0, 'factor_fin_de_semana': 1.0, 'factor_franja_manana': 1.0, 'factor_global': 1.0, 'factor_movilidad_ciudad': 1.0, 'factor_obras_construccion': 1.0, 'factor_zona_norte': 1.0}"
Bº LOS ÁNGELES,7,2026-04-28 07:00:00,ZONA_NORTE,manana,0.1,0.1,1.0,0.85,0.0,🟢 NORMAL,29.614,23.369,"{'factor_eventos': 1.0, 'factor_fin_de_semana': 1.0, 'factor_franja_manana': 1.0, 'factor_global': 1.0, 'factor_movilidad_ciudad': 1.0, 'factor_obras_construccion': 1.0, 'factor_zona_norte': 1.0}"
Bº LOS ÁNGELES,8,2026-04-28 08:00:00,ZONA_NORTE,manana,24.392,24.392,1.0,0.85,0.0,🟢 NORMAL,39.371,27.646,"{'factor_eventos': 1.0, 'factor_fin_de_semana': 1.0, 'factor_franja_manana': 1.0, 'factor_global': 1.0, 'factor_movilidad_ciudad': 1.0, 'factor_obras_construccion': 1.0, 'factor_zona_norte': 1.0}"
Bº LOS ÁNGELES,9,2026-04-28 09:00:00,ZONA_NORTE,manana,45.989,45.989,1.0,0.85,0.0,🟢 NORMAL,43.644,35.563,"{'factor_eventos': 1.0, 'factor_fin_de_semana': 1.0, 'factor_franja_manana': 1.0, 'factor_global': 1.0, 'factor_movilidad_ciudad': 1.0, 'factor_obras_construccion': 1.0, 'factor_zona_norte': 1.0}"
Bº LOS ÁNGELES,10,2026-04-28 10:00:00,ZONA_NORTE,manana,0.1,0.1,1.0,0.85,0.0,🟢 NORMAL,43.272,38.951,"{'factor_eventos': 1.0, 'factor_fin_de_semana': 1.0, 'factor_franja_manana': 1.0, 'factor_global': 1.0, 'factor_movilidad_ciudad': 1.0, 'factor_obras_construccion': 1.0, 'factor_zona_norte': 1.0}"
Bº LOS ÁNGELES,11,2026-04-28 11:00:00,ZONA_NORTE,manana,38.648,38.648,1.0,0.85,0.0,🟢 NORMAL,42.601,35.034,"{'factor_eventos': 1.0, 'factor_fin_de_semana': 1.0, 'factor_franja_manana': 1.0, 'factor_global': 1.0, 'factor_movilidad_ciudad': 1.0, 'factor_obras_construccion': 1.0, 'factor_zona_norte': 1.0}"
Bº LOS ÁNGELES,12,2026-04-28 12:00:00,ZONA_NORTE,manana,22.414,22.414,1.0,0.85,0.0,🟢 NORMAL,39.188,30.302,"{'factor_eventos': 1.0, 'factor_fin_de_semana': 1.0, 'factor_franja_manana': 1.0, 'factor_global': 1.0, 'factor_movilidad_ciudad': 1.0, 'factor_obras_construccion': 1.0, 'factor_zona_norte': 1.0}"
Bº LOS ÁNGELES,13,2026-04-28 13:00:00,ZONA_NORTE,manana,21.781,21.781,1.0,0.85,0.0,🟢 NORMAL,24.255,15.973,"{'factor_eventos': 1.0, 'factor_fin_de_semana': 1.0, 'factor_franja_manana': 1.0, 'factor_global': 1.0, 'factor_movilidad_ciudad': 1.0, 'factor_obras_construccion': 1.0, 'factor_zona_norte': 1.0}"
Bº LOS ÁNGELES,14,2026-04-28 14:00:00,ZONA_NORTE,tarde,7.549,7.549,1.0,0.85,0.0,🟢 NORMAL,30.319,19.967,"{'factor_calor_acumulado': 1.0, 'factor_eventos': 1.0, 'factor_fin_de_semana': 1.0, 'factor_franja_tarde': 1.0, 'factor_global': 1.0, 'factor_movilidad_ciudad': 1.0, 'factor_obras_construccion': 1.0, 'factor_zona_norte': 1.0}"
Bº LOS ÁNGELES,15,2026-04-28 15:00:00,ZONA_NORTE,tarde,24.198,24.198,1.0,0.85,0.0,🟢 NORMAL,27.287,17.97,"{'factor_calor_acumulado': 1.0, 'factor_eventos': 1.0, 'factor_fin_de_semana': 1.0, 'factor_franja_tarde': 1.0, 'factor_global': 1.0, 'factor_movilidad_ciudad': 1.0, 'factor_obras_construccion': 1.0, 'factor_zona_norte': 1.0}"
Bº LOS ÁNGELES,16,2026-04-28 16:00:00,ZONA_NORTE,tarde,23.428,23.428,1.0,0.85,0.0,🟢 NORMAL,21.223,13.977,"{'factor_calor_acumulado': 1.0, 'factor_eventos': 1.0, 'factor_fin_de_semana': 1.0, 'factor_franja_tarde': 1.0, 'factor_global': 1.0, 'factor_movilidad_ciudad': 1.0, 'factor_obras_construccion': 1.0, 'factor_zona_norte': 1.0}"
Bº LOS ÁNGELES,17,2026-04-28 17:00:00,ZONA_NORTE,tarde,25.844,25.844,1.0,0.85,0.0,🟢 NORMAL,18.191,11.98,"{'factor_calor_acumulado': 1.0, 'factor_eventos': 1.0, 'factor_fin_de_semana': 1.0, 'factor_franja_tarde': 1.0, 'factor_global': 1.0, 'factor_movilidad_ciudad': 1.0, 'factor_obras_construccion': 1.0, 'factor_zona_norte': 1.0}"
Bº LOS ÁNGELES,18,2026-04-28 18:00:00,ZONA_NORTE,tarde,23.428,23.428,1.0,0.85,0.0,🟢 NORMAL,21.223,13.977,"{'factor_calor_acumulado': 1.0, 'factor_eventos': 1.0, 'factor_fin_de_semana': 1.0, 'factor_franja_tarde': 1.0, 'factor_global': 1.0, 'factor_movilidad_ciudad': 1.0, 'factor_obras_construccion': 1.0, 'factor_zona_norte': 1.0}"
Bº LOS ÁNGELES,19,2026-04-28 19:00:00,ZONA_NORTE,tarde,24.198,24.198,1.0,0.85,0.0,🟢 NORMAL,27.287,17.97,"{'factor_calor_acumulado': 1.0, 'factor_eventos': 1.0, 'factor_fin_de_semana': 1.0, 'factor_franja_tarde': 1.0, 'factor_global': 1.0, 'factor_movilidad_ciudad': 1.0, 'factor_obras_construccion': 1.0, 'factor_zona_norte': 1.0}"
Bº LOS ÁNGELES,20,2026-04-28 20:00:00,ZONA_NORTE,tarde,0.1,0.1,1.0,0.85,0.0,🟢 NORMAL,33.351,21.963,"{'factor_calor_acumulado': 1.0, 'factor_eventos': 1.0, 'factor_fin_de_semana': 1.0, 'factor_franja_tarde': 1.0, 'factor_global': 1.0, 'factor_movilidad_ciudad': 1.0, 'factor_obras_construccion': 1.0, 'factor_zona_norte': 1.0}"
Bº LOS ÁNGELES,21,2026-04-28 21:00:00,ZONA_NORTE,tarde,852.954,852.954,1.0,0.85,0.0,🟢 NORMAL,36.382,23.96,"{'factor_calor_acumulado': 1.0, 'factor_eventos': 1.0, 'factor_fin_de_semana': 1.0, 'factor_franja_tarde': 1.0, 'factor_global': 1.0, 'factor_movilidad_ciudad': 1.0, 'factor_obras_construccion': 1.0, 'factor_zona_norte': 1.0}"
Bº LOS ÁNGELES,22,2026-04-28 22:00:00,ZONA_NORTE,noche,23.691,23.616,0.9969,0.85,-0.31,🟢 NORMAL,27.287,17.97,"{'factor_eventos': 1.0, 'factor_fin_de_semana': 1.0, 'factor_franja_noche': 0.95, 'factor_global': 1.0, 'factor_movilidad_ciudad': 1.0, 'factor_obras_construccion': 1.0, 'factor_zona_norte': 1.0}"
Bº LOS ÁNGELES,23,2026-04-28 23:00:00,ZONA_NORTE,noche,23.843,23.768,0.9969,0.85,-0.31,🟢 NORMAL,21.223,13.977,"{'factor_eventos': 1.0, 'factor_fin_de_semana': 1.0, 'factor_franja_noche': 0.95, 'factor_global': 1.0, 'factor_movilidad_ciudad': 1.0, 'factor_obras_construccion': 1.0, 'factor_zona_norte': 1.0}"
CABO HUERTAS - PLAYA,0,2026-04-28 00:00:00,PLAYA_SAN_JUAN,noche,76.939,75.291,0.9786,0.85,-2.14,🟢 NORMAL,95.135,67.38,"{'factor_calor_acumulado': 1.0, 'factor_fin_de_semana': 1.0, 'factor_franja_noche': 0.95, 'factor_global': 1.0, 'factor_ocupacion_hotelera': 0.8, 'factor_playa_san_juan': 1.0, 'factor_vacaciones_escolares': 1.0, 'factor_vuelos_turismo': 1.0}"
CABO HUERTAS - PLAYA,1,2026-04-28 01:00:00,PLAYA_SAN_JUAN,noche,35.794,35.028,0.9786,0.85,-2.14,🟢 NORMAL,48.09,22.7,"{'factor_calor_acumulado': 1.0, 'factor_fin_de_semana': 1.0, 'factor_franja_noche': 0.95, 'factor_global': 1.0, 'factor_ocupacion_hotelera': 0.8, 'factor_playa_san_juan': 1.0, 'factor_vacaciones_escolares': 1.0, 'factor_vuelos_turismo': 1.0}"
CABO HUERTAS - PLAYA,2,2026-04-28 02:00:00,PLAYA_SAN_JUAN,noche,31.85,31.168,0.9786,0.85,-2.14,🟢 NORMAL,44.695,22.555,"{'factor_calor_acumulado': 1.0, 'factor_fin_de_semana': 1.0, 'factor_franja_noche': 0.95, 'factor_global': 1.0, 'factor_ocupacion_hotelera': 0.8, 'factor_playa_san_juan': 1.0, 'factor_vacaciones_escolares': 1.0, 'factor_vuelos_turismo': 1.0}"
CABO HUERTAS - PLAYA,3,2026-04-28 03:00:00,PLAYA_SAN_JUAN,noche,34.0,33.272,0.9786,0.85,-2.14,🟢 NORMAL,44.55,20.748,"{'factor_calor_acumulado': 1.0, 'factor_fin_de_semana': 1.0, 'factor_franja_noche': 0.95, 'factor_global': 1.0, 'factor_ocupacion_hotelera': 0.8, 'factor_playa_san_juan': 1.0, 'factor_vacaciones_escolares': 1.0, 'factor_vuelos_turismo': 1.0}"
CABO HUERTAS - PLAYA,4,2026-04-28 04:00:00,PLAYA_SAN_JUAN,noche,0.1,0.098,0.9786,0.85,-2.14,🟢 NORMAL,40.015,18.65,"{'factor_calor_acumulado': 1.0, 'factor_fin_de_semana': 1.0, 'factor_franja_noche': 0.95, 'factor_global': 1.0, 'factor_ocupacion_hotelera': 0.8, 'factor_playa_san_juan': 1.0, 'factor_vacaciones_escolares': 1.0, 'factor_vuelos_turismo': 1.0}"
CABO HUERTAS - PLAYA,5,2026-04-28 05:00:00,PLAYA_SAN_JUAN,noche,0.1,0.098,0.9786,0.85,-2.14,🟢 NORMAL,42.18,15.9,"{'factor_calor_acumulado': 1.0, 'factor_fin_de_semana': 1.0, 'factor_franja_noche': 0.95, 'factor_global': 1.0, 'factor_ocupacion_hotelera': 0.8, 'factor_playa_san_juan': 1.0, 'factor_vacaciones_escolares': 1.0, 'factor_vuelos_turismo': 1.0}"
CABO HUERTAS - PLAYA,6,2026-04-28 06:00:00,PLAYA_SAN_JUAN,manana,18.781,18.337,0.9764,0.85,-2.36,🟢 NORMAL,31.255,14.798,"{'factor_calor_acumulado': 1.0, 'factor_fin_de_semana': 1.0, 'factor_franja_manana': 1.0, 'factor_global': 1.0, 'factor_ocupacion_hotelera': 0.8, 'factor_playa_san_juan': 1.0, 'factor_vacaciones_escolares': 1.0, 'factor_vuelos_turismo': 1.0}"
CABO HUERTAS - PLAYA,7,2026-04-28 07:00:00,PLAYA_SAN_JUAN,manana,159.944,156.168,0.9764,0.85,-2.36,🟢 NORMAL,34.435,16.4,"{'factor_calor_acumulado': 1.0, 'factor_fin_de_semana': 1.0, 'factor_franja_manana': 1.0, 'factor_global': 1.0, 'factor_ocupacion_hotelera': 0.8, 'factor_playa_san_juan': 1.0, 'factor_vacaciones_escolares': 1.0, 'factor_vuelos_turismo': 1.0}"
CABO HUERTAS - PLAYA,8,2026-04-28 08:00:00,PLAYA_SAN_JUAN,manana,13.063,12.754,0.9764,0.85,-2.36,🟢 NORMAL,41.51,21.395,"{'factor_calor_acumulado': 1.0, 'factor_fin_de_semana': 1.0, 'factor_franja_manana': 1.0, 'factor_global': 1.0, 'factor_ocupacion_hotelera': 0.8, 'factor_playa_san_juan': 1.0, 'factor_vacaciones_escolares': 1.0, 'factor_vuelos_turismo': 1.0}"
CABO HUERTAS - PLAYA,9,2026-04-28 09:00:00,PLAYA_SAN_JUAN,manana,37.564,36.677,0.9764,0.85,-2.36,🟢 NORMAL,48.875,24.7,"{'factor_calor_acumulado': 1.0, 'factor_fin_de_semana': 1.0, 'factor_franja_manana': 1.0, 'factor_global': 1.0, 'factor_ocupacion_hotelera': 0.8, 'factor_playa_san_juan': 1.0, 'factor_vacaciones_escolares': 1.0, 'factor_vuelos_turismo': 1.0}"
CABO HUERTAS - PLAYA,10,2026-04-28 10:00:00,PLAYA_SAN_JUAN,manana,0.1,0.098,0.9764,0.85,-2.36,🟢 NORMAL,47.8,25.712,"{'factor_calor_acumulado': 1.0, 'factor_fin_de_semana': 1.0, 'factor_franja_manana': 1.0, 'factor_global': 1.0, 'factor_ocupacion_hotelera': 0.8, 'factor_playa_san_juan': 1.0, 'factor_vacaciones_escolares': 1.0, 'factor_vuelos_turismo': 1.0}"
CABO HUERTAS - PLAYA,11,2026-04-28 11:00:00,PLAYA_SAN_JUAN,manana,22.414,21.885,0.9764,0.85,-2.36,🟢 NORMAL,46.15,25.975,"{'factor_calor_acumulado': 1.0, 'factor_fin_de_semana': 1.0, 'factor_franja_manana': 1.0, 'factor_global': 1.0, 'factor_ocupacion_hotelera': 0.8, 'factor_playa_san_juan': 1.0, 'factor_vacaciones_escolares': 1.0, 'factor_vuelos_turismo': 1.0}"
CABO HUERTAS - PLAYA,12,2026-04-28 12:00:00,PLAYA_SAN_JUAN,manana,22.397,21.868,0.9764,0.85,-2.36,🟢 NORMAL,43.99,25.08,"{'factor_calor_acumulado': 1.0, 'factor_fin_de_semana': 1.0, 'factor_franja_manana': 1.0, 'factor_global': 1.0, 'factor_ocupacion_hotelera': 0.8, 'factor_playa_san_juan': 1.0, 'factor_vacaciones_escolares': 1.0, 'factor_vuelos_turismo': 1.0}"
CABO HUERTAS - PLAYA,13,2026-04-28 13:00:00,PLAYA_SAN_JUAN,manana,131.704,128.594,0.9764,0.85,-2.36,🟢 NORMAL,152.216,107.808,"{'factor_calor_acumulado': 1.0, 'factor_fin_de_semana': 1.0, 'factor_franja_manana': 1.0, 'factor_global': 1.0, 'factor_ocupacion_hotelera': 0.8, 'factor_playa_san_juan': 1.0, 'factor_vacaciones_escolares': 1.0, 'factor_vuelos_turismo': 1.0}"
CABO HUERTAS - PLAYA,14,2026-04-28 14:00:00,PLAYA_SAN_JUAN,tarde,160.197,157.215,0.9814,0.85,-1.86,🟢 NORMAL,190.27,134.759,"{'factor_calor_acumulado': 1.0, 'factor_fin_de_semana': 1.0, 'factor_franja_tarde': 1.0, 'factor_global': 1.0, 'factor_ocupacion_hotelera': 0.8, 'factor_playa_san_juan': 1.0, 'factor_vacaciones_escolares': 1.0, 'factor_vuelos_turismo': 1.0}"
CABO HUERTAS - PLAYA,15,2026-04-28 15:00:00,PLAYA_SAN_JUAN,tarde,151.077,148.265,0.9814,0.85,-1.86,🟢 NORMAL,171.243,121.284,"{'factor_calor_acumulado': 1.0, 'factor_fin_de_semana': 1.0, 'factor_franja_tarde': 1.0, 'factor_global': 1.0, 'factor_ocupacion_hotelera': 0.8, 'factor_playa_san_juan': 1.0, 'factor_vacaciones_escolares': 1.0, 'factor_vuelos_turismo': 1.0}"
CABO HUERTAS - PLAYA,16,2026-04-28 16:00:00,PLAYA_SAN_JUAN,tarde,118.086,115.888,0.9814,0.85,-1.86,🟢 NORMAL,133.189,94.332,"{'factor_calor_acumulado': 1.0, 'factor_fin_de_semana': 1.0, 'factor_franja_tarde': 1.0, 'factor_global': 1.0, 'factor_ocupacion_hotelera': 0.8, 'factor_playa_san_juan': 1.0, 'factor_vacaciones_escolares': 1.0, 'factor_vuelos_turismo': 1.0}"
CABO HUERTAS - PLAYA,17,2026-04-28 17:00:00,PLAYA_SAN_JUAN,tarde,97.086,95.279,0.9814,0.85,-1.86,🟢 NORMAL,114.162,80.856,"{'factor_calor_acumulado': 1.0, 'factor_fin_de_semana': 1.0, 'factor_franja_tarde': 1.0, 'factor_global': 1.0, 'factor_ocupacion_hotelera': 0.8, 'factor_playa_san_juan': 1.0, 'factor_vacaciones_escolares': 1.0, 'factor_vuelos_turismo': 1.0}"
CABO HUERTAS - PLAYA,18,2026-04-28 18:00:00,PLAYA_SAN_JUAN,tarde,118.086,115.888,0.9814,0.85,-1.86,🟢 NORMAL,133.189,94.332,"{'factor_calor_acumulado': 1.0, 'factor_fin_de_semana': 1.0, 'factor_franja_tarde': 1.0, 'factor_global': 1.0, 'factor_ocupacion_hotelera': 0.8, 'factor_playa_san_juan': 1.0, 'factor_vacaciones_escolares': 1.0, 'factor_vuelos_turismo': 1.0}"
CABO HUERTAS - PLAYA,19,2026-04-28 19:00:00,PLAYA_SAN_JUAN,tarde,151.077,148.265,0.9814,0.85,-1.86,🟢 NORMAL,171.243,121.284,"{'factor_calor_acumulado': 1.0, 'factor_fin_de_semana': 1.0, 'factor_franja_tarde': 1.0, 'factor_global': 1.0, 'factor_ocupacion_hotelera': 0.8, 'factor_playa_san_juan': 1.0, 'factor_vacaciones_escolares': 1.0, 'factor_vuelos_turismo': 1.0}"
CABO HUERTAS - PLAYA,20,2026-04-28 20:00:00,PLAYA_SAN_JUAN,tarde,171.533,168.34,0.9814,0.85,-1.86,🟢 NORMAL,209.297,148.236,"{'factor_calor_acumulado': 1.0, 'factor_fin_de_semana': 1.0, 'factor_franja_tarde': 1.0, 'factor_global': 1.0, 'factor_ocupacion_hotelera': 0.8, 'factor_playa_san_juan': 1.0, 'factor_vacaciones_escolares': 1.0, 'factor_vuelos_turismo': 1.0}"
CABO HUERTAS - PLAYA,21,2026-04-28 21:00:00,PLAYA_SAN_JUAN,tarde,189.538,186.01,0.9814,0.85,-1.86,🟢 NORMAL,228.324,161.712,"{'factor_calor_acumulado': 1.0, 'factor_fin_de_semana': 1.0, 'factor_franja_tarde': 1.0, 'factor_global': 1.0, 'factor_ocupacion_hotelera': 0.8, 'factor_playa_san_juan': 1.0, 'factor_vacaciones_escolares': 1.0, 'factor_vuelos_turismo': 1.0}"
CABO HUERTAS - PLAYA,22,2026-04-28 22:00:00,PLAYA_SAN_JUAN,noche,149.351,146.153,0.9786,0.85,-2.14,🟢 NORMAL,171.243,121.284,"{'factor_calor_acumulado': 1.0, 'factor_fin_de_semana': 1.0, 'factor_franja_noche': 0.95, 'factor_global': 1.0, 'factor_ocupacion_hotelera': 0.8, 'factor_playa_san_juan': 1.0, 'factor_vacaciones_escolares': 1.0, 'factor_vuelos_turismo': 1.0}"
CABO HUERTAS - PLAYA,23,2026-04-28 23:00:00,PLAYA_SAN_JUAN,noche,116.36,113.869,0.9786,0.85,-2.14,🟢 NORMAL,133.189,94.332,"{'factor_calor_acumulado': 1.0, 'factor_fin_de_semana': 1.0, 'factor_franja_noche': 0.95, 'factor_global': 1.0, 'factor_ocupacion_hotelera': 0.8, 'factor_playa_san_juan': 1.0, 'factor_vacaciones_escolares': 1.0, 'factor_vuelos_turismo': 1.0}"
CENTRO COMERCIAL GRAN VÍA,0,2026-04-28 00:00:00,ZONA_CENTRO,noche,6.935,6.752,0.9735,0.85,-2.65,🟢 NORMAL,3.949,2.85,"{'factor_cruceros': 1.0, 'factor_eventos': 1.0, 'factor_fin_de_semana': 1.0, 'factor_franja_noche': 0.95, 'factor_global': 1.0, 'factor_movilidad_ciudad': 1.0, 'factor_obras_construccion': 1.0, 'factor_ocupacion_hotelera': 0.8, 'factor_zona_centro': 1.0}"
CENTRO COMERCIAL GRAN VÍA,1,2026-04-28 01:00:00,ZONA_CENTRO,noche,26.464,25.763,0.9735,0.85,-2.65,🟢 NORMAL,31.025,19.827,"{'factor_cruceros': 1.0, 'factor_eventos': 1.0, 'factor_fin_de_semana': 1.0, 'factor_franja_noche': 0.95, 'factor_global': 1.0, 'factor_movilidad_ciudad': 1.0, 'factor_obras_construccion': 1.0, 'factor_ocupacion_hotelera': 0.8, 'factor_zona_centro': 1.0}"
CENTRO COMERCIAL GRAN VÍA,2,2026-04-28 02:00:00,ZONA_CENTRO,noche,17.372,16.913,0.9735,0.85,-2.65,🟢 NORMAL,31.49,17.775,"{'factor_cruceros': 1.0, 'factor_eventos': 1.0, 'factor_fin_de_semana': 1.0, 'factor_franja_noche': 0.95, 'factor_global': 1.0, 'factor_movilidad_ciudad': 1.0, 'factor_obras_construccion': 1.0, 'factor_ocupacion_hotelera': 0.8, 'factor_zona_centro': 1.0}"
CENTRO COMERCIAL GRAN VÍA,3,2026-04-28 03:00:00,ZONA_CENTRO,noche,24.636,23.984,0.9735,0.85,-2.65,🟢 NORMAL,25.718,14.798,"{'factor_cruceros': 1.0, 'factor_eventos': 1.0, 'factor_fin_de_semana': 1.0, 'factor_franja_noche': 0.95, 'factor_global': 1.0, 'factor_movilidad_ciudad': 1.0, 'factor_obras_construccion': 1.0, 'factor_ocupacion_hotelera': 0.8, 'factor_zona_centro': 1.0}"
CENTRO COMERCIAL GRAN VÍA,4,2026-04-28 04:00:00,ZONA_CENTRO,noche,21.504,20.935,0.9735,0.85,-2.65,🟢 NORMAL,20.669,12.898,"{'factor_cruceros': 1.0, 'factor_eventos': 1.0, 'factor_fin_de_semana': 1.0, 'factor_franja_noche': 0.95, 'factor_global': 1.0, 'factor_movilidad_ciudad': 1.0, 'factor_obras_construccion': 1.0, 'factor_ocupacion_hotelera': 0.8, 'factor_zona_centro': 1.0}"
CENTRO COMERCIAL GRAN VÍA,5,2026-04-28 05:00:00,ZONA_CENTRO,noche,27.216,26.496,0.9735,0.85,-2.65,🟢 NORMAL,23.075,11.828,"{'factor_cruceros': 1.0, 'factor_eventos': 1.0, 'factor_fin_de_semana': 1.0, 'factor_franja_noche': 0.95, 'factor_global': 1.0, 'factor_movilidad_ciudad': 1.0, 'factor_obras_construccion': 1.0, 'factor_ocupacion_hotelera': 0.8, 'factor_zona_centro': 1.0}"
CENTRO COMERCIAL GRAN VÍA,6,2026-04-28 06:00:00,ZONA_CENTRO,manana,22.508,21.977,0.9764,0.85,-2.36,🟢 NORMAL,23.824,12.255,"{'factor_cruceros': 1.0, 'factor_eventos': 1.0, 'factor_fin_de_semana': 1.0, 'factor_franja_manana': 1.0, 'factor_global': 1.0, 'factor_movilidad_ciudad': 1.0, 'factor_obras_construccion': 1.0, 'factor_ocupacion_hotelera': 0.8, 'factor_zona_centro': 1.0}"
CENTRO COMERCIAL GRAN VÍA,7,2026-04-28 07:00:00,ZONA_CENTRO,manana,15.245,14.885,0.9764,0.85,-2.36,🟢 NORMAL,29.294,14.322,"{'factor_cruceros': 1.0, 'factor_eventos': 1.0, 'factor_fin_de_semana': 1.0, 'factor_franja_manana': 1.0, 'factor_global': 1.0, 'factor_movilidad_ciudad': 1.0, 'factor_obras_construccion': 1.0, 'factor_ocupacion_hotelera': 0.8, 'factor_zona_centro': 1.0}"
CENTRO COMERCIAL GRAN VÍA,8,2026-04-28 08:00:00,ZONA_CENTRO,manana,20.522,20.038,0.9764,0.85,-2.36,🟢 NORMAL,31.699,16.677,"{'factor_cruceros': 1.0, 'factor_eventos': 1.0, 'factor_fin_de_semana': 1.0, 'factor_franja_manana': 1.0, 'factor_global': 1.0, 'factor_movilidad_ciudad': 1.0, 'factor_obras_construccion': 1.0, 'factor_ocupacion_hotelera': 0.8, 'factor_zona_centro': 1.0}"
CENTRO COMERCIAL GRAN VÍA,9,2026-04-28 09:00:00,ZONA_CENTRO,manana,0.1,0.098,0.9764,0.85,-2.36,🟢 NORMAL,32.785,20.495,"{'factor_cruceros': 1.0, 'factor_eventos': 1.0, 'factor_fin_de_semana': 1.0, 'factor_franja_manana': 1.0, 'factor_global': 1.0, 'factor_movilidad_ciudad': 1.0, 'factor_obras_construccion': 1.0, 'factor_ocupacion_hotelera': 0.8, 'factor_zona_centro': 1.0}"
CENTRO COMERCIAL GRAN VÍA,10,2026-04-28 10:00:00,ZONA_CENTRO,manana,0.1,0.098,0.9764,0.85,-2.36,🟢 NORMAL,31.16,22.696,"{'factor_cruceros': 1.0, 'factor_eventos': 1.0, 'factor_fin_de_semana': 1.0, 'factor_franja_manana': 1.0, 'factor_global': 1.0, 'factor_movilidad_ciudad': 1.0, 'factor_obras_construccion': 1.0, 'factor_ocupacion_hotelera': 0.8, 'factor_zona_centro': 1.0}"
CENTRO COMERCIAL GRAN VÍA,11,2026-04-28 11:00:00,ZONA_CENTRO,manana,0.1,0.098,0.9764,0.85,-2.36,🟢 NORMAL,32.681,22.837,"{'factor_cruceros': 1.0, 'factor_eventos': 1.0, 'factor_fin_de_semana': 1.0, 'factor_franja_manana': 1.0, 'factor_global': 1.0, 'factor_movilidad_ciudad': 1.0, 'factor_obras_construccion': 1.0, 'factor_ocupacion_hotelera': 0.8, 'factor_zona_centro': 1.0}"
CENTRO COMERCIAL GRAN VÍA,12,2026-04-28 12:00:00,ZONA_CENTRO,manana,4.583,4.475,0.9764,0.85,-2.36,🟢 NORMAL,29.257,20.497,"{'factor_cruceros': 1.0, 'factor_eventos': 1.0, 'factor_fin_de_semana': 1.0, 'factor_franja_manana': 1.0, 'factor_global': 1.0, 'factor_movilidad_ciudad': 1.0, 'factor_obras_construccion': 1.0, 'factor_ocupacion_hotelera': 0.8, 'factor_zona_centro': 1.0}"
CENTRO COMERCIAL GRAN VÍA,13,2026-04-28 13:00:00,ZONA_CENTRO,manana,24.587,24.006,0.9764,0.85,-2.36,🟢 NORMAL,39.494,28.495,"{'factor_cruceros': 1.0, 'factor_eventos': 1.0, 'factor_fin_de_semana': 1.0, 'factor_franja_manana': 1.0, 'factor_global': 1.0, 'factor_movilidad_ciudad': 1.0, 'factor_obras_construccion': 1.0, 'factor_ocupacion_hotelera': 0.8, 'factor_zona_centro': 1.0}"
CENTRO COMERCIAL GRAN VÍA,14,2026-04-28 14:00:00,ZONA_CENTRO,tarde,39.659,38.921,0.9814,0.85,-1.86,🟢 NORMAL,43.444,31.344,"{'factor_calor_acumulado': 1.0, 'factor_cruceros': 1.0, 'factor_eventos': 1.0, 'factor_fin_de_semana': 1.0, 'factor_franja_tarde': 1.0, 'factor_global': 1.0, 'factor_movilidad_ciudad': 1.0, 'factor_obras_construccion': 1.0, 'factor_ocupacion_hotelera': 0.8, 'factor_zona_centro': 1.0}"
CENTRO COMERCIAL GRAN VÍA,15,2026-04-28 15:00:00,ZONA_CENTRO,tarde,25.025,24.559,0.9814,0.85,-1.86,🟢 NORMAL,39.494,28.495,"{'factor_calor_acumulado': 1.0, 'factor_cruceros': 1.0, 'factor_eventos': 1.0, 'factor_fin_de_semana': 1.0, 'factor_franja_tarde': 1.0, 'factor_global': 1.0, 'factor_movilidad_ciudad': 1.0, 'factor_obras_construccion': 1.0, 'factor_ocupacion_hotelera': 0.8, 'factor_zona_centro': 1.0}"
CENTRO COMERCIAL GRAN VÍA,16,2026-04-28 16:00:00,ZONA_CENTRO,tarde,8.572,8.412,0.9814,0.85,-1.86,🟢 NORMAL,35.544,25.646,"{'factor_calor_acumulado': 1.0, 'factor_cruceros': 1.0, 'factor_eventos': 1.0, 'factor_fin_de_semana': 1.0, 'factor_franja_tarde': 1.0, 'factor_global': 1.0, 'factor_movilidad_ciudad': 1.0, 'factor_obras_construccion': 1.0, 'factor_ocupacion_hotelera': 0.8, 'factor_zona_centro': 1.0}"
CENTRO COMERCIAL GRAN VÍA,17,2026-04-28 17:00:00,ZONA_CENTRO,tarde,8.572,8.412,0.9814,0.85,-1.86,🟢 NORMAL,35.544,25.646,"{'factor_calor_acumulado': 1.0, 'factor_cruceros': 1.0, 'factor_eventos': 1.0, 'factor_fin_de_semana': 1.0, 'factor_franja_tarde': 1.0, 'factor_global': 1.0, 'factor_movilidad_ciudad': 1.0, 'factor_obras_construccion': 1.0, 'factor_ocupacion_hotelera': 0.8, 'factor_zona_centro': 1.0}"
CENTRO COMERCIAL GRAN VÍA,18,2026-04-28 18:00:00,ZONA_CENTRO,tarde,25.025,24.559,0.9814,0.85,-1.86,🟢 NORMAL,39.494,28.495,"{'factor_calor_acumulado': 1.0, 'factor_cruceros': 1.0, 'factor_eventos': 1.0, 'factor_fin_de_semana': 1.0, 'factor_franja_tarde': 1.0, 'factor_global': 1.0, 'factor_movilidad_ciudad': 1.0, 'factor_obras_construccion': 1.0, 'factor_ocupacion_hotelera': 0.8, 'factor_zona_centro': 1.0}"
CENTRO COMERCIAL GRAN VÍA,19,2026-04-28 19:00:00,ZONA_CENTRO,tarde,40.097,39.351,0.9814,0.85,-1.86,🟢 NORMAL,43.444,31.344,"{'factor_calor_acumulado': 1.0, 'factor_cruceros': 1.0, 'factor_eventos': 1.0, 'factor_fin_de_semana': 1.0, 'factor_franja_tarde': 1.0, 'factor_global': 1.0, 'factor_movilidad_ciudad': 1.0, 'factor_obras_construccion': 1.0, 'factor_ocupacion_hotelera': 0.8, 'factor_zona_centro': 1.0}"
CENTRO COMERCIAL GRAN VÍA,20,2026-04-28 20:00:00,ZONA_CENTRO,tarde,4.791,4.702,0.9814,0.85,-1.86,🟢 NORMAL,35.544,25.646,"{'factor_calor_acumulado': 1.0, 'factor_cruceros': 1.0, 'factor_eventos': 1.0, 'factor_fin_de_semana': 1.0, 'factor_franja_tarde': 1.0, 'factor_global': 1.0, 'factor_movilidad_ciudad': 1.0, 'factor_obras_construccion': 1.0, 'factor_ocupacion_hotelera': 0.8, 'factor_zona_centro': 1.0}"
CENTRO COMERCIAL GRAN VÍA,21,2026-04-28 21:00:00,ZONA_CENTRO,tarde,12.131,11.905,0.9814,0.85,-1.86,🟢 NORMAL,23.697,17.097,"{'factor_calor_acumulado': 1.0, 'factor_cruceros': 1.0, 'factor_eventos': 1.0, 'factor_fin_de_semana': 1.0, 'factor_franja_tarde': 1.0, 'factor_global': 1.0, 'factor_movilidad_ciudad': 1.0, 'factor_obras_construccion': 1.0, 'factor_ocupacion_hotelera': 0.8, 'factor_zona_centro': 1.0}"
CENTRO COMERCIAL GRAN VÍA,22,2026-04-28 22:00:00,ZONA_CENTRO,noche,22.218,21.63,0.9735,0.85,-2.65,🟢 NORMAL,19.747,14.247,"{'factor_cruceros': 1.0, 'factor_eventos': 1.0, 'factor_fin_de_semana': 1.0, 'factor_franja_noche': 0.95, 'factor_global': 1.0, 'factor_movilidad_ciudad': 1.0, 'factor_obras_construccion': 1.0, 'factor_ocupacion_hotelera': 0.8, 'factor_zona_centro': 1.0}"
CENTRO COMERCIAL GRAN VÍA,23,2026-04-28 23:00:00,ZONA_CENTRO,noche,10.883,10.595,0.9735,0.85,-2.65,🟢 NORMAL,11.848,8.549,"{'factor_cruceros': 1.0, 'factor_eventos': 1.0, 'factor_fin_de_semana': 1.0, 'factor_franja_noche': 0.95, 'factor_global': 1.0, 'factor_movilidad_ciudad': 1.0, 'factor_obras_construccion': 1.0, 'factor_ocupacion_hotelera': 0.8, 'factor_zona_centro': 1.0}"
CIUDAD DEPORTIVA DL,0,2026-04-28 00:00:00,ZONA_NORTE,noche,56.509,56.331,0.9969,0.85,-0.31,🟢 NORMAL,58.127,41.082,"{'factor_eventos': 1.0, 'factor_fin_de_semana': 1.0, 'factor_franja_noche': 0.95, 'factor_global': 1.0, 'factor_movilidad_ciudad': 1.0, 'factor_obras_construccion': 1.0, 'factor_zona_norte': 1.0}"
CIUDAD DEPORTIVA DL,1,2026-04-28 01:00:00,ZONA_NORTE,noche,17.372,17.318,0.9969,0.85,-0.31,🟢 NORMAL,28.595,20.185,"{'factor_eventos': 1.0, 'factor_fin_de_semana': 1.0, 'factor_franja_noche': 0.95, 'factor_global': 1.0, 'factor_movilidad_ciudad': 1.0, 'factor_obras_construccion': 1.0, 'factor_zona_norte': 1.0}"
CIUDAD DEPORTIVA DL,2,2026-04-28 02:00:00,ZONA_NORTE,noche,25.864,25.782,0.9969,0.85,-0.31,🟢 NORMAL,28.53,19.0,"{'factor_eventos': 1.0, 'factor_fin_de_semana': 1.0, 'factor_franja_noche': 0.95, 'factor_global': 1.0, 'factor_movilidad_ciudad': 1.0, 'factor_obras_construccion': 1.0, 'factor_zona_norte': 1.0}"
CIUDAD DEPORTIVA DL,3,2026-04-28 03:00:00,ZONA_NORTE,noche,21.251,21.184,0.9969,0.85,-0.31,🟢 NORMAL,25.23,17.535,"{'factor_eventos': 1.0, 'factor_fin_de_semana': 1.0, 'factor_franja_noche': 0.95, 'factor_global': 1.0, 'factor_movilidad_ciudad': 1.0, 'factor_obras_construccion': 1.0, 'factor_zona_norte': 1.0}"
CIUDAD DEPORTIVA DL,4,2026-04-28 04:00:00,ZONA_NORTE,noche,21.647,21.579,0.9969,0.85,-0.31,🟢 NORMAL,25.272,16.678,"{'factor_eventos': 1.0, 'factor_fin_de_semana': 1.0, 'factor_franja_noche': 0.95, 'factor_global': 1.0, 'factor_movilidad_ciudad': 1.0, 'factor_obras_construccion': 1.0, 'factor_zona_norte': 1.0}"
CIUDAD DEPORTIVA DL,5,2026-04-28 05:00:00,ZONA_NORTE,noche,28.227,28.138,0.9969,0.85,-0.31,🟢 NORMAL,22.765,14.87,"{'factor_eventos': 1.0, 'factor_fin_de_semana': 1.0, 'factor_franja_noche': 0.95, 'factor_global': 1.0, 'factor_movilidad_ciudad': 1.0, 'factor_obras_construccion': 1.0, 'factor_zona_norte': 1.0}"
CIUDAD DEPORTIVA DL,6,2026-04-28 06:00:00,ZONA_NORTE,manana,22.558,22.558,1.0,0.85,0.0,🟢 NORMAL,24.467,15.35,"{'factor_eventos': 1.0, 'factor_fin_de_semana': 1.0, 'factor_franja_manana': 1.0, 'factor_global': 1.0, 'factor_movilidad_ciudad': 1.0, 'factor_obras_construccion': 1.0, 'factor_zona_norte': 1.0}"
CIUDAD DEPORTIVA DL,7,2026-04-28 07:00:00,ZONA_NORTE,manana,19.462,19.462,1.0,0.85,0.0,🟢 NORMAL,28.85,17.515,"{'factor_eventos': 1.0, 'factor_fin_de_semana': 1.0, 'factor_franja_manana': 1.0, 'factor_global': 1.0, 'factor_movilidad_ciudad': 1.0, 'factor_obras_construccion': 1.0, 'factor_zona_norte': 1.0}"
CIUDAD DEPORTIVA DL,8,2026-04-28 08:00:00,ZONA_NORTE,manana,0.1,0.1,1.0,0.85,0.0,🟢 NORMAL,36.232,18.902,"{'factor_eventos': 1.0, 'factor_fin_de_semana': 1.0, 'factor_franja_manana': 1.0, 'factor_global': 1.0, 'factor_movilidad_ciudad': 1.0, 'factor_obras_construccion': 1.0, 'factor_zona_norte': 1.0}"
CIUDAD DEPORTIVA DL,9,2026-04-28 09:00:00,ZONA_NORTE,manana,14.121,14.121,1.0,0.85,0.0,🟢 NORMAL,36.775,23.5,"{'factor_eventos': 1.0, 'factor_fin_de_semana': 1.0, 'factor_franja_manana': 1.0, 'factor_global': 1.0, 'factor_movilidad_ciudad': 1.0, 'factor_obras_construccion': 1.0, 'factor_zona_norte': 1.0}"
CIUDAD DEPORTIVA DL,10,2026-04-28 10:00:00,ZONA_NORTE,manana,0.1,0.1,1.0,0.85,0.0,🟢 NORMAL,35.075,27.175,"{'factor_eventos': 1.0, 'factor_fin_de_semana': 1.0, 'factor_franja_manana': 1.0, 'factor_global': 1.0, 'factor_movilidad_ciudad': 1.0, 'factor_obras_construccion': 1.0, 'factor_zona_norte': 1.0}"
CIUDAD DEPORTIVA DL,11,2026-04-28 11:00:00,ZONA_NORTE,manana,6.379,6.379,1.0,0.85,0.0,🟢 NORMAL,36.632,25.9,"{'factor_eventos': 1.0, 'factor_fin_de_semana': 1.0, 'factor_franja_manana': 1.0, 'factor_global': 1.0, 'factor_movilidad_ciudad': 1.0, 'factor_obras_construccion': 1.0, 'factor_zona_norte': 1.0}"
CIUDAD DEPORTIVA DL,12,2026-04-28 12:00:00,ZONA_NORTE,manana,6.505,6.505,1.0,0.85,0.0,🟢 NORMAL,30.165,21.535,"{'factor_eventos': 1.0, 'factor_fin_de_semana': 1.0, 'factor_franja_manana': 1.0, 'factor_global': 1.0, 'factor_movilidad_ciudad': 1.0, 'factor_obras_construccion': 1.0, 'factor_zona_norte': 1.0}"
CIUDAD DEPORTIVA DL,13,2026-04-28 13:00:00,ZONA_NORTE,manana,81.966,81.966,1.0,0.85,0.0,🟢 NORMAL,93.004,65.731,"{'factor_eventos': 1.0, 'factor_fin_de_semana': 1.0, 'factor_franja_manana': 1.0, 'factor_global': 1.0, 'factor_movilidad_ciudad': 1.0, 'factor_obras_construccion': 1.0, 'factor_zona_norte': 1.0}"
CIUDAD DEPORTIVA DL,14,2026-04-28 14:00:00,ZONA_NORTE,tarde,96.648,96.648,1.0,0.85,0.0,🟢 NORMAL,116.255,82.163,"{'factor_calor_acumulado': 1.0, 'factor_eventos': 1.0, 'factor_fin_de_semana': 1.0, 'factor_franja_tarde': 1.0, 'factor_global': 1.0, 'factor_movilidad_ciudad': 1.0, 'factor_obras_construccion': 1.0, 'factor_zona_norte': 1.0}"
CIUDAD DEPORTIVA DL,15,2026-04-28 15:00:00,ZONA_NORTE,tarde,88.355,88.355,1.0,0.85,0.0,🟢 NORMAL,104.629,73.947,"{'factor_calor_acumulado': 1.0, 'factor_eventos': 1.0, 'factor_fin_de_semana': 1.0, 'factor_franja_tarde': 1.0, 'factor_global': 1.0, 'factor_movilidad_ciudad': 1.0, 'factor_obras_construccion': 1.0, 'factor_zona_norte': 1.0}"
CIUDAD DEPORTIVA DL,16,2026-04-28 16:00:00,ZONA_NORTE,tarde,61.134,61.134,1.0,0.85,0.0,🟢 NORMAL,81.378,57.514,"{'factor_calor_acumulado': 1.0, 'factor_eventos': 1.0, 'factor_fin_de_semana': 1.0, 'factor_franja_tarde': 1.0, 'factor_global': 1.0, 'factor_movilidad_ciudad': 1.0, 'factor_obras_construccion': 1.0, 'factor_zona_norte': 1.0}"
CIUDAD DEPORTIVA DL,17,2026-04-28 17:00:00,ZONA_NORTE,tarde,52.268,52.268,1.0,0.85,0.0,🟢 NORMAL,69.752,49.298,"{'factor_calor_acumulado': 1.0, 'factor_eventos': 1.0, 'factor_fin_de_semana': 1.0, 'factor_franja_tarde': 1.0, 'factor_global': 1.0, 'factor_movilidad_ciudad': 1.0, 'factor_obras_construccion': 1.0, 'factor_zona_norte': 1.0}"
CIUDAD DEPORTIVA DL,18,2026-04-28 18:00:00,ZONA_NORTE,tarde,61.134,61.134,1.0,0.85,0.0,🟢 NORMAL,81.378,57.514,"{'factor_calor_acumulado': 1.0, 'factor_eventos': 1.0, 'factor_fin_de_semana': 1.0, 'factor_franja_tarde': 1.0, 'factor_global': 1.0, 'factor_movilidad_ciudad': 1.0, 'factor_obras_construccion': 1.0, 'factor_zona_norte': 1.0}"
CIUDAD DEPORTIVA DL,19,2026-04-28 19:00:00,ZONA_NORTE,tarde,88.355,88.355,1.0,0.85,0.0,🟢 NORMAL,104.629,73.947,"{'factor_calor_acumulado': 1.0, 'factor_eventos': 1.0, 'factor_fin_de_semana': 1.0, 'factor_franja_tarde': 1.0, 'factor_global': 1.0, 'factor_movilidad_ciudad': 1.0, 'factor_obras_construccion': 1.0, 'factor_zona_norte': 1.0}"
CIUDAD DEPORTIVA DL,20,2026-04-28 20:00:00,ZONA_NORTE,tarde,107.993,107.993,1.0,0.85,0.0,🟢 NORMAL,127.88,90.38,"{'factor_calor_acumulado': 1.0, 'factor_eventos': 1.0, 'factor_fin_de_semana': 1.0, 'factor_franja_tarde': 1.0, 'factor_global': 1.0, 'factor_movilidad_ciudad': 1.0, 'factor_obras_construccion': 1.0, 'factor_zona_norte': 1.0}"
CIUDAD DEPORTIVA DL,21,2026-04-28 21:00:00,ZONA_NORTE,tarde,118.508,118.508,1.0,0.85,0.0,🟢 NORMAL,139.506,98.596,"{'factor_calor_acumulado': 1.0, 'factor_eventos': 1.0, 'factor_fin_de_semana': 1.0, 'factor_franja_tarde': 1.0, 'factor_global': 1.0, 'factor_movilidad_ciudad': 1.0, 'factor_obras_construccion': 1.0, 'factor_zona_norte': 1.0}"
CIUDAD DEPORTIVA DL,22,2026-04-28 22:00:00,ZONA_NORTE,noche,86.63,86.357,0.9969,0.85,-0.31,🟢 NORMAL,104.629,73.947,"{'factor_eventos': 1.0, 'factor_fin_de_semana': 1.0, 'factor_franja_noche': 0.95, 'factor_global': 1.0, 'factor_movilidad_ciudad': 1.0, 'factor_obras_construccion': 1.0, 'factor_zona_norte': 1.0}"
CIUDAD DEPORTIVA DL,23,2026-04-28 23:00:00,ZONA_NORTE,noche,59.408,59.221,0.9969,0.85,-0.31,🟢 NORMAL,81.378,57.514,"{'factor_eventos': 1.0, 'factor_fin_de_semana': 1.0, 'factor_franja_noche': 0.95, 'factor_global': 1.0, 'factor_movilidad_ciudad': 1.0, 'factor_obras_construccion': 1.0, 'factor_zona_norte': 1.0}"
COLONIA REQUENA,0,2026-04-28 00:00:00,ZONA_NORTE,noche,96.614,96.31,0.9969,0.85,-0.31,🟢 NORMAL,111.216,98.671,"{'factor_eventos': 1.0, 'factor_fin_de_semana': 1.0, 'factor_franja_noche': 0.95, 'factor_global': 1.0, 'factor_movilidad_ciudad': 1.0, 'factor_obras_construccion': 1.0, 'factor_zona_norte': 1.0}"
COLONIA REQUENA,1,2026-04-28 01:00:00,ZONA_NORTE,noche,128.116,127.713,0.9969,0.85,-0.31,🟢 NORMAL,159.18,126.94,"{'factor_eventos': 1.0, 'factor_fin_de_semana': 1.0, 'factor_franja_noche': 0.95, 'factor_global': 1.0, 'factor_movilidad_ciudad': 1.0, 'factor_obras_construccion': 1.0, 'factor_zona_norte': 1.0}"
COLONIA REQUENA,2,2026-04-28 02:00:00,ZONA_NORTE,noche,124.472,124.08,0.9969,0.85,-0.31,🟢 NORMAL,151.26,120.54,"{'factor_eventos': 1.0, 'factor_fin_de_semana': 1.0, 'factor_franja_noche': 0.95, 'factor_global': 1.0, 'factor_movilidad_ciudad': 1.0, 'factor_obras_construccion': 1.0, 'factor_zona_norte': 1.0}"
COLONIA REQUENA,3,2026-04-28 03:00:00,ZONA_NORTE,noche,118.476,118.103,0.9969,0.85,-0.31,🟢 NORMAL,139.49,121.41,"{'factor_eventos': 1.0, 'factor_fin_de_semana': 1.0, 'factor_franja_noche': 0.95, 'factor_global': 1.0, 'factor_movilidad_ciudad': 1.0, 'factor_obras_construccion': 1.0, 'factor_zona_norte': 1.0}"
COLONIA REQUENA,4,2026-04-28 04:00:00,ZONA_NORTE,noche,112.356,112.002,0.9969,0.85,-0.31,🟢 NORMAL,132.49,115.755,"{'factor_eventos': 1.0, 'factor_fin_de_semana': 1.0, 'factor_franja_noche': 0.95, 'factor_global': 1.0, 'factor_movilidad_ciudad': 1.0, 'factor_obras_construccion': 1.0, 'factor_zona_norte': 1.0}"
COLONIA REQUENA,5,2026-04-28 05:00:00,ZONA_NORTE,noche,111.862,111.509,0.9969,0.85,-0.31,🟢 NORMAL,125.4,108.955,"{'factor_eventos': 1.0, 'factor_fin_de_semana': 1.0, 'factor_franja_noche': 0.95, 'factor_global': 1.0, 'factor_movilidad_ciudad': 1.0, 'factor_obras_construccion': 1.0, 'factor_zona_norte': 1.0}"
COLONIA REQUENA,6,2026-04-28 06:00:00,ZONA_NORTE,manana,126.178,126.178,1.0,0.85,0.0,🟢 NORMAL,134.9,114.665,"{'factor_eventos': 1.0, 'factor_fin_de_semana': 1.0, 'factor_franja_manana': 1.0, 'factor_global': 1.0, 'factor_movilidad_ciudad': 1.0, 'factor_obras_construccion': 1.0, 'factor_zona_norte': 1.0}"
COLONIA REQUENA,7,2026-04-28 07:00:00,ZONA_NORTE,manana,138.888,138.888,1.0,0.85,0.0,🟢 NORMAL,154.02,127.2,"{'factor_eventos': 1.0, 'factor_fin_de_semana': 1.0, 'factor_franja_manana': 1.0, 'factor_global': 1.0, 'factor_movilidad_ciudad': 1.0, 'factor_obras_construccion': 1.0, 'factor_zona_norte': 1.0}"
COLONIA REQUENA,8,2026-04-28 08:00:00,ZONA_NORTE,manana,148.426,148.426,1.0,0.85,0.0,🟢 NORMAL,170.4,134.0,"{'factor_eventos': 1.0, 'factor_fin_de_semana': 1.0, 'factor_franja_manana': 1.0, 'factor_global': 1.0, 'factor_movilidad_ciudad': 1.0, 'factor_obras_construccion': 1.0, 'factor_zona_norte': 1.0}"
COLONIA REQUENA,9,2026-04-28 09:00:00,ZONA_NORTE,manana,158.384,158.384,1.0,0.85,0.0,🟢 NORMAL,180.2,152.15,"{'factor_eventos': 1.0, 'factor_fin_de_semana': 1.0, 'factor_franja_manana': 1.0, 'factor_global': 1.0, 'factor_movilidad_ciudad': 1.0, 'factor_obras_construccion': 1.0, 'factor_zona_norte': 1.0}"
COLONIA REQUENA,10,2026-04-28 10:00:00,ZONA_NORTE,manana,118.262,118.262,1.0,0.85,0.0,🟢 NORMAL,182.15,160.0,"{'factor_eventos': 1.0, 'factor_fin_de_semana': 1.0, 'factor_franja_manana': 1.0, 'factor_global': 1.0, 'factor_movilidad_ciudad': 1.0, 'factor_obras_construccion': 1.0, 'factor_zona_norte': 1.0}"
COLONIA REQUENA,11,2026-04-28 11:00:00,ZONA_NORTE,manana,163.592,163.592,1.0,0.85,0.0,🟢 NORMAL,180.3,154.35,"{'factor_eventos': 1.0, 'factor_fin_de_semana': 1.0, 'factor_franja_manana': 1.0, 'factor_global': 1.0, 'factor_movilidad_ciudad': 1.0, 'factor_obras_construccion': 1.0, 'factor_zona_norte': 1.0}"
COLONIA REQUENA,12,2026-04-28 12:00:00,ZONA_NORTE,manana,157.919,157.919,1.0,0.85,0.0,🟢 NORMAL,172.875,139.025,"{'factor_eventos': 1.0, 'factor_fin_de_semana': 1.0, 'factor_franja_manana': 1.0, 'factor_global': 1.0, 'factor_movilidad_ciudad': 1.0, 'factor_obras_construccion': 1.0, 'factor_zona_norte': 1.0}"
COLONIA REQUENA,13,2026-04-28 13:00:00,ZONA_NORTE,manana,165.782,165.782,1.0,0.85,0.0,🟢 NORMAL,177.946,157.873,"{'factor_eventos': 1.0, 'factor_fin_de_semana': 1.0, 'factor_franja_manana': 1.0, 'factor_global': 1.0, 'factor_movilidad_ciudad': 1.0, 'factor_obras_construccion': 1.0, 'factor_zona_norte': 1.0}"
COLONIA REQUENA,14,2026-04-28 14:00:00,ZONA_NORTE,tarde,197.949,197.949,1.0,0.85,0.0,🟢 NORMAL,222.432,197.341,"{'factor_calor_acumulado': 1.0, 'factor_eventos': 1.0, 'factor_fin_de_semana': 1.0, 'factor_franja_tarde': 1.0, 'factor_global': 1.0, 'factor_movilidad_ciudad': 1.0, 'factor_obras_construccion': 1.0, 'factor_zona_norte': 1.0}"
COLONIA REQUENA,15,2026-04-28 15:00:00,ZONA_NORTE,tarde,191.176,191.176,1.0,0.85,0.0,🟢 NORMAL,200.189,177.607,"{'factor_calor_acumulado': 1.0, 'factor_eventos': 1.0, 'factor_fin_de_semana': 1.0, 'factor_franja_tarde': 1.0, 'factor_global': 1.0, 'factor_movilidad_ciudad': 1.0, 'factor_obras_construccion': 1.0, 'factor_zona_norte': 1.0}"
COLONIA REQUENA,16,2026-04-28 16:00:00,ZONA_NORTE,tarde,150.989,150.989,1.0,0.85,0.0,🟢 NORMAL,155.703,138.139,"{'factor_calor_acumulado': 1.0, 'factor_eventos': 1.0, 'factor_fin_de_semana': 1.0, 'factor_franja_tarde': 1.0, 'factor_global': 1.0, 'factor_movilidad_ciudad': 1.0, 'factor_obras_construccion': 1.0, 'factor_zona_norte': 1.0}"
COLONIA REQUENA,17,2026-04-28 17:00:00,ZONA_NORTE,tarde,132.053,132.053,1.0,0.85,0.0,🟢 NORMAL,133.459,118.405,"{'factor_calor_acumulado': 1.0, 'factor_eventos': 1.0, 'factor_fin_de_semana': 1.0, 'factor_franja_tarde': 1.0, 'factor_global': 1.0, 'factor_movilidad_ciudad': 1.0, 'factor_obras_construccion': 1.0, 'factor_zona_norte': 1.0}"
COLONIA REQUENA,18,2026-04-28 18:00:00,ZONA_NORTE,tarde,150.989,150.989,1.0,0.85,0.0,🟢 NORMAL,155.703,138.139,"{'factor_calor_acumulado': 1.0, 'factor_eventos': 1.0, 'factor_fin_de_semana': 1.0, 'factor_franja_tarde': 1.0, 'factor_global': 1.0, 'factor_movilidad_ciudad': 1.0, 'factor_obras_construccion': 1.0, 'factor_zona_norte': 1.0}"
COLONIA REQUENA,19,2026-04-28 19:00:00,ZONA_NORTE,tarde,191.176,191.176,1.0,0.85,0.0,🟢 NORMAL,200.189,177.607,"{'factor_calor_acumulado': 1.0, 'factor_eventos': 1.0, 'factor_fin_de_semana': 1.0, 'factor_franja_tarde': 1.0, 'factor_global': 1.0, 'factor_movilidad_ciudad': 1.0, 'factor_obras_construccion': 1.0, 'factor_zona_norte': 1.0}"
COLONIA REQUENA,20,2026-04-28 20:00:00,ZONA_NORTE,tarde,218.335,218.335,1.0,0.85,0.0,🟢 NORMAL,244.675,217.075,"{'factor_calor_acumulado': 1.0, 'factor_eventos': 1.0, 'factor_fin_de_semana': 1.0, 'factor_franja_tarde': 1.0, 'factor_global': 1.0, 'factor_movilidad_ciudad': 1.0, 'factor_obras_construccion': 1.0, 'factor_zona_norte': 1.0}"
COLONIA REQUENA,21,2026-04-28 21:00:00,ZONA_NORTE,tarde,242.245,242.245,1.0,0.85,0.0,🟢 NORMAL,266.919,236.81,"{'factor_calor_acumulado': 1.0, 'factor_eventos': 1.0, 'factor_fin_de_semana': 1.0, 'factor_franja_tarde': 1.0, 'factor_global': 1.0, 'factor_movilidad_ciudad': 1.0, 'factor_obras_construccion': 1.0, 'factor_zona_norte': 1.0}"
COLONIA REQUENA,22,2026-04-28 22:00:00,ZONA_NORTE,noche,189.45,188.853,0.9969,0.85,-0.31,🟢 NORMAL,200.189,177.607,"{'factor_eventos': 1.0, 'factor_fin_de_semana': 1.0, 'factor_franja_noche': 0.95, 'factor_global': 1.0, 'factor_movilidad_ciudad': 1.0, 'factor_obras_construccion': 1.0, 'factor_zona_norte': 1.0}"
COLONIA REQUENA,23,2026-04-28 23:00:00,ZONA_NORTE,noche,149.263,148.793,0.9969,0.85,-0.31,🟢 NORMAL,155.703,138.139,"{'factor_eventos': 1.0, 'factor_fin_de_semana': 1.0, 'factor_franja_noche': 0.95, 'factor_global': 1.0, 'factor_movilidad_ciudad': 1.0, 'factor_obras_construccion': 1.0, 'factor_zona_norte': 1.0}"
COLONIA ROMANA,0,2026-04-28 00:00:00,ZONA_NORTE,noche,0.1,0.1,0.9969,0.85,-0.31,🟢 NORMAL,32.753,23.549,"{'factor_eventos': 1.0, 'factor_fin_de_semana': 1.0, 'factor_franja_noche': 0.95, 'factor_global': 1.0, 'factor_movilidad_ciudad': 1.0, 'factor_obras_construccion': 1.0, 'factor_zona_norte': 1.0}"
COLONIA ROMANA,1,2026-04-28 01:00:00,ZONA_NORTE,noche,40.599,40.471,0.9969,0.85,-0.31,🟢 NORMAL,44.805,30.97,"{'factor_eventos': 1.0, 'factor_fin_de_semana': 1.0, 'factor_franja_noche': 0.95, 'factor_global': 1.0, 'factor_movilidad_ciudad': 1.0, 'factor_obras_construccion': 1.0, 'factor_zona_norte': 1.0}"
COLONIA ROMANA,2,2026-04-28 02:00:00,ZONA_NORTE,noche,35.105,34.995,0.9969,0.85,-0.31,🟢 NORMAL,40.265,27.87,"{'factor_eventos': 1.0, 'factor_fin_de_semana': 1.0, 'factor_franja_noche': 0.95, 'factor_global': 1.0, 'factor_movilidad_ciudad': 1.0, 'factor_obras_construccion': 1.0, 'factor_zona_norte': 1.0}"
COLONIA ROMANA,3,2026-04-28 03:00:00,ZONA_NORTE,noche,35.122,35.012,0.9969,0.85,-0.31,🟢 NORMAL,43.35,27.185,"{'factor_eventos': 1.0, 'factor_fin_de_semana': 1.0, 'factor_franja_noche': 0.95, 'factor_global': 1.0, 'factor_movilidad_ciudad': 1.0, 'factor_obras_construccion': 1.0, 'factor_zona_norte': 1.0}"
COLONIA ROMANA,4,2026-04-28 04:00:00,ZONA_NORTE,noche,100.493,100.177,0.9969,0.85,-0.31,🟢 NORMAL,40.7,25.2,"{'factor_eventos': 1.0, 'factor_fin_de_semana': 1.0, 'factor_franja_noche': 0.95, 'factor_global': 1.0, 'factor_movilidad_ciudad': 1.0, 'factor_obras_construccion': 1.0, 'factor_zona_norte': 1.0}"
COLONIA ROMANA,5,2026-04-28 05:00:00,ZONA_NORTE,noche,0.1,0.1,0.9969,0.85,-0.31,🟢 NORMAL,34.98,22.885,"{'factor_eventos': 1.0, 'factor_fin_de_semana': 1.0, 'factor_franja_noche': 0.95, 'factor_global': 1.0, 'factor_movilidad_ciudad': 1.0, 'factor_obras_construccion': 1.0, 'factor_zona_norte': 1.0}"
COLONIA ROMANA,6,2026-04-28 06:00:00,ZONA_NORTE,manana,0.1,0.1,1.0,0.85,0.0,🟢 NORMAL,37.752,22.65,"{'factor_eventos': 1.0, 'factor_fin_de_semana': 1.0, 'factor_franja_manana': 1.0, 'factor_global': 1.0, 'factor_movilidad_ciudad': 1.0, 'factor_obras_construccion': 1.0, 'factor_zona_norte': 1.0}"
COLONIA ROMANA,7,2026-04-28 07:00:00,ZONA_NORTE,manana,12.116,12.116,1.0,0.85,0.0,🟢 NORMAL,40.795,25.36,"{'factor_eventos': 1.0, 'factor_fin_de_semana': 1.0, 'factor_franja_manana': 1.0, 'factor_global': 1.0, 'factor_movilidad_ciudad': 1.0, 'factor_obras_construccion': 1.0, 'factor_zona_norte': 1.0}"
COLONIA ROMANA,8,2026-04-28 08:00:00,ZONA_NORTE,manana,40.456,40.456,1.0,0.85,0.0,🟢 NORMAL,47.295,28.8,"{'factor_eventos': 1.0, 'factor_fin_de_semana': 1.0, 'factor_franja_manana': 1.0, 'factor_global': 1.0, 'factor_movilidad_ciudad': 1.0, 'factor_obras_construccion': 1.0, 'factor_zona_norte': 1.0}"
COLONIA ROMANA,9,2026-04-28 09:00:00,ZONA_NORTE,manana,48.876,48.876,1.0,0.85,0.0,🟢 NORMAL,53.35,37.44,"{'factor_eventos': 1.0, 'factor_fin_de_semana': 1.0, 'factor_franja_manana': 1.0, 'factor_global': 1.0, 'factor_movilidad_ciudad': 1.0, 'factor_obras_construccion': 1.0, 'factor_zona_norte': 1.0}"
COLONIA ROMANA,10,2026-04-28 10:00:00,ZONA_NORTE,manana,0.76,0.76,1.0,0.85,0.0,🟢 NORMAL,56.25,42.83,"{'factor_eventos': 1.0, 'factor_fin_de_semana': 1.0, 'factor_franja_manana': 1.0, 'factor_global': 1.0, 'factor_movilidad_ciudad': 1.0, 'factor_obras_construccion': 1.0, 'factor_zona_norte': 1.0}"
COLONIA ROMANA,11,2026-04-28 11:00:00,ZONA_NORTE,manana,50.472,50.472,1.0,0.85,0.0,🟢 NORMAL,55.87,42.1,"{'factor_eventos': 1.0, 'factor_fin_de_semana': 1.0, 'factor_franja_manana': 1.0, 'factor_global': 1.0, 'factor_movilidad_ciudad': 1.0, 'factor_obras_construccion': 1.0, 'factor_zona_norte': 1.0}"
COLONIA ROMANA,12,2026-04-28 12:00:00,ZONA_NORTE,manana,46.387,46.387,1.0,0.85,0.0,🟢 NORMAL,53.9,36.25,"{'factor_eventos': 1.0, 'factor_fin_de_semana': 1.0, 'factor_franja_manana': 1.0, 'factor_global': 1.0, 'factor_movilidad_ciudad': 1.0, 'factor_obras_construccion': 1.0, 'factor_zona_norte': 1.0}"
COLONIA ROMANA,13,2026-04-28 13:00:00,ZONA_NORTE,manana,48.577,48.577,1.0,0.85,0.0,🟢 NORMAL,52.404,37.679,"{'factor_eventos': 1.0, 'factor_fin_de_semana': 1.0, 'factor_franja_manana': 1.0, 'factor_global': 1.0, 'factor_movilidad_ciudad': 1.0, 'factor_obras_construccion': 1.0, 'factor_zona_norte': 1.0}"
COLONIA ROMANA,14,2026-04-28 14:00:00,ZONA_NORTE,tarde,57.476,57.476,1.0,0.85,0.0,🟢 NORMAL,65.506,47.099,"{'factor_calor_acumulado': 1.0, 'factor_eventos': 1.0, 'factor_fin_de_semana': 1.0, 'factor_franja_tarde': 1.0, 'factor_global': 1.0, 'factor_movilidad_ciudad': 1.0, 'factor_obras_construccion': 1.0, 'factor_zona_norte': 1.0}"
COLONIA ROMANA,15,2026-04-28 15:00:00,ZONA_NORTE,tarde,53.1,53.1,1.0,0.85,0.0,🟢 NORMAL,58.955,42.389,"{'factor_calor_acumulado': 1.0, 'factor_eventos': 1.0, 'factor_fin_de_semana': 1.0, 'factor_franja_tarde': 1.0, 'factor_global': 1.0, 'factor_movilidad_ciudad': 1.0, 'factor_obras_construccion': 1.0, 'factor_zona_norte': 1.0}"
COLONIA ROMANA,16,2026-04-28 16:00:00,ZONA_NORTE,tarde,40.594,40.594,1.0,0.85,0.0,🟢 NORMAL,45.854,32.969,"{'factor_calor_acumulado': 1.0, 'factor_eventos': 1.0, 'factor_fin_de_semana': 1.0, 'factor_franja_tarde': 1.0, 'factor_global': 1.0, 'factor_movilidad_ciudad': 1.0, 'factor_obras_construccion': 1.0, 'factor_zona_norte': 1.0}"
COLONIA ROMANA,17,2026-04-28 17:00:00,ZONA_NORTE,tarde,23.841,23.841,1.0,0.85,0.0,🟢 NORMAL,39.304,28.26,"{'factor_calor_acumulado': 1.0, 'factor_eventos': 1.0, 'factor_fin_de_semana': 1.0, 'factor_franja_tarde': 1.0, 'factor_global': 1.0, 'factor_movilidad_ciudad': 1.0, 'factor_obras_construccion': 1.0, 'factor_zona_norte': 1.0}"
COLONIA ROMANA,18,2026-04-28 18:00:00,ZONA_NORTE,tarde,40.594,40.594,1.0,0.85,0.0,🟢 NORMAL,45.854,32.969,"{'factor_calor_acumulado': 1.0, 'factor_eventos': 1.0, 'factor_fin_de_semana': 1.0, 'factor_franja_tarde': 1.0, 'factor_global': 1.0, 'factor_movilidad_ciudad': 1.0, 'factor_obras_construccion': 1.0, 'factor_zona_norte': 1.0}"
COLONIA ROMANA,19,2026-04-28 19:00:00,ZONA_NORTE,tarde,53.1,53.1,1.0,0.85,0.0,🟢 NORMAL,58.955,42.389,"{'factor_calor_acumulado': 1.0, 'factor_eventos': 1.0, 'factor_fin_de_semana': 1.0, 'factor_franja_tarde': 1.0, 'factor_global': 1.0, 'factor_movilidad_ciudad': 1.0, 'factor_obras_construccion': 1.0, 'factor_zona_norte': 1.0}"
COLONIA ROMANA,20,2026-04-28 20:00:00,ZONA_NORTE,tarde,52.989,52.989,1.0,0.85,0.0,🟢 NORMAL,72.056,51.809,"{'factor_calor_acumulado': 1.0, 'factor_eventos': 1.0, 'factor_fin_de_semana': 1.0, 'factor_franja_tarde': 1.0, 'factor_global': 1.0, 'factor_movilidad_ciudad': 1.0, 'factor_obras_construccion': 1.0, 'factor_zona_norte': 1.0}"
COLONIA ROMANA,21,2026-04-28 21:00:00,ZONA_NORTE,tarde,58.009,58.009,1.0,0.85,0.0,🟢 NORMAL,78.607,56.518,"{'factor_calor_acumulado': 1.0, 'factor_eventos': 1.0, 'factor_fin_de_semana': 1.0, 'factor_franja_tarde': 1.0, 'factor_global': 1.0, 'factor_movilidad_ciudad': 1.0, 'factor_obras_construccion': 1.0, 'factor_zona_norte': 1.0}"
COLONIA ROMANA,22,2026-04-28 22:00:00,ZONA_NORTE,noche,51.374,51.212,0.9969,0.85,-0.31,🟢 NORMAL,58.955,42.389,"{'factor_eventos': 1.0, 'factor_fin_de_semana': 1.0, 'factor_franja_noche': 0.95, 'factor_global': 1.0, 'factor_movilidad_ciudad': 1.0, 'factor_obras_construccion': 1.0, 'factor_zona_norte': 1.0}"
COLONIA ROMANA,23,2026-04-28 23:00:00,ZONA_NORTE,noche,38.868,38.746,0.9969,0.85,-0.31,🟢 NORMAL,45.854,32.969,"{'factor_eventos': 1.0, 'factor_fin_de_semana': 1.0, 'factor_franja_noche': 0.95, 'factor_global': 1.0, 'factor_movilidad_ciudad': 1.0, 'factor_obras_construccion': 1.0, 'factor_zona_norte': 1.0}"
CONDOMINA,0,2026-04-28 00:00:00,PLAYA_SAN_JUAN,noche,41.651,40.759,0.9786,0.85,-2.14,🟢 NORMAL,41.935,32.868,"{'factor_calor_acumulado': 1.0, 'factor_fin_de_semana': 1.0, 'factor_franja_noche': 0.95, 'factor_global': 1.0, 'factor_ocupacion_hotelera': 0.8, 'factor_playa_san_juan': 1.0, 'factor_vacaciones_escolares': 1.0, 'factor_vuelos_turismo': 1.0}"
CONDOMINA,1,2026-04-28 01:00:00,PLAYA_SAN_JUAN,noche,55.232,54.05,0.9786,0.85,-2.14,🟢 NORMAL,59.015,41.82,"{'factor_calor_acumulado': 1.0, 'factor_fin_de_semana': 1.0, 'factor_franja_noche': 0.95, 'factor_global': 1.0, 'factor_ocupacion_hotelera': 0.8, 'factor_playa_san_juan': 1.0, 'factor_vacaciones_escolares': 1.0, 'factor_vuelos_turismo': 1.0}"
CONDOMINA,2,2026-04-28 02:00:00,PLAYA_SAN_JUAN,noche,51.445,50.343,0.9786,0.85,-2.14,🟢 NORMAL,54.01,37.5,"{'factor_calor_acumulado': 1.0, 'factor_fin_de_semana': 1.0, 'factor_franja_noche': 0.95, 'factor_global': 1.0, 'factor_ocupacion_hotelera': 0.8, 'factor_playa_san_juan': 1.0, 'factor_vacaciones_escolares': 1.0, 'factor_vuelos_turismo': 1.0}"
CONDOMINA,3,2026-04-28 03:00:00,PLAYA_SAN_JUAN,noche,50.7,49.615,0.9786,0.85,-2.14,🟢 NORMAL,54.96,35.0,"{'factor_calor_acumulado': 1.0, 'factor_fin_de_semana': 1.0, 'factor_franja_noche': 0.95, 'factor_global': 1.0, 'factor_ocupacion_hotelera': 0.8, 'factor_playa_san_juan': 1.0, 'factor_vacaciones_escolares': 1.0, 'factor_vuelos_turismo': 1.0}"
CONDOMINA,4,2026-04-28 04:00:00,PLAYA_SAN_JUAN,noche,47.541,46.523,0.9786,0.85,-2.14,🟢 NORMAL,48.8,33.3,"{'factor_calor_acumulado': 1.0, 'factor_fin_de_semana': 1.0, 'factor_franja_noche': 0.95, 'factor_global': 1.0, 'factor_ocupacion_hotelera': 0.8, 'factor_playa_san_juan': 1.0, 'factor_vacaciones_escolares': 1.0, 'factor_vuelos_turismo': 1.0}"
CONDOMINA,5,2026-04-28 05:00:00,PLAYA_SAN_JUAN,noche,49.167,48.114,0.9786,0.85,-2.14,🟢 NORMAL,49.965,31.104,"{'factor_calor_acumulado': 1.0, 'factor_fin_de_semana': 1.0, 'factor_franja_noche': 0.95, 'factor_global': 1.0, 'factor_ocupacion_hotelera': 0.8, 'factor_playa_san_juan': 1.0, 'factor_vacaciones_escolares': 1.0, 'factor_vuelos_turismo': 1.0}"
CONDOMINA,6,2026-04-28 06:00:00,PLAYA_SAN_JUAN,manana,39.402,38.472,0.9764,0.85,-2.36,🟢 NORMAL,48.202,28.598,"{'factor_calor_acumulado': 1.0, 'factor_fin_de_semana': 1.0, 'factor_franja_manana': 1.0, 'factor_global': 1.0, 'factor_ocupacion_hotelera': 0.8, 'factor_playa_san_juan': 1.0, 'factor_vacaciones_escolares': 1.0, 'factor_vuelos_turismo': 1.0}"
CONDOMINA,7,2026-04-28 07:00:00,PLAYA_SAN_JUAN,manana,45.654,44.576,0.9764,0.85,-2.36,🟢 NORMAL,45.695,32.655,"{'factor_calor_acumulado': 1.0, 'factor_fin_de_semana': 1.0, 'factor_franja_manana': 1.0, 'factor_global': 1.0, 'factor_ocupacion_hotelera': 0.8, 'factor_playa_san_juan': 1.0, 'factor_vacaciones_escolares': 1.0, 'factor_vuelos_turismo': 1.0}"
CONDOMINA,8,2026-04-28 08:00:00,PLAYA_SAN_JUAN,manana,113.076,110.406,0.9764,0.85,-2.36,🟢 NORMAL,69.295,40.265,"{'factor_calor_acumulado': 1.0, 'factor_fin_de_semana': 1.0, 'factor_franja_manana': 1.0, 'factor_global': 1.0, 'factor_ocupacion_hotelera': 0.8, 'factor_playa_san_juan': 1.0, 'factor_vacaciones_escolares': 1.0, 'factor_vuelos_turismo': 1.0}"
CONDOMINA,9,2026-04-28 09:00:00,PLAYA_SAN_JUAN,manana,54.886,53.59,0.9764,0.85,-2.36,🟢 NORMAL,75.0,51.78,"{'factor_calor_acumulado': 1.0, 'factor_fin_de_semana': 1.0, 'factor_franja_manana': 1.0, 'factor_global': 1.0, 'factor_ocupacion_hotelera': 0.8, 'factor_playa_san_juan': 1.0, 'factor_vacaciones_escolares': 1.0, 'factor_vuelos_turismo': 1.0}"
CONDOMINA,10,2026-04-28 10:00:00,PLAYA_SAN_JUAN,manana,8.869,8.66,0.9764,0.85,-2.36,🟢 NORMAL,73.968,61.183,"{'factor_calor_acumulado': 1.0, 'factor_fin_de_semana': 1.0, 'factor_franja_manana': 1.0, 'factor_global': 1.0, 'factor_ocupacion_hotelera': 0.8, 'factor_playa_san_juan': 1.0, 'factor_vacaciones_escolares': 1.0, 'factor_vuelos_turismo': 1.0}"
CONDOMINA,11,2026-04-28 11:00:00,PLAYA_SAN_JUAN,manana,54.744,53.452,0.9764,0.85,-2.36,🟢 NORMAL,69.477,56.93,"{'factor_calor_acumulado': 1.0, 'factor_fin_de_semana': 1.0, 'factor_franja_manana': 1.0, 'factor_global': 1.0, 'factor_ocupacion_hotelera': 0.8, 'factor_playa_san_juan': 1.0, 'factor_vacaciones_escolares': 1.0, 'factor_vuelos_turismo': 1.0}"
CONDOMINA,12,2026-04-28 12:00:00,PLAYA_SAN_JUAN,manana,113.393,110.716,0.9764,0.85,-2.36,🟢 NORMAL,63.95,48.755,"{'factor_calor_acumulado': 1.0, 'factor_fin_de_semana': 1.0, 'factor_franja_manana': 1.0, 'factor_global': 1.0, 'factor_ocupacion_hotelera': 0.8, 'factor_playa_san_juan': 1.0, 'factor_vacaciones_escolares': 1.0, 'factor_vuelos_turismo': 1.0}"
CONDOMINA,13,2026-04-28 13:00:00,PLAYA_SAN_JUAN,manana,51.742,50.52,0.9764,0.85,-2.36,🟢 NORMAL,67.096,52.589,"{'factor_calor_acumulado': 1.0, 'factor_fin_de_semana': 1.0, 'factor_franja_manana': 1.0, 'factor_global': 1.0, 'factor_ocupacion_hotelera': 0.8, 'factor_playa_san_juan': 1.0, 'factor_vacaciones_escolares': 1.0, 'factor_vuelos_turismo': 1.0}"
CONDOMINA,14,2026-04-28 14:00:00,PLAYA_SAN_JUAN,tarde,76.926,75.494,0.9814,0.85,-1.86,🟢 NORMAL,83.87,65.736,"{'factor_calor_acumulado': 1.0, 'factor_fin_de_semana': 1.0, 'factor_franja_tarde': 1.0, 'factor_global': 1.0, 'factor_ocupacion_hotelera': 0.8, 'factor_playa_san_juan': 1.0, 'factor_vacaciones_escolares': 1.0, 'factor_vuelos_turismo': 1.0}"
CONDOMINA,15,2026-04-28 15:00:00,PLAYA_SAN_JUAN,tarde,59.735,58.623,0.9814,0.85,-1.86,🟢 NORMAL,75.483,59.162,"{'factor_calor_acumulado': 1.0, 'factor_fin_de_semana': 1.0, 'factor_franja_tarde': 1.0, 'factor_global': 1.0, 'factor_ocupacion_hotelera': 0.8, 'factor_playa_san_juan': 1.0, 'factor_vacaciones_escolares': 1.0, 'factor_vuelos_turismo': 1.0}"
CONDOMINA,16,2026-04-28 16:00:00,PLAYA_SAN_JUAN,tarde,55.041,54.017,0.9814,0.85,-1.86,🟢 NORMAL,58.709,46.015,"{'factor_calor_acumulado': 1.0, 'factor_fin_de_semana': 1.0, 'factor_franja_tarde': 1.0, 'factor_global': 1.0, 'factor_ocupacion_hotelera': 0.8, 'factor_playa_san_juan': 1.0, 'factor_vacaciones_escolares': 1.0, 'factor_vuelos_turismo': 1.0}"
CONDOMINA,17,2026-04-28 17:00:00,PLAYA_SAN_JUAN,tarde,49.015,48.102,0.9814,0.85,-1.86,🟢 NORMAL,50.322,39.442,"{'factor_calor_acumulado': 1.0, 'factor_fin_de_semana': 1.0, 'factor_franja_tarde': 1.0, 'factor_global': 1.0, 'factor_ocupacion_hotelera': 0.8, 'factor_playa_san_juan': 1.0, 'factor_vacaciones_escolares': 1.0, 'factor_vuelos_turismo': 1.0}"
CONDOMINA,18,2026-04-28 18:00:00,PLAYA_SAN_JUAN,tarde,55.041,54.017,0.9814,0.85,-1.86,🟢 NORMAL,58.709,46.015,"{'factor_calor_acumulado': 1.0, 'factor_fin_de_semana': 1.0, 'factor_franja_tarde': 1.0, 'factor_global': 1.0, 'factor_ocupacion_hotelera': 0.8, 'factor_playa_san_juan': 1.0, 'factor_vacaciones_escolares': 1.0, 'factor_vuelos_turismo': 1.0}"
CONDOMINA,19,2026-04-28 19:00:00,PLAYA_SAN_JUAN,tarde,59.735,58.623,0.9814,0.85,-1.86,🟢 NORMAL,75.483,59.162,"{'factor_calor_acumulado': 1.0, 'factor_fin_de_semana': 1.0, 'factor_franja_tarde': 1.0, 'factor_global': 1.0, 'factor_ocupacion_hotelera': 0.8, 'factor_playa_san_juan': 1.0, 'factor_vacaciones_escolares': 1.0, 'factor_vuelos_turismo': 1.0}"
CONDOMINA,20,2026-04-28 20:00:00,PLAYA_SAN_JUAN,tarde,83.017,81.472,0.9814,0.85,-1.86,🟢 NORMAL,92.256,72.31,"{'factor_calor_acumulado': 1.0, 'factor_fin_de_semana': 1.0, 'factor_franja_tarde': 1.0, 'factor_global': 1.0, 'factor_ocupacion_hotelera': 0.8, 'factor_playa_san_juan': 1.0, 'factor_vacaciones_escolares': 1.0, 'factor_vuelos_turismo': 1.0}"
CONDOMINA,21,2026-04-28 21:00:00,PLAYA_SAN_JUAN,tarde,86.542,84.931,0.9814,0.85,-1.86,🟢 NORMAL,100.643,78.883,"{'factor_calor_acumulado': 1.0, 'factor_fin_de_semana': 1.0, 'factor_franja_tarde': 1.0, 'factor_global': 1.0, 'factor_ocupacion_hotelera': 0.8, 'factor_playa_san_juan': 1.0, 'factor_vacaciones_escolares': 1.0, 'factor_vuelos_turismo': 1.0}"
CONDOMINA,22,2026-04-28 22:00:00,PLAYA_SAN_JUAN,noche,58.009,56.767,0.9786,0.85,-2.14,🟢 NORMAL,75.483,59.162,"{'factor_calor_acumulado': 1.0, 'factor_fin_de_semana': 1.0, 'factor_franja_noche': 0.95, 'factor_global': 1.0, 'factor_ocupacion_hotelera': 0.8, 'factor_playa_san_juan': 1.0, 'factor_vacaciones_escolares': 1.0, 'factor_vuelos_turismo': 1.0}"
CONDOMINA,23,2026-04-28 23:00:00,PLAYA_SAN_JUAN,noche,53.315,52.174,0.9786,0.85,-2.14,🟢 NORMAL,58.709,46.015,"{'factor_calor_acumulado': 1.0, 'factor_fin_de_semana': 1.0, 'factor_franja_noche': 0.95, 'factor_global': 1.0, 'factor_ocupacion_hotelera': 0.8, 'factor_playa_san_juan': 1.0, 'factor_vacaciones_escolares': 1.0, 'factor_vuelos_turismo': 1.0}"
Campoamor Alto,0,2026-04-28 00:00:00,ZONA_NORTE,noche,44.648,44.508,0.9969,0.85,-0.31,🟢 NORMAL,33.981,30.28,"{'factor_eventos': 1.0, 'factor_fin_de_semana': 1.0, 'factor_franja_noche': 0.95, 'factor_global': 1.0, 'factor_movilidad_ciudad': 1.0, 'factor_obras_construccion': 1.0, 'factor_zona_norte': 1.0}"
Campoamor Alto,1,2026-04-28 01:00:00,ZONA_NORTE,noche,52.149,51.985,0.9969,0.85,-0.31,🟢 NORMAL,53.322,41.582,"{'factor_eventos': 1.0, 'factor_fin_de_semana': 1.0, 'factor_franja_noche': 0.95, 'factor_global': 1.0, 'factor_movilidad_ciudad': 1.0, 'factor_obras_construccion': 1.0, 'factor_zona_norte': 1.0}"
Campoamor Alto,2,2026-04-28 02:00:00,ZONA_NORTE,noche,48.64,48.487,0.9969,0.85,-0.31,🟢 NORMAL,46.272,37.25,"{'factor_eventos': 1.0, 'factor_fin_de_semana': 1.0, 'factor_franja_noche': 0.95, 'factor_global': 1.0, 'factor_movilidad_ciudad': 1.0, 'factor_obras_construccion': 1.0, 'factor_zona_norte': 1.0}"
Campoamor Alto,3,2026-04-28 03:00:00,ZONA_NORTE,noche,42.28,42.147,0.9969,0.85,-0.31,🟢 NORMAL,42.18,35.87,"{'factor_eventos': 1.0, 'factor_fin_de_semana': 1.0, 'factor_franja_noche': 0.95, 'factor_global': 1.0, 'factor_movilidad_ciudad': 1.0, 'factor_obras_construccion': 1.0, 'factor_zona_norte': 1.0}"
Campoamor Alto,4,2026-04-28 04:00:00,ZONA_NORTE,noche,39.11,38.987,0.9969,0.85,-0.31,🟢 NORMAL,38.872,34.027,"{'factor_eventos': 1.0, 'factor_fin_de_semana': 1.0, 'factor_franja_noche': 0.95, 'factor_global': 1.0, 'factor_movilidad_ciudad': 1.0, 'factor_obras_construccion': 1.0, 'factor_zona_norte': 1.0}"
Campoamor Alto,5,2026-04-28 05:00:00,ZONA_NORTE,noche,27.17,27.085,0.9969,0.85,-0.31,🟢 NORMAL,36.6,31.728,"{'factor_eventos': 1.0, 'factor_fin_de_semana': 1.0, 'factor_franja_noche': 0.95, 'factor_global': 1.0, 'factor_movilidad_ciudad': 1.0, 'factor_obras_construccion': 1.0, 'factor_zona_norte': 1.0}"
Campoamor Alto,6,2026-04-28 06:00:00,ZONA_NORTE,manana,38.416,38.416,1.0,0.85,0.0,🟢 NORMAL,39.5,33.2,"{'factor_eventos': 1.0, 'factor_fin_de_semana': 1.0, 'factor_franja_manana': 1.0, 'factor_global': 1.0, 'factor_movilidad_ciudad': 1.0, 'factor_obras_construccion': 1.0, 'factor_zona_norte': 1.0}"
Campoamor Alto,7,2026-04-28 07:00:00,ZONA_NORTE,manana,48.876,48.876,1.0,0.85,0.0,🟢 NORMAL,48.8,37.942,"{'factor_eventos': 1.0, 'factor_fin_de_semana': 1.0, 'factor_franja_manana': 1.0, 'factor_global': 1.0, 'factor_movilidad_ciudad': 1.0, 'factor_obras_construccion': 1.0, 'factor_zona_norte': 1.0}"
Campoamor Alto,8,2026-04-28 08:00:00,ZONA_NORTE,manana,57.309,57.309,1.0,0.85,0.0,🟢 NORMAL,61.445,44.565,"{'factor_eventos': 1.0, 'factor_fin_de_semana': 1.0, 'factor_franja_manana': 1.0, 'factor_global': 1.0, 'factor_movilidad_ciudad': 1.0, 'factor_obras_construccion': 1.0, 'factor_zona_norte': 1.0}"
Campoamor Alto,9,2026-04-28 09:00:00,ZONA_NORTE,manana,52.883,52.883,1.0,0.85,0.0,🟢 NORMAL,68.55,55.23,"{'factor_eventos': 1.0, 'factor_fin_de_semana': 1.0, 'factor_franja_manana': 1.0, 'factor_global': 1.0, 'factor_movilidad_ciudad': 1.0, 'factor_obras_construccion': 1.0, 'factor_zona_norte': 1.0}"
Campoamor Alto,10,2026-04-28 10:00:00,ZONA_NORTE,manana,8.27,8.27,1.0,0.85,0.0,🟢 NORMAL,70.97,62.75,"{'factor_eventos': 1.0, 'factor_fin_de_semana': 1.0, 'factor_franja_manana': 1.0, 'factor_global': 1.0, 'factor_movilidad_ciudad': 1.0, 'factor_obras_construccion': 1.0, 'factor_zona_norte': 1.0}"
Campoamor Alto,11,2026-04-28 11:00:00,ZONA_NORTE,manana,53.333,53.333,1.0,0.85,0.0,🟢 NORMAL,66.602,57.482,"{'factor_eventos': 1.0, 'factor_fin_de_semana': 1.0, 'factor_franja_manana': 1.0, 'factor_global': 1.0, 'factor_movilidad_ciudad': 1.0, 'factor_obras_construccion': 1.0, 'factor_zona_norte': 1.0}"
Campoamor Alto,12,2026-04-28 12:00:00,ZONA_NORTE,manana,55.286,55.286,1.0,0.85,0.0,🟢 NORMAL,61.61,49.85,"{'factor_eventos': 1.0, 'factor_fin_de_semana': 1.0, 'factor_franja_manana': 1.0, 'factor_global': 1.0, 'factor_movilidad_ciudad': 1.0, 'factor_obras_construccion': 1.0, 'factor_zona_norte': 1.0}"
Campoamor Alto,13,2026-04-28 13:00:00,ZONA_NORTE,manana,53.91,53.91,1.0,0.85,0.0,🟢 NORMAL,54.37,48.448,"{'factor_eventos': 1.0, 'factor_fin_de_semana': 1.0, 'factor_franja_manana': 1.0, 'factor_global': 1.0, 'factor_movilidad_ciudad': 1.0, 'factor_obras_construccion': 1.0, 'factor_zona_norte': 1.0}"
Campoamor Alto,14,2026-04-28 14:00:00,ZONA_NORTE,tarde,56.934,56.934,1.0,0.85,0.0,🟢 NORMAL,67.963,60.56,"{'factor_calor_acumulado': 1.0, 'factor_eventos': 1.0, 'factor_fin_de_semana': 1.0, 'factor_franja_tarde': 1.0, 'factor_global': 1.0, 'factor_movilidad_ciudad': 1.0, 'factor_obras_construccion': 1.0, 'factor_zona_norte': 1.0}"
Campoamor Alto,15,2026-04-28 15:00:00,ZONA_NORTE,tarde,116.676,116.676,1.0,0.85,0.0,🟢 NORMAL,61.166,54.504,"{'factor_calor_acumulado': 1.0, 'factor_eventos': 1.0, 'factor_fin_de_semana': 1.0, 'factor_franja_tarde': 1.0, 'factor_global': 1.0, 'factor_movilidad_ciudad': 1.0, 'factor_obras_construccion': 1.0, 'factor_zona_norte': 1.0}"
Campoamor Alto,16,2026-04-28 16:00:00,ZONA_NORTE,tarde,49.015,49.015,1.0,0.85,0.0,🟢 NORMAL,47.574,42.392,"{'factor_calor_acumulado': 1.0, 'factor_eventos': 1.0, 'factor_fin_de_semana': 1.0, 'factor_franja_tarde': 1.0, 'factor_global': 1.0, 'factor_movilidad_ciudad': 1.0, 'factor_obras_construccion': 1.0, 'factor_zona_norte': 1.0}"
Campoamor Alto,17,2026-04-28 17:00:00,ZONA_NORTE,tarde,40.093,40.093,1.0,0.85,0.0,🟢 NORMAL,40.778,36.336,"{'factor_calor_acumulado': 1.0, 'factor_eventos': 1.0, 'factor_fin_de_semana': 1.0, 'factor_franja_tarde': 1.0, 'factor_global': 1.0, 'factor_movilidad_ciudad': 1.0, 'factor_obras_construccion': 1.0, 'factor_zona_norte': 1.0}"
Campoamor Alto,18,2026-04-28 18:00:00,ZONA_NORTE,tarde,49.015,49.015,1.0,0.85,0.0,🟢 NORMAL,47.574,42.392,"{'factor_calor_acumulado': 1.0, 'factor_eventos': 1.0, 'factor_fin_de_semana': 1.0, 'factor_franja_tarde': 1.0, 'factor_global': 1.0, 'factor_movilidad_ciudad': 1.0, 'factor_obras_construccion': 1.0, 'factor_zona_norte': 1.0}"
Campoamor Alto,19,2026-04-28 19:00:00,ZONA_NORTE,tarde,116.676,116.676,1.0,0.85,0.0,🟢 NORMAL,61.166,54.504,"{'factor_calor_acumulado': 1.0, 'factor_eventos': 1.0, 'factor_fin_de_semana': 1.0, 'factor_franja_tarde': 1.0, 'factor_global': 1.0, 'factor_movilidad_ciudad': 1.0, 'factor_obras_construccion': 1.0, 'factor_zona_norte': 1.0}"
Campoamor Alto,20,2026-04-28 20:00:00,ZONA_NORTE,tarde,62.822,62.822,1.0,0.85,0.0,🟢 NORMAL,74.759,66.616,"{'factor_calor_acumulado': 1.0, 'factor_eventos': 1.0, 'factor_fin_de_semana': 1.0, 'factor_franja_tarde': 1.0, 'factor_global': 1.0, 'factor_movilidad_ciudad': 1.0, 'factor_obras_construccion': 1.0, 'factor_zona_norte': 1.0}"
Campoamor Alto,21,2026-04-28 21:00:00,ZONA_NORTE,tarde,78.93,78.93,1.0,0.85,0.0,🟢 NORMAL,81.555,72.672,"{'factor_calor_acumulado': 1.0, 'factor_eventos': 1.0, 'factor_fin_de_semana': 1.0, 'factor_franja_tarde': 1.0, 'factor_global': 1.0, 'factor_movilidad_ciudad': 1.0, 'factor_obras_construccion': 1.0, 'factor_zona_norte': 1.0}"
Campoamor Alto,22,2026-04-28 22:00:00,ZONA_NORTE,noche,114.95,114.588,0.9969,0.85,-0.31,🟢 NORMAL,61.166,54.504,"{'factor_eventos': 1.0, 'factor_fin_de_semana': 1.0, 'factor_franja_noche': 0.95, 'factor_global': 1.0, 'factor_movilidad_ciudad': 1.0, 'factor_obras_construccion': 1.0, 'factor_zona_norte': 1.0}"
Campoamor Alto,23,2026-04-28 23:00:00,ZONA_NORTE,noche,47.289,47.14,0.9969,0.85,-0.31,🟢 NORMAL,47.574,42.392,"{'factor_eventos': 1.0, 'factor_fin_de_semana': 1.0, 'factor_franja_noche': 0.95, 'factor_global': 1.0, 'factor_movilidad_ciudad': 1.0, 'factor_obras_construccion': 1.0, 'factor_zona_norte': 1.0}"
DIPUTACIÓN DL,0,2026-04-28 00:00:00,ZONA_CENTRO,noche,81.632,79.472,0.9735,0.85,-2.65,🟢 NORMAL,99.33,78.517,"{'factor_cruceros': 1.0, 'factor_eventos': 1.0, 'factor_fin_de_semana': 1.0, 'factor_franja_noche': 0.95, 'factor_global': 1.0, 'factor_movilidad_ciudad': 1.0, 'factor_obras_construccion': 1.0, 'factor_ocupacion_hotelera': 0.8, 'factor_zona_centro': 1.0}"
DIPUTACIÓN DL,1,2026-04-28 01:00:00,ZONA_CENTRO,noche,0.1,0.097,0.9735,0.85,-2.65,🟢 NORMAL,33.115,25.988,"{'factor_cruceros': 1.0, 'factor_eventos': 1.0, 'factor_fin_de_semana': 1.0, 'factor_franja_noche': 0.95, 'factor_global': 1.0, 'factor_movilidad_ciudad': 1.0, 'factor_obras_construccion': 1.0, 'factor_ocupacion_hotelera': 0.8, 'factor_zona_centro': 1.0}"
DIPUTACIÓN DL,2,2026-04-28 02:00:00,ZONA_CENTRO,noche,0.1,0.097,0.9735,0.85,-2.65,🟢 NORMAL,31.338,23.502,"{'factor_cruceros': 1.0, 'factor_eventos': 1.0, 'factor_fin_de_semana': 1.0, 'factor_franja_noche': 0.95, 'factor_global': 1.0, 'factor_movilidad_ciudad': 1.0, 'factor_obras_construccion': 1.0, 'factor_ocupacion_hotelera': 0.8, 'factor_zona_centro': 1.0}"
DIPUTACIÓN DL,3,2026-04-28 03:00:00,ZONA_CENTRO,noche,29.291,28.516,0.9735,0.85,-2.65,🟢 NORMAL,31.189,22.238,"{'factor_cruceros': 1.0, 'factor_eventos': 1.0, 'factor_fin_de_semana': 1.0, 'factor_franja_noche': 0.95, 'factor_global': 1.0, 'factor_movilidad_ciudad': 1.0, 'factor_obras_construccion': 1.0, 'factor_ocupacion_hotelera': 0.8, 'factor_zona_centro': 1.0}"
DIPUTACIÓN DL,4,2026-04-28 04:00:00,ZONA_CENTRO,noche,100.265,97.612,0.9735,0.85,-2.65,🟢 NORMAL,28.68,20.513,"{'factor_cruceros': 1.0, 'factor_eventos': 1.0, 'factor_fin_de_semana': 1.0, 'factor_franja_noche': 0.95, 'factor_global': 1.0, 'factor_movilidad_ciudad': 1.0, 'factor_obras_construccion': 1.0, 'factor_ocupacion_hotelera': 0.8, 'factor_zona_centro': 1.0}"
DIPUTACIÓN DL,5,2026-04-28 05:00:00,ZONA_CENTRO,noche,19.205,18.696,0.9735,0.85,-2.65,🟢 NORMAL,26.152,18.303,"{'factor_cruceros': 1.0, 'factor_eventos': 1.0, 'factor_fin_de_semana': 1.0, 'factor_franja_noche': 0.95, 'factor_global': 1.0, 'factor_movilidad_ciudad': 1.0, 'factor_obras_construccion': 1.0, 'factor_ocupacion_hotelera': 0.8, 'factor_zona_centro': 1.0}"
DIPUTACIÓN DL,6,2026-04-28 06:00:00,ZONA_CENTRO,manana,19.686,19.221,0.9764,0.85,-2.36,🟢 NORMAL,26.807,18.585,"{'factor_cruceros': 1.0, 'factor_eventos': 1.0, 'factor_fin_de_semana': 1.0, 'factor_franja_manana': 1.0, 'factor_global': 1.0, 'factor_movilidad_ciudad': 1.0, 'factor_obras_construccion': 1.0, 'factor_ocupacion_hotelera': 0.8, 'factor_zona_centro': 1.0}"
DIPUTACIÓN DL,7,2026-04-28 07:00:00,ZONA_CENTRO,manana,12.337,12.046,0.9764,0.85,-2.36,🟢 NORMAL,30.158,19.446,"{'factor_cruceros': 1.0, 'factor_eventos': 1.0, 'factor_fin_de_semana': 1.0, 'factor_franja_manana': 1.0, 'factor_global': 1.0, 'factor_movilidad_ciudad': 1.0, 'factor_obras_construccion': 1.0, 'factor_ocupacion_hotelera': 0.8, 'factor_zona_centro': 1.0}"
DIPUTACIÓN DL,8,2026-04-28 08:00:00,ZONA_CENTRO,manana,15.701,15.33,0.9764,0.85,-2.36,🟢 NORMAL,38.256,24.208,"{'factor_cruceros': 1.0, 'factor_eventos': 1.0, 'factor_fin_de_semana': 1.0, 'factor_franja_manana': 1.0, 'factor_global': 1.0, 'factor_movilidad_ciudad': 1.0, 'factor_obras_construccion': 1.0, 'factor_ocupacion_hotelera': 0.8, 'factor_zona_centro': 1.0}"
DIPUTACIÓN DL,9,2026-04-28 09:00:00,ZONA_CENTRO,manana,39.402,38.472,0.9764,0.85,-2.36,🟢 NORMAL,44.434,31.414,"{'factor_cruceros': 1.0, 'factor_eventos': 1.0, 'factor_fin_de_semana': 1.0, 'factor_franja_manana': 1.0, 'factor_global': 1.0, 'factor_movilidad_ciudad': 1.0, 'factor_obras_construccion': 1.0, 'factor_ocupacion_hotelera': 0.8, 'factor_zona_centro': 1.0}"
DIPUTACIÓN DL,10,2026-04-28 10:00:00,ZONA_CENTRO,manana,0.1,0.098,0.9764,0.85,-2.36,🟢 NORMAL,46.566,36.35,"{'factor_cruceros': 1.0, 'factor_eventos': 1.0, 'factor_fin_de_semana': 1.0, 'factor_franja_manana': 1.0, 'factor_global': 1.0, 'factor_movilidad_ciudad': 1.0, 'factor_obras_construccion': 1.0, 'factor_ocupacion_hotelera': 0.8, 'factor_zona_centro': 1.0}"
DIPUTACIÓN DL,11,2026-04-28 11:00:00,ZONA_CENTRO,manana,36.285,35.429,0.9764,0.85,-2.36,🟢 NORMAL,41.812,33.392,"{'factor_cruceros': 1.0, 'factor_eventos': 1.0, 'factor_fin_de_semana': 1.0, 'factor_franja_manana': 1.0, 'factor_global': 1.0, 'factor_movilidad_ciudad': 1.0, 'factor_obras_construccion': 1.0, 'factor_ocupacion_hotelera': 0.8, 'factor_zona_centro': 1.0}"
DIPUTACIÓN DL,12,2026-04-28 12:00:00,ZONA_CENTRO,manana,21.231,20.729,0.9764,0.85,-2.36,🟢 NORMAL,39.383,31.432,"{'factor_cruceros': 1.0, 'factor_eventos': 1.0, 'factor_fin_de_semana': 1.0, 'factor_franja_manana': 1.0, 'factor_global': 1.0, 'factor_movilidad_ciudad': 1.0, 'factor_obras_construccion': 1.0, 'factor_ocupacion_hotelera': 0.8, 'factor_zona_centro': 1.0}"
DIPUTACIÓN DL,13,2026-04-28 13:00:00,ZONA_CENTRO,manana,146.286,142.832,0.9764,0.85,-2.36,🟢 NORMAL,158.929,125.627,"{'factor_cruceros': 1.0, 'factor_eventos': 1.0, 'factor_fin_de_semana': 1.0, 'factor_franja_manana': 1.0, 'factor_global': 1.0, 'factor_movilidad_ciudad': 1.0, 'factor_obras_construccion': 1.0, 'factor_ocupacion_hotelera': 0.8, 'factor_zona_centro': 1.0}"
DIPUTACIÓN DL,14,2026-04-28 14:00:00,ZONA_CENTRO,tarde,180.398,177.04,0.9814,0.85,-1.86,🟢 NORMAL,198.661,157.035,"{'factor_calor_acumulado': 1.0, 'factor_cruceros': 1.0, 'factor_eventos': 1.0, 'factor_fin_de_semana': 1.0, 'factor_franja_tarde': 1.0, 'factor_global': 1.0, 'factor_movilidad_ciudad': 1.0, 'factor_obras_construccion': 1.0, 'factor_ocupacion_hotelera': 0.8, 'factor_zona_centro': 1.0}"
DIPUTACIÓN DL,15,2026-04-28 15:00:00,ZONA_CENTRO,tarde,160.547,157.559,0.9814,0.85,-1.86,🟢 NORMAL,178.794,141.332,"{'factor_calor_acumulado': 1.0, 'factor_cruceros': 1.0, 'factor_eventos': 1.0, 'factor_fin_de_semana': 1.0, 'factor_franja_tarde': 1.0, 'factor_global': 1.0, 'factor_movilidad_ciudad': 1.0, 'factor_obras_construccion': 1.0, 'factor_ocupacion_hotelera': 0.8, 'factor_zona_centro': 1.0}"
DIPUTACIÓN DL,16,2026-04-28 16:00:00,ZONA_CENTRO,tarde,125.013,122.686,0.9814,0.85,-1.86,🟢 NORMAL,139.062,109.924,"{'factor_calor_acumulado': 1.0, 'factor_cruceros': 1.0, 'factor_eventos': 1.0, 'factor_fin_de_semana': 1.0, 'factor_franja_tarde': 1.0, 'factor_global': 1.0, 'factor_movilidad_ciudad': 1.0, 'factor_obras_construccion': 1.0, 'factor_ocupacion_hotelera': 0.8, 'factor_zona_centro': 1.0}"
DIPUTACIÓN DL,17,2026-04-28 17:00:00,ZONA_CENTRO,tarde,109.631,107.59,0.9814,0.85,-1.86,🟢 NORMAL,119.196,94.221,"{'factor_calor_acumulado': 1.0, 'factor_cruceros': 1.0, 'factor_eventos': 1.0, 'factor_fin_de_semana': 1.0, 'factor_franja_tarde': 1.0, 'factor_global': 1.0, 'factor_movilidad_ciudad': 1.0, 'factor_obras_construccion': 1.0, 'factor_ocupacion_hotelera': 0.8, 'factor_zona_centro': 1.0}"
DIPUTACIÓN DL,18,2026-04-28 18:00:00,ZONA_CENTRO,tarde,125.013,122.686,0.9814,0.85,-1.86,🟢 NORMAL,139.062,109.924,"{'factor_calor_acumulado': 1.0, 'factor_cruceros': 1.0, 'factor_eventos': 1.0, 'factor_fin_de_semana': 1.0, 'factor_franja_tarde': 1.0, 'factor_global': 1.0, 'factor_movilidad_ciudad': 1.0, 'factor_obras_construccion': 1.0, 'factor_ocupacion_hotelera': 0.8, 'factor_zona_centro': 1.0}"
DIPUTACIÓN DL,19,2026-04-28 19:00:00,ZONA_CENTRO,tarde,160.547,157.559,0.9814,0.85,-1.86,🟢 NORMAL,178.794,141.332,"{'factor_calor_acumulado': 1.0, 'factor_cruceros': 1.0, 'factor_eventos': 1.0, 'factor_fin_de_semana': 1.0, 'factor_franja_tarde': 1.0, 'factor_global': 1.0, 'factor_movilidad_ciudad': 1.0, 'factor_obras_construccion': 1.0, 'factor_ocupacion_hotelera': 0.8, 'factor_zona_centro': 1.0}"
DIPUTACIÓN DL,20,2026-04-28 20:00:00,ZONA_CENTRO,tarde,189.45,185.924,0.9814,0.85,-1.86,🟢 NORMAL,218.526,172.738,"{'factor_calor_acumulado': 1.0, 'factor_cruceros': 1.0, 'factor_eventos': 1.0, 'factor_fin_de_semana': 1.0, 'factor_franja_tarde': 1.0, 'factor_global': 1.0, 'factor_movilidad_ciudad': 1.0, 'factor_obras_construccion': 1.0, 'factor_ocupacion_hotelera': 0.8, 'factor_zona_centro': 1.0}"
DIPUTACIÓN DL,21,2026-04-28 21:00:00,ZONA_CENTRO,tarde,196.661,193.001,0.9814,0.85,-1.86,🟢 NORMAL,238.393,188.441,"{'factor_calor_acumulado': 1.0, 'factor_cruceros': 1.0, 'factor_eventos': 1.0, 'factor_fin_de_semana': 1.0, 'factor_franja_tarde': 1.0, 'factor_global': 1.0, 'factor_movilidad_ciudad': 1.0, 'factor_obras_construccion': 1.0, 'factor_ocupacion_hotelera': 0.8, 'factor_zona_centro': 1.0}"
DIPUTACIÓN DL,22,2026-04-28 22:00:00,ZONA_CENTRO,noche,158.821,154.619,0.9735,0.85,-2.65,🟢 NORMAL,178.794,141.332,"{'factor_cruceros': 1.0, 'factor_eventos': 1.0, 'factor_fin_de_semana': 1.0, 'factor_franja_noche': 0.95, 'factor_global': 1.0, 'factor_movilidad_ciudad': 1.0, 'factor_obras_construccion': 1.0, 'factor_ocupacion_hotelera': 0.8, 'factor_zona_centro': 1.0}"
DIPUTACIÓN DL,23,2026-04-28 23:00:00,ZONA_CENTRO,noche,123.287,120.025,0.9735,0.85,-2.65,🟢 NORMAL,139.062,109.924,"{'factor_cruceros': 1.0, 'factor_eventos': 1.0, 'factor_fin_de_semana': 1.0, 'factor_franja_noche': 0.95, 'factor_global': 1.0, 'factor_movilidad_ciudad': 1.0, 'factor_obras_construccion': 1.0, 'factor_ocupacion_hotelera': 0.8, 'factor_zona_centro': 1.0}"
Depósito Los Ángeles,0,2026-04-28 00:00:00,ZONA_NORTE,noche,7.841,7.816,0.9969,0.85,-0.31,🟢 NORMAL,9.148,5.51,"{'factor_eventos': 1.0, 'factor_fin_de_semana': 1.0, 'factor_franja_noche': 0.95, 'factor_global': 1.0, 'factor_movilidad_ciudad': 1.0, 'factor_obras_construccion': 1.0, 'factor_zona_norte': 1.0}"
Depósito Los Ángeles,1,2026-04-28 01:00:00,ZONA_NORTE,noche,20.784,20.718,0.9969,0.85,-0.31,🟢 NORMAL,19.9,14.4,"{'factor_eventos': 1.0, 'factor_fin_de_semana': 1.0, 'factor_franja_noche': 0.95, 'factor_global': 1.0, 'factor_movilidad_ciudad': 1.0, 'factor_obras_construccion': 1.0, 'factor_zona_norte': 1.0}"
Depósito Los Ángeles,2,2026-04-28 02:00:00,ZONA_NORTE,noche,24.826,24.747,0.9969,0.85,-0.31,🟢 NORMAL,17.85,13.128,"{'factor_eventos': 1.0, 'factor_fin_de_semana': 1.0, 'factor_franja_noche': 0.95, 'factor_global': 1.0, 'factor_movilidad_ciudad': 1.0, 'factor_obras_construccion': 1.0, 'factor_zona_norte': 1.0}"
Depósito Los Ángeles,3,2026-04-28 03:00:00,ZONA_NORTE,noche,24.023,23.948,0.9969,0.85,-0.31,🟢 NORMAL,16.7,13.05,"{'factor_eventos': 1.0, 'factor_fin_de_semana': 1.0, 'factor_franja_noche': 0.95, 'factor_global': 1.0, 'factor_movilidad_ciudad': 1.0, 'factor_obras_construccion': 1.0, 'factor_zona_norte': 1.0}"
Depósito Los Ángeles,4,2026-04-28 04:00:00,ZONA_NORTE,noche,24.023,23.948,0.9969,0.85,-0.31,🟢 NORMAL,15.7,12.7,"{'factor_eventos': 1.0, 'factor_fin_de_semana': 1.0, 'factor_franja_noche': 0.95, 'factor_global': 1.0, 'factor_movilidad_ciudad': 1.0, 'factor_obras_construccion': 1.0, 'factor_zona_norte': 1.0}"
Depósito Los Ángeles,5,2026-04-28 05:00:00,ZONA_NORTE,noche,28.387,28.298,0.9969,0.85,-0.31,🟢 NORMAL,14.75,11.45,"{'factor_eventos': 1.0, 'factor_fin_de_semana': 1.0, 'factor_franja_noche': 0.95, 'factor_global': 1.0, 'factor_movilidad_ciudad': 1.0, 'factor_obras_construccion': 1.0, 'factor_zona_norte': 1.0}"
Depósito Los Ángeles,6,2026-04-28 06:00:00,ZONA_NORTE,manana,26.286,26.286,1.0,0.85,0.0,🟢 NORMAL,16.353,12.3,"{'factor_eventos': 1.0, 'factor_fin_de_semana': 1.0, 'factor_franja_manana': 1.0, 'factor_global': 1.0, 'factor_movilidad_ciudad': 1.0, 'factor_obras_construccion': 1.0, 'factor_zona_norte': 1.0}"
Depósito Los Ángeles,7,2026-04-28 07:00:00,ZONA_NORTE,manana,27.1,27.1,1.0,0.85,0.0,🟢 NORMAL,18.7,13.7,"{'factor_eventos': 1.0, 'factor_fin_de_semana': 1.0, 'factor_franja_manana': 1.0, 'factor_global': 1.0, 'factor_movilidad_ciudad': 1.0, 'factor_obras_construccion': 1.0, 'factor_zona_norte': 1.0}"
Depósito Los Ángeles,8,2026-04-28 08:00:00,ZONA_NORTE,manana,23.025,23.025,1.0,0.85,0.0,🟢 NORMAL,22.895,15.82,"{'factor_eventos': 1.0, 'factor_fin_de_semana': 1.0, 'factor_franja_manana': 1.0, 'factor_global': 1.0, 'factor_movilidad_ciudad': 1.0, 'factor_obras_construccion': 1.0, 'factor_zona_norte': 1.0}"
Depósito Los Ángeles,9,2026-04-28 09:00:00,ZONA_NORTE,manana,19.686,19.686,1.0,0.85,0.0,🟢 NORMAL,25.385,20.032,"{'factor_eventos': 1.0, 'factor_fin_de_semana': 1.0, 'factor_franja_manana': 1.0, 'factor_global': 1.0, 'factor_movilidad_ciudad': 1.0, 'factor_obras_construccion': 1.0, 'factor_zona_norte': 1.0}"
Depósito Los Ángeles,10,2026-04-28 10:00:00,ZONA_NORTE,manana,0.1,0.1,1.0,0.85,0.0,🟢 NORMAL,26.118,22.682,"{'factor_eventos': 1.0, 'factor_fin_de_semana': 1.0, 'factor_franja_manana': 1.0, 'factor_global': 1.0, 'factor_movilidad_ciudad': 1.0, 'factor_obras_construccion': 1.0, 'factor_zona_norte': 1.0}"
Depósito Los Ángeles,11,2026-04-28 11:00:00,ZONA_NORTE,manana,16.947,16.947,1.0,0.85,0.0,🟢 NORMAL,25.167,20.432,"{'factor_eventos': 1.0, 'factor_fin_de_semana': 1.0, 'factor_franja_manana': 1.0, 'factor_global': 1.0, 'factor_movilidad_ciudad': 1.0, 'factor_obras_construccion': 1.0, 'factor_zona_norte': 1.0}"
Depósito Los Ángeles,12,2026-04-28 12:00:00,ZONA_NORTE,manana,20.285,20.285,1.0,0.85,0.0,🟢 NORMAL,23.05,17.3,"{'factor_eventos': 1.0, 'factor_fin_de_semana': 1.0, 'factor_franja_manana': 1.0, 'factor_global': 1.0, 'factor_movilidad_ciudad': 1.0, 'factor_obras_construccion': 1.0, 'factor_zona_norte': 1.0}"
Depósito Los Ángeles,13,2026-04-28 13:00:00,ZONA_NORTE,manana,12.068,12.068,1.0,0.85,0.0,🟢 NORMAL,14.637,8.816,"{'factor_eventos': 1.0, 'factor_fin_de_semana': 1.0, 'factor_franja_manana': 1.0, 'factor_global': 1.0, 'factor_movilidad_ciudad': 1.0, 'factor_obras_construccion': 1.0, 'factor_zona_norte': 1.0}"
Depósito Los Ángeles,14,2026-04-28 14:00:00,ZONA_NORTE,tarde,25.34,25.34,1.0,0.85,0.0,🟢 NORMAL,18.297,11.02,"{'factor_calor_acumulado': 1.0, 'factor_eventos': 1.0, 'factor_fin_de_semana': 1.0, 'factor_franja_tarde': 1.0, 'factor_global': 1.0, 'factor_movilidad_ciudad': 1.0, 'factor_obras_construccion': 1.0, 'factor_zona_norte': 1.0}"
Depósito Los Ángeles,15,2026-04-28 15:00:00,ZONA_NORTE,tarde,21.248,21.248,1.0,0.85,0.0,🟢 NORMAL,16.467,9.918,"{'factor_calor_acumulado': 1.0, 'factor_eventos': 1.0, 'factor_fin_de_semana': 1.0, 'factor_franja_tarde': 1.0, 'factor_global': 1.0, 'factor_movilidad_ciudad': 1.0, 'factor_obras_construccion': 1.0, 'factor_zona_norte': 1.0}"
Depósito Los Ángeles,16,2026-04-28 16:00:00,ZONA_NORTE,tarde,10.766,10.766,1.0,0.85,0.0,🟢 NORMAL,12.807,7.714,"{'factor_calor_acumulado': 1.0, 'factor_eventos': 1.0, 'factor_fin_de_semana': 1.0, 'factor_franja_tarde': 1.0, 'factor_global': 1.0, 'factor_movilidad_ciudad': 1.0, 'factor_obras_construccion': 1.0, 'factor_zona_norte': 1.0}"
Depósito Los Ángeles,17,2026-04-28 17:00:00,ZONA_NORTE,tarde,8.444,8.444,1.0,0.85,0.0,🟢 NORMAL,10.977,6.612,"{'factor_calor_acumulado': 1.0, 'factor_eventos': 1.0, 'factor_fin_de_semana': 1.0, 'factor_franja_tarde': 1.0, 'factor_global': 1.0, 'factor_movilidad_ciudad': 1.0, 'factor_obras_construccion': 1.0, 'factor_zona_norte': 1.0}"
Depósito Los Ángeles,18,2026-04-28 18:00:00,ZONA_NORTE,tarde,10.766,10.766,1.0,0.85,0.0,🟢 NORMAL,12.807,7.714,"{'factor_calor_acumulado': 1.0, 'factor_eventos': 1.0, 'factor_fin_de_semana': 1.0, 'factor_franja_tarde': 1.0, 'factor_global': 1.0, 'factor_movilidad_ciudad': 1.0, 'factor_obras_construccion': 1.0, 'factor_zona_norte': 1.0}"
Depósito Los Ángeles,19,2026-04-28 19:00:00,ZONA_NORTE,tarde,21.248,21.248,1.0,0.85,0.0,🟢 NORMAL,16.467,9.918,"{'factor_calor_acumulado': 1.0, 'factor_eventos': 1.0, 'factor_fin_de_semana': 1.0, 'factor_franja_tarde': 1.0, 'factor_global': 1.0, 'factor_movilidad_ciudad': 1.0, 'factor_obras_construccion': 1.0, 'factor_zona_norte': 1.0}"
Depósito Los Ángeles,20,2026-04-28 20:00:00,ZONA_NORTE,tarde,26.571,26.571,1.0,0.85,0.0,🟢 NORMAL,20.126,12.122,"{'factor_calor_acumulado': 1.0, 'factor_eventos': 1.0, 'factor_fin_de_semana': 1.0, 'factor_franja_tarde': 1.0, 'factor_global': 1.0, 'factor_movilidad_ciudad': 1.0, 'factor_obras_construccion': 1.0, 'factor_zona_norte': 1.0}"
Depósito Los Ángeles,21,2026-04-28 21:00:00,ZONA_NORTE,tarde,24.142,24.142,1.0,0.85,0.0,🟢 NORMAL,21.956,13.224,"{'factor_calor_acumulado': 1.0, 'factor_eventos': 1.0, 'factor_fin_de_semana': 1.0, 'factor_franja_tarde': 1.0, 'factor_global': 1.0, 'factor_movilidad_ciudad': 1.0, 'factor_obras_construccion': 1.0, 'factor_zona_norte': 1.0}"
Depósito Los Ángeles,22,2026-04-28 22:00:00,ZONA_NORTE,noche,21.664,21.595,0.9969,0.85,-0.31,🟢 NORMAL,16.467,9.918,"{'factor_eventos': 1.0, 'factor_fin_de_semana': 1.0, 'factor_franja_noche': 0.95, 'factor_global': 1.0, 'factor_movilidad_ciudad': 1.0, 'factor_obras_construccion': 1.0, 'factor_zona_norte': 1.0}"
Depósito Los Ángeles,23,2026-04-28 23:00:00,ZONA_NORTE,noche,11.182,11.146,0.9969,0.85,-0.31,🟢 NORMAL,12.807,7.714,"{'factor_eventos': 1.0, 'factor_fin_de_semana': 1.0, 'factor_franja_noche': 0.95, 'factor_global': 1.0, 'factor_movilidad_ciudad': 1.0, 'factor_obras_construccion': 1.0, 'factor_zona_norte': 1.0}"
GARBINET NORTE 1,0,2026-04-28 00:00:00,ZONA_NORTE,noche,72.568,72.34,0.9969,0.85,-0.31,🟢 NORMAL,85.252,67.88,"{'factor_eventos': 1.0, 'factor_fin_de_semana': 1.0, 'factor_franja_noche': 0.95, 'factor_global': 1.0, 'factor_movilidad_ciudad': 1.0, 'factor_obras_construccion': 1.0, 'factor_zona_norte': 1.0}"
GARBINET NORTE 1,1,2026-04-28 01:00:00,ZONA_NORTE,noche,20.89,20.825,0.9969,0.85,-0.31,🟢 NORMAL,17.515,9.035,"{'factor_eventos': 1.0, 'factor_fin_de_semana': 1.0, 'factor_franja_noche': 0.95, 'factor_global': 1.0, 'factor_movilidad_ciudad': 1.0, 'factor_obras_construccion': 1.0, 'factor_zona_norte': 1.0}"
GARBINET NORTE 1,2,2026-04-28 02:00:00,ZONA_NORTE,noche,10.212,10.18,0.9969,0.85,-0.31,🟢 NORMAL,14.615,7.3,"{'factor_eventos': 1.0, 'factor_fin_de_semana': 1.0, 'factor_franja_noche': 0.95, 'factor_global': 1.0, 'factor_movilidad_ciudad': 1.0, 'factor_obras_construccion': 1.0, 'factor_zona_norte': 1.0}"
GARBINET NORTE 1,3,2026-04-28 03:00:00,ZONA_NORTE,noche,10.212,10.18,0.9969,0.85,-0.31,🟢 NORMAL,12.55,7.235,"{'factor_eventos': 1.0, 'factor_fin_de_semana': 1.0, 'factor_franja_noche': 0.95, 'factor_global': 1.0, 'factor_movilidad_ciudad': 1.0, 'factor_obras_construccion': 1.0, 'factor_zona_norte': 1.0}"
GARBINET NORTE 1,4,2026-04-28 04:00:00,ZONA_NORTE,noche,10.212,10.18,0.9969,0.85,-0.31,🟢 NORMAL,11.65,6.95,"{'factor_eventos': 1.0, 'factor_fin_de_semana': 1.0, 'factor_franja_noche': 0.95, 'factor_global': 1.0, 'factor_movilidad_ciudad': 1.0, 'factor_obras_construccion': 1.0, 'factor_zona_norte': 1.0}"
GARBINET NORTE 1,5,2026-04-28 05:00:00,ZONA_NORTE,noche,14.61,14.564,0.9969,0.85,-0.31,🟢 NORMAL,10.55,5.75,"{'factor_eventos': 1.0, 'factor_fin_de_semana': 1.0, 'factor_franja_noche': 0.95, 'factor_global': 1.0, 'factor_movilidad_ciudad': 1.0, 'factor_obras_construccion': 1.0, 'factor_zona_norte': 1.0}"
GARBINET NORTE 1,6,2026-04-28 06:00:00,ZONA_NORTE,manana,13.482,13.482,1.0,0.85,0.0,🟢 NORMAL,11.765,6.35,"{'factor_eventos': 1.0, 'factor_fin_de_semana': 1.0, 'factor_franja_manana': 1.0, 'factor_global': 1.0, 'factor_movilidad_ciudad': 1.0, 'factor_obras_construccion': 1.0, 'factor_zona_norte': 1.0}"
GARBINET NORTE 1,7,2026-04-28 07:00:00,ZONA_NORTE,manana,20.4,20.4,1.0,0.85,0.0,🟢 NORMAL,15.525,8.662,"{'factor_eventos': 1.0, 'factor_fin_de_semana': 1.0, 'factor_franja_manana': 1.0, 'factor_global': 1.0, 'factor_movilidad_ciudad': 1.0, 'factor_obras_construccion': 1.0, 'factor_zona_norte': 1.0}"
GARBINET NORTE 1,8,2026-04-28 08:00:00,ZONA_NORTE,manana,23.414,23.414,1.0,0.85,0.0,🟢 NORMAL,25.45,11.85,"{'factor_eventos': 1.0, 'factor_fin_de_semana': 1.0, 'factor_franja_manana': 1.0, 'factor_global': 1.0, 'factor_movilidad_ciudad': 1.0, 'factor_obras_construccion': 1.0, 'factor_zona_norte': 1.0}"
GARBINET NORTE 1,9,2026-04-28 09:00:00,ZONA_NORTE,manana,19.256,19.256,1.0,0.85,0.0,🟢 NORMAL,26.3,16.65,"{'factor_eventos': 1.0, 'factor_fin_de_semana': 1.0, 'factor_franja_manana': 1.0, 'factor_global': 1.0, 'factor_movilidad_ciudad': 1.0, 'factor_obras_construccion': 1.0, 'factor_zona_norte': 1.0}"
GARBINET NORTE 1,10,2026-04-28 10:00:00,ZONA_NORTE,manana,0.1,0.1,1.0,0.85,0.0,🟢 NORMAL,25.103,17.397,"{'factor_eventos': 1.0, 'factor_fin_de_semana': 1.0, 'factor_franja_manana': 1.0, 'factor_global': 1.0, 'factor_movilidad_ciudad': 1.0, 'factor_obras_construccion': 1.0, 'factor_zona_norte': 1.0}"
GARBINET NORTE 1,11,2026-04-28 11:00:00,ZONA_NORTE,manana,17.877,17.877,1.0,0.85,0.0,🟢 NORMAL,23.202,14.798,"{'factor_eventos': 1.0, 'factor_fin_de_semana': 1.0, 'factor_franja_manana': 1.0, 'factor_global': 1.0, 'factor_movilidad_ciudad': 1.0, 'factor_obras_construccion': 1.0, 'factor_zona_norte': 1.0}"
GARBINET NORTE 1,12,2026-04-28 12:00:00,ZONA_NORTE,manana,24.361,24.361,1.0,0.85,0.0,🟢 NORMAL,20.665,11.5,"{'factor_eventos': 1.0, 'factor_fin_de_semana': 1.0, 'factor_franja_manana': 1.0, 'factor_global': 1.0, 'factor_movilidad_ciudad': 1.0, 'factor_obras_construccion': 1.0, 'factor_zona_norte': 1.0}"
GARBINET NORTE 1,13,2026-04-28 13:00:00,ZONA_NORTE,manana,124.575,124.575,1.0,0.85,0.0,🟢 NORMAL,136.403,108.608,"{'factor_eventos': 1.0, 'factor_fin_de_semana': 1.0, 'factor_franja_manana': 1.0, 'factor_global': 1.0, 'factor_movilidad_ciudad': 1.0, 'factor_obras_construccion': 1.0, 'factor_zona_norte': 1.0}"
GARBINET NORTE 1,14,2026-04-28 14:00:00,ZONA_NORTE,tarde,155.824,155.824,1.0,0.85,0.0,🟢 NORMAL,170.504,135.76,"{'factor_calor_acumulado': 1.0, 'factor_eventos': 1.0, 'factor_fin_de_semana': 1.0, 'factor_franja_tarde': 1.0, 'factor_global': 1.0, 'factor_movilidad_ciudad': 1.0, 'factor_obras_construccion': 1.0, 'factor_zona_norte': 1.0}"
GARBINET NORTE 1,15,2026-04-28 15:00:00,ZONA_NORTE,tarde,140.929,140.929,1.0,0.85,0.0,🟢 NORMAL,153.454,122.184,"{'factor_calor_acumulado': 1.0, 'factor_eventos': 1.0, 'factor_fin_de_semana': 1.0, 'factor_franja_tarde': 1.0, 'factor_global': 1.0, 'factor_movilidad_ciudad': 1.0, 'factor_obras_construccion': 1.0, 'factor_zona_norte': 1.0}"
GARBINET NORTE 1,16,2026-04-28 16:00:00,ZONA_NORTE,tarde,106.734,106.734,1.0,0.85,0.0,🟢 NORMAL,119.353,95.032,"{'factor_calor_acumulado': 1.0, 'factor_eventos': 1.0, 'factor_fin_de_semana': 1.0, 'factor_franja_tarde': 1.0, 'factor_global': 1.0, 'factor_movilidad_ciudad': 1.0, 'factor_obras_construccion': 1.0, 'factor_zona_norte': 1.0}"
GARBINET NORTE 1,17,2026-04-28 17:00:00,ZONA_NORTE,tarde,90.945,90.945,1.0,0.85,0.0,🟢 NORMAL,102.303,81.456,"{'factor_calor_acumulado': 1.0, 'factor_eventos': 1.0, 'factor_fin_de_semana': 1.0, 'factor_franja_tarde': 1.0, 'factor_global': 1.0, 'factor_movilidad_ciudad': 1.0, 'factor_obras_construccion': 1.0, 'factor_zona_norte': 1.0}"
GARBINET NORTE 1,18,2026-04-28 18:00:00,ZONA_NORTE,tarde,106.734,106.734,1.0,0.85,0.0,🟢 NORMAL,119.353,95.032,"{'factor_calor_acumulado': 1.0, 'factor_eventos': 1.0, 'factor_fin_de_semana': 1.0, 'factor_franja_tarde': 1.0, 'factor_global': 1.0, 'factor_movilidad_ciudad': 1.0, 'factor_obras_construccion': 1.0, 'factor_zona_norte': 1.0}"
GARBINET NORTE 1,19,2026-04-28 19:00:00,ZONA_NORTE,tarde,140.929,140.929,1.0,0.85,0.0,🟢 NORMAL,153.454,122.184,"{'factor_calor_acumulado': 1.0, 'factor_eventos': 1.0, 'factor_fin_de_semana': 1.0, 'factor_franja_tarde': 1.0, 'factor_global': 1.0, 'factor_movilidad_ciudad': 1.0, 'factor_obras_construccion': 1.0, 'factor_zona_norte': 1.0}"
GARBINET NORTE 1,20,2026-04-28 20:00:00,ZONA_NORTE,tarde,164.494,164.494,1.0,0.85,0.0,🟢 NORMAL,187.555,149.337,"{'factor_calor_acumulado': 1.0, 'factor_eventos': 1.0, 'factor_fin_de_semana': 1.0, 'factor_franja_tarde': 1.0, 'factor_global': 1.0, 'factor_movilidad_ciudad': 1.0, 'factor_obras_construccion': 1.0, 'factor_zona_norte': 1.0}"
GARBINET NORTE 1,21,2026-04-28 21:00:00,ZONA_NORTE,tarde,179.11,179.11,1.0,0.85,0.0,🟢 NORMAL,204.605,162.913,"{'factor_calor_acumulado': 1.0, 'factor_eventos': 1.0, 'factor_fin_de_semana': 1.0, 'factor_franja_tarde': 1.0, 'factor_global': 1.0, 'factor_movilidad_ciudad': 1.0, 'factor_obras_construccion': 1.0, 'factor_zona_norte': 1.0}"
GARBINET NORTE 1,22,2026-04-28 22:00:00,ZONA_NORTE,noche,139.203,138.765,0.9969,0.85,-0.31,🟢 NORMAL,153.454,122.184,"{'factor_eventos': 1.0, 'factor_fin_de_semana': 1.0, 'factor_franja_noche': 0.95, 'factor_global': 1.0, 'factor_movilidad_ciudad': 1.0, 'factor_obras_construccion': 1.0, 'factor_zona_norte': 1.0}"
GARBINET NORTE 1,23,2026-04-28 23:00:00,ZONA_NORTE,noche,105.008,104.677,0.9969,0.85,-0.31,🟢 NORMAL,119.353,95.032,"{'factor_eventos': 1.0, 'factor_fin_de_semana': 1.0, 'factor_franja_noche': 0.95, 'factor_global': 1.0, 'factor_movilidad_ciudad': 1.0, 'factor_obras_construccion': 1.0, 'factor_zona_norte': 1.0}"
INFORMACIÓN DL,0,2026-04-28 00:00:00,ZONA_NORTE,noche,11.184,11.148,0.9969,0.85,-0.31,🟢 NORMAL,12.344,8.326,"{'factor_eventos': 1.0, 'factor_fin_de_semana': 1.0, 'factor_franja_noche': 0.95, 'factor_global': 1.0, 'factor_movilidad_ciudad': 1.0, 'factor_obras_construccion': 1.0, 'factor_zona_norte': 1.0}"
INFORMACIÓN DL,1,2026-04-28 01:00:00,ZONA_NORTE,noche,24.826,24.747,0.9969,0.85,-0.31,🟢 NORMAL,18.0,12.0,"{'factor_eventos': 1.0, 'factor_fin_de_semana': 1.0, 'factor_franja_noche': 0.95, 'factor_global': 1.0, 'factor_movilidad_ciudad': 1.0, 'factor_obras_construccion': 1.0, 'factor_zona_norte': 1.0}"
INFORMACIÓN DL,2,2026-04-28 02:00:00,ZONA_NORTE,noche,0.1,0.1,0.9969,0.85,-0.31,🟢 NORMAL,16.38,10.0,"{'factor_eventos': 1.0, 'factor_fin_de_semana': 1.0, 'factor_franja_noche': 0.95, 'factor_global': 1.0, 'factor_movilidad_ciudad': 1.0, 'factor_obras_construccion': 1.0, 'factor_zona_norte': 1.0}"
INFORMACIÓN DL,3,2026-04-28 03:00:00,ZONA_NORTE,noche,25.197,25.118,0.9969,0.85,-0.31,🟢 NORMAL,16.0,10.0,"{'factor_eventos': 1.0, 'factor_fin_de_semana': 1.0, 'factor_franja_noche': 0.95, 'factor_global': 1.0, 'factor_movilidad_ciudad': 1.0, 'factor_obras_construccion': 1.0, 'factor_zona_norte': 1.0}"
INFORMACIÓN DL,4,2026-04-28 04:00:00,ZONA_NORTE,noche,18.137,18.08,0.9969,0.85,-0.31,🟢 NORMAL,15.33,9.0,"{'factor_eventos': 1.0, 'factor_fin_de_semana': 1.0, 'factor_franja_noche': 0.95, 'factor_global': 1.0, 'factor_movilidad_ciudad': 1.0, 'factor_obras_construccion': 1.0, 'factor_zona_norte': 1.0}"
INFORMACIÓN DL,5,2026-04-28 05:00:00,ZONA_NORTE,noche,26.603,26.519,0.9969,0.85,-0.31,🟢 NORMAL,16.0,10.0,"{'factor_eventos': 1.0, 'factor_fin_de_semana': 1.0, 'factor_franja_noche': 0.95, 'factor_global': 1.0, 'factor_movilidad_ciudad': 1.0, 'factor_obras_construccion': 1.0, 'factor_zona_norte': 1.0}"
INFORMACIÓN DL,6,2026-04-28 06:00:00,ZONA_NORTE,manana,23.153,23.153,1.0,0.85,0.0,🟢 NORMAL,16.0,10.0,"{'factor_eventos': 1.0, 'factor_fin_de_semana': 1.0, 'factor_franja_manana': 1.0, 'factor_global': 1.0, 'factor_movilidad_ciudad': 1.0, 'factor_obras_construccion': 1.0, 'factor_zona_norte': 1.0}"
INFORMACIÓN DL,7,2026-04-28 07:00:00,ZONA_NORTE,manana,27.1,27.1,1.0,0.85,0.0,🟢 NORMAL,19.0,12.0,"{'factor_eventos': 1.0, 'factor_fin_de_semana': 1.0, 'factor_franja_manana': 1.0, 'factor_global': 1.0, 'factor_movilidad_ciudad': 1.0, 'factor_obras_construccion': 1.0, 'factor_zona_norte': 1.0}"
INFORMACIÓN DL,8,2026-04-28 08:00:00,ZONA_NORTE,manana,24.672,24.672,1.0,0.85,0.0,🟢 NORMAL,20.47,13.0,"{'factor_eventos': 1.0, 'factor_fin_de_semana': 1.0, 'factor_franja_manana': 1.0, 'factor_global': 1.0, 'factor_movilidad_ciudad': 1.0, 'factor_obras_construccion': 1.0, 'factor_zona_norte': 1.0}"
INFORMACIÓN DL,9,2026-04-28 09:00:00,ZONA_NORTE,manana,23.463,23.463,1.0,0.85,0.0,🟢 NORMAL,23.0,16.0,"{'factor_eventos': 1.0, 'factor_fin_de_semana': 1.0, 'factor_franja_manana': 1.0, 'factor_global': 1.0, 'factor_movilidad_ciudad': 1.0, 'factor_obras_construccion': 1.0, 'factor_zona_norte': 1.0}"
INFORMACIÓN DL,10,2026-04-28 10:00:00,ZONA_NORTE,manana,0.1,0.1,1.0,0.85,0.0,🟢 NORMAL,24.0,18.0,"{'factor_eventos': 1.0, 'factor_fin_de_semana': 1.0, 'factor_franja_manana': 1.0, 'factor_global': 1.0, 'factor_movilidad_ciudad': 1.0, 'factor_obras_construccion': 1.0, 'factor_zona_norte': 1.0}"
INFORMACIÓN DL,11,2026-04-28 11:00:00,ZONA_NORTE,manana,16.516,16.516,1.0,0.85,0.0,🟢 NORMAL,22.0,15.0,"{'factor_eventos': 1.0, 'factor_fin_de_semana': 1.0, 'factor_franja_manana': 1.0, 'factor_global': 1.0, 'factor_movilidad_ciudad': 1.0, 'factor_obras_construccion': 1.0, 'factor_zona_norte': 1.0}"
INFORMACIÓN DL,12,2026-04-28 12:00:00,ZONA_NORTE,manana,19.557,19.557,1.0,0.85,0.0,🟢 NORMAL,20.0,12.0,"{'factor_eventos': 1.0, 'factor_fin_de_semana': 1.0, 'factor_franja_manana': 1.0, 'factor_global': 1.0, 'factor_movilidad_ciudad': 1.0, 'factor_obras_construccion': 1.0, 'factor_zona_norte': 1.0}"
INFORMACIÓN DL,13,2026-04-28 13:00:00,ZONA_NORTE,manana,23.726,23.726,1.0,0.85,0.0,🟢 NORMAL,19.751,13.322,"{'factor_eventos': 1.0, 'factor_fin_de_semana': 1.0, 'factor_franja_manana': 1.0, 'factor_global': 1.0, 'factor_movilidad_ciudad': 1.0, 'factor_obras_construccion': 1.0, 'factor_zona_norte': 1.0}"
INFORMACIÓN DL,14,2026-04-28 14:00:00,ZONA_NORTE,tarde,54.133,54.133,1.0,0.85,0.0,🟢 NORMAL,24.689,16.652,"{'factor_calor_acumulado': 1.0, 'factor_eventos': 1.0, 'factor_fin_de_semana': 1.0, 'factor_franja_tarde': 1.0, 'factor_global': 1.0, 'factor_movilidad_ciudad': 1.0, 'factor_obras_construccion': 1.0, 'factor_zona_norte': 1.0}"
INFORMACIÓN DL,15,2026-04-28 15:00:00,ZONA_NORTE,tarde,22.08,22.08,1.0,0.85,0.0,🟢 NORMAL,22.22,14.988,"{'factor_calor_acumulado': 1.0, 'factor_eventos': 1.0, 'factor_fin_de_semana': 1.0, 'factor_franja_tarde': 1.0, 'factor_global': 1.0, 'factor_movilidad_ciudad': 1.0, 'factor_obras_construccion': 1.0, 'factor_zona_norte': 1.0}"
INFORMACIÓN DL,16,2026-04-28 16:00:00,ZONA_NORTE,tarde,26.143,26.143,1.0,0.85,0.0,🟢 NORMAL,17.282,11.657,"{'factor_calor_acumulado': 1.0, 'factor_eventos': 1.0, 'factor_fin_de_semana': 1.0, 'factor_franja_tarde': 1.0, 'factor_global': 1.0, 'factor_movilidad_ciudad': 1.0, 'factor_obras_construccion': 1.0, 'factor_zona_norte': 1.0}"
INFORMACIÓN DL,17,2026-04-28 17:00:00,ZONA_NORTE,tarde,21.248,21.248,1.0,0.85,0.0,🟢 NORMAL,14.813,9.992,"{'factor_calor_acumulado': 1.0, 'factor_eventos': 1.0, 'factor_fin_de_semana': 1.0, 'factor_franja_tarde': 1.0, 'factor_global': 1.0, 'factor_movilidad_ciudad': 1.0, 'factor_obras_construccion': 1.0, 'factor_zona_norte': 1.0}"
INFORMACIÓN DL,18,2026-04-28 18:00:00,ZONA_NORTE,tarde,26.143,26.143,1.0,0.85,0.0,🟢 NORMAL,17.282,11.657,"{'factor_calor_acumulado': 1.0, 'factor_eventos': 1.0, 'factor_fin_de_semana': 1.0, 'factor_franja_tarde': 1.0, 'factor_global': 1.0, 'factor_movilidad_ciudad': 1.0, 'factor_obras_construccion': 1.0, 'factor_zona_norte': 1.0}"
INFORMACIÓN DL,19,2026-04-28 19:00:00,ZONA_NORTE,tarde,22.08,22.08,1.0,0.85,0.0,🟢 NORMAL,22.22,14.988,"{'factor_calor_acumulado': 1.0, 'factor_eventos': 1.0, 'factor_fin_de_semana': 1.0, 'factor_franja_tarde': 1.0, 'factor_global': 1.0, 'factor_movilidad_ciudad': 1.0, 'factor_obras_construccion': 1.0, 'factor_zona_norte': 1.0}"
INFORMACIÓN DL,20,2026-04-28 20:00:00,ZONA_NORTE,tarde,24.671,24.671,1.0,0.85,0.0,🟢 NORMAL,27.158,18.318,"{'factor_calor_acumulado': 1.0, 'factor_eventos': 1.0, 'factor_fin_de_semana': 1.0, 'factor_franja_tarde': 1.0, 'factor_global': 1.0, 'factor_movilidad_ciudad': 1.0, 'factor_obras_construccion': 1.0, 'factor_zona_norte': 1.0}"
INFORMACIÓN DL,21,2026-04-28 21:00:00,ZONA_NORTE,tarde,12.716,12.716,1.0,0.85,0.0,🟢 NORMAL,29.627,19.984,"{'factor_calor_acumulado': 1.0, 'factor_eventos': 1.0, 'factor_fin_de_semana': 1.0, 'factor_franja_tarde': 1.0, 'factor_global': 1.0, 'factor_movilidad_ciudad': 1.0, 'factor_obras_construccion': 1.0, 'factor_zona_norte': 1.0}"
INFORMACIÓN DL,22,2026-04-28 22:00:00,ZONA_NORTE,noche,21.573,21.505,0.9969,0.85,-0.31,🟢 NORMAL,22.22,14.988,"{'factor_eventos': 1.0, 'factor_fin_de_semana': 1.0, 'factor_franja_noche': 0.95, 'factor_global': 1.0, 'factor_movilidad_ciudad': 1.0, 'factor_obras_construccion': 1.0, 'factor_zona_norte': 1.0}"
INFORMACIÓN DL,23,2026-04-28 23:00:00,ZONA_NORTE,noche,26.558,26.475,0.9969,0.85,-0.31,🟢 NORMAL,17.282,11.657,"{'factor_eventos': 1.0, 'factor_fin_de_semana': 1.0, 'factor_franja_noche': 0.95, 'factor_global': 1.0, 'factor_movilidad_ciudad': 1.0, 'factor_obras_construccion': 1.0, 'factor_zona_norte': 1.0}"
LONJA,0,2026-04-28 00:00:00,ZONA_NORTE,noche,7.841,7.816,0.9969,0.85,-0.31,🟢 NORMAL,4.276,3.026,"{'factor_eventos': 1.0, 'factor_fin_de_semana': 1.0, 'factor_franja_noche': 0.95, 'factor_global': 1.0, 'factor_movilidad_ciudad': 1.0, 'factor_obras_construccion': 1.0, 'factor_zona_norte': 1.0}"
LONJA,1,2026-04-28 01:00:00,ZONA_NORTE,noche,6.869,6.847,0.9969,0.85,-0.31,🟢 NORMAL,6.143,4.0,"{'factor_eventos': 1.0, 'factor_fin_de_semana': 1.0, 'factor_franja_noche': 0.95, 'factor_global': 1.0, 'factor_movilidad_ciudad': 1.0, 'factor_obras_construccion': 1.0, 'factor_zona_norte': 1.0}"
LONJA,2,2026-04-28 02:00:00,ZONA_NORTE,noche,6.869,6.847,0.9969,0.85,-0.31,🟢 NORMAL,6.883,4.184,"{'factor_eventos': 1.0, 'factor_fin_de_semana': 1.0, 'factor_franja_noche': 0.95, 'factor_global': 1.0, 'factor_movilidad_ciudad': 1.0, 'factor_obras_construccion': 1.0, 'factor_zona_norte': 1.0}"
LONJA,3,2026-04-28 03:00:00,ZONA_NORTE,noche,6.869,6.847,0.9969,0.85,-0.31,🟢 NORMAL,6.61,4.167,"{'factor_eventos': 1.0, 'factor_fin_de_semana': 1.0, 'factor_franja_noche': 0.95, 'factor_global': 1.0, 'factor_movilidad_ciudad': 1.0, 'factor_obras_construccion': 1.0, 'factor_zona_norte': 1.0}"
LONJA,4,2026-04-28 04:00:00,ZONA_NORTE,noche,6.869,6.847,0.9969,0.85,-0.31,🟢 NORMAL,5.428,3.59,"{'factor_eventos': 1.0, 'factor_fin_de_semana': 1.0, 'factor_franja_noche': 0.95, 'factor_global': 1.0, 'factor_movilidad_ciudad': 1.0, 'factor_obras_construccion': 1.0, 'factor_zona_norte': 1.0}"
LONJA,5,2026-04-28 05:00:00,ZONA_NORTE,noche,13.589,13.546,0.9969,0.85,-0.31,🟢 NORMAL,5.309,3.571,"{'factor_eventos': 1.0, 'factor_fin_de_semana': 1.0, 'factor_franja_noche': 0.95, 'factor_global': 1.0, 'factor_movilidad_ciudad': 1.0, 'factor_obras_construccion': 1.0, 'factor_zona_norte': 1.0}"
LONJA,6,2026-04-28 06:00:00,ZONA_NORTE,manana,10.139,10.139,1.0,0.85,0.0,🟢 NORMAL,5.113,3.28,"{'factor_eventos': 1.0, 'factor_fin_de_semana': 1.0, 'factor_franja_manana': 1.0, 'factor_global': 1.0, 'factor_movilidad_ciudad': 1.0, 'factor_obras_construccion': 1.0, 'factor_zona_norte': 1.0}"
LONJA,7,2026-04-28 07:00:00,ZONA_NORTE,manana,10.139,10.139,1.0,0.85,0.0,🟢 NORMAL,5.274,3.05,"{'factor_eventos': 1.0, 'factor_fin_de_semana': 1.0, 'factor_franja_manana': 1.0, 'factor_global': 1.0, 'factor_movilidad_ciudad': 1.0, 'factor_obras_construccion': 1.0, 'factor_zona_norte': 1.0}"
LONJA,8,2026-04-28 08:00:00,ZONA_NORTE,manana,10.139,10.139,1.0,0.85,0.0,🟢 NORMAL,5.85,3.43,"{'factor_eventos': 1.0, 'factor_fin_de_semana': 1.0, 'factor_franja_manana': 1.0, 'factor_global': 1.0, 'factor_movilidad_ciudad': 1.0, 'factor_obras_construccion': 1.0, 'factor_zona_norte': 1.0}"
LONJA,9,2026-04-28 09:00:00,ZONA_NORTE,manana,10.139,10.139,1.0,0.85,0.0,🟢 NORMAL,6.694,3.753,"{'factor_eventos': 1.0, 'factor_fin_de_semana': 1.0, 'factor_franja_manana': 1.0, 'factor_global': 1.0, 'factor_movilidad_ciudad': 1.0, 'factor_obras_construccion': 1.0, 'factor_zona_norte': 1.0}"
LONJA,10,2026-04-28 10:00:00,ZONA_NORTE,manana,0.1,0.1,1.0,0.85,0.0,🟢 NORMAL,7.107,4.366,"{'factor_eventos': 1.0, 'factor_fin_de_semana': 1.0, 'factor_franja_manana': 1.0, 'factor_global': 1.0, 'factor_movilidad_ciudad': 1.0, 'factor_obras_construccion': 1.0, 'factor_zona_norte': 1.0}"
LONJA,11,2026-04-28 11:00:00,ZONA_NORTE,manana,6.642,6.642,1.0,0.85,0.0,🟢 NORMAL,6.651,3.896,"{'factor_eventos': 1.0, 'factor_fin_de_semana': 1.0, 'factor_franja_manana': 1.0, 'factor_global': 1.0, 'factor_movilidad_ciudad': 1.0, 'factor_obras_construccion': 1.0, 'factor_zona_norte': 1.0}"
LONJA,12,2026-04-28 12:00:00,ZONA_NORTE,manana,6.642,6.642,1.0,0.85,0.0,🟢 NORMAL,6.286,4.087,"{'factor_eventos': 1.0, 'factor_fin_de_semana': 1.0, 'factor_franja_manana': 1.0, 'factor_global': 1.0, 'factor_movilidad_ciudad': 1.0, 'factor_obras_construccion': 1.0, 'factor_zona_norte': 1.0}"
LONJA,13,2026-04-28 13:00:00,ZONA_NORTE,manana,7.423,7.423,1.0,0.85,0.0,🟢 NORMAL,6.841,4.841,"{'factor_eventos': 1.0, 'factor_fin_de_semana': 1.0, 'factor_franja_manana': 1.0, 'factor_global': 1.0, 'factor_movilidad_ciudad': 1.0, 'factor_obras_construccion': 1.0, 'factor_zona_norte': 1.0}"
LONJA,14,2026-04-28 14:00:00,ZONA_NORTE,tarde,7.85,7.85,1.0,0.85,0.0,🟢 NORMAL,8.551,6.051,"{'factor_calor_acumulado': 1.0, 'factor_eventos': 1.0, 'factor_fin_de_semana': 1.0, 'factor_franja_tarde': 1.0, 'factor_global': 1.0, 'factor_movilidad_ciudad': 1.0, 'factor_obras_construccion': 1.0, 'factor_zona_norte': 1.0}"
LONJA,15,2026-04-28 15:00:00,ZONA_NORTE,tarde,7.423,7.423,1.0,0.85,0.0,🟢 NORMAL,7.696,5.446,"{'factor_calor_acumulado': 1.0, 'factor_eventos': 1.0, 'factor_fin_de_semana': 1.0, 'factor_franja_tarde': 1.0, 'factor_global': 1.0, 'factor_movilidad_ciudad': 1.0, 'factor_obras_construccion': 1.0, 'factor_zona_norte': 1.0}"
LONJA,16,2026-04-28 16:00:00,ZONA_NORTE,tarde,7.423,7.423,1.0,0.85,0.0,🟢 NORMAL,5.986,4.236,"{'factor_calor_acumulado': 1.0, 'factor_eventos': 1.0, 'factor_fin_de_semana': 1.0, 'factor_franja_tarde': 1.0, 'factor_global': 1.0, 'factor_movilidad_ciudad': 1.0, 'factor_obras_construccion': 1.0, 'factor_zona_norte': 1.0}"
LONJA,17,2026-04-28 17:00:00,ZONA_NORTE,tarde,7.423,7.423,1.0,0.85,0.0,🟢 NORMAL,5.131,3.631,"{'factor_calor_acumulado': 1.0, 'factor_eventos': 1.0, 'factor_fin_de_semana': 1.0, 'factor_franja_tarde': 1.0, 'factor_global': 1.0, 'factor_movilidad_ciudad': 1.0, 'factor_obras_construccion': 1.0, 'factor_zona_norte': 1.0}"
LONJA,18,2026-04-28 18:00:00,ZONA_NORTE,tarde,7.423,7.423,1.0,0.85,0.0,🟢 NORMAL,5.986,4.236,"{'factor_calor_acumulado': 1.0, 'factor_eventos': 1.0, 'factor_fin_de_semana': 1.0, 'factor_franja_tarde': 1.0, 'factor_global': 1.0, 'factor_movilidad_ciudad': 1.0, 'factor_obras_construccion': 1.0, 'factor_zona_norte': 1.0}"
LONJA,19,2026-04-28 19:00:00,ZONA_NORTE,tarde,7.423,7.423,1.0,0.85,0.0,🟢 NORMAL,7.696,5.446,"{'factor_calor_acumulado': 1.0, 'factor_eventos': 1.0, 'factor_fin_de_semana': 1.0, 'factor_franja_tarde': 1.0, 'factor_global': 1.0, 'factor_movilidad_ciudad': 1.0, 'factor_obras_construccion': 1.0, 'factor_zona_norte': 1.0}"
LONJA,20,2026-04-28 20:00:00,ZONA_NORTE,tarde,8.266,8.266,1.0,0.85,0.0,🟢 NORMAL,9.406,6.656,"{'factor_calor_acumulado': 1.0, 'factor_eventos': 1.0, 'factor_fin_de_semana': 1.0, 'factor_franja_tarde': 1.0, 'factor_global': 1.0, 'factor_movilidad_ciudad': 1.0, 'factor_obras_construccion': 1.0, 'factor_zona_norte': 1.0}"
LONJA,21,2026-04-28 21:00:00,ZONA_NORTE,tarde,8.86,8.86,1.0,0.85,0.0,🟢 NORMAL,10.262,7.261,"{'factor_calor_acumulado': 1.0, 'factor_eventos': 1.0, 'factor_fin_de_semana': 1.0, 'factor_franja_tarde': 1.0, 'factor_global': 1.0, 'factor_movilidad_ciudad': 1.0, 'factor_obras_construccion': 1.0, 'factor_zona_norte': 1.0}"
LONJA,22,2026-04-28 22:00:00,ZONA_NORTE,noche,7.839,7.814,0.9969,0.85,-0.31,🟢 NORMAL,7.696,5.446,"{'factor_eventos': 1.0, 'factor_fin_de_semana': 1.0, 'factor_franja_noche': 0.95, 'factor_global': 1.0, 'factor_movilidad_ciudad': 1.0, 'factor_obras_construccion': 1.0, 'factor_zona_norte': 1.0}"
LONJA,23,2026-04-28 23:00:00,ZONA_NORTE,noche,7.839,7.814,0.9969,0.85,-0.31,🟢 NORMAL,5.986,4.236,"{'factor_eventos': 1.0, 'factor_fin_de_semana': 1.0, 'factor_franja_noche': 0.95, 'factor_global': 1.0, 'factor_movilidad_ciudad': 1.0, 'factor_obras_construccion': 1.0, 'factor_zona_norte': 1.0}"
LONJA DL,0,2026-04-28 00:00:00,ZONA_NORTE,noche,7.841,7.816,0.9969,0.85,-0.31,🟢 NORMAL,4.276,3.026,"{'factor_eventos': 1.0, 'factor_fin_de_semana': 1.0, 'factor_franja_noche': 0.95, 'factor_global': 1.0, 'factor_movilidad_ciudad': 1.0, 'factor_obras_construccion': 1.0, 'factor_zona_norte': 1.0}"
LONJA DL,1,2026-04-28 01:00:00,ZONA_NORTE,noche,6.869,6.847,0.9969,0.85,-0.31,🟢 NORMAL,6.143,4.0,"{'factor_eventos': 1.0, 'factor_fin_de_semana': 1.0, 'factor_franja_noche': 0.95, 'factor_global': 1.0, 'factor_movilidad_ciudad': 1.0, 'factor_obras_construccion': 1.0, 'factor_zona_norte': 1.0}"
LONJA DL,2,2026-04-28 02:00:00,ZONA_NORTE,noche,6.869,6.847,0.9969,0.85,-0.31,🟢 NORMAL,6.883,4.184,"{'factor_eventos': 1.0, 'factor_fin_de_semana': 1.0, 'factor_franja_noche': 0.95, 'factor_global': 1.0, 'factor_movilidad_ciudad': 1.0, 'factor_obras_construccion': 1.0, 'factor_zona_norte': 1.0}"
LONJA DL,3,2026-04-28 03:00:00,ZONA_NORTE,noche,6.869,6.847,0.9969,0.85,-0.31,🟢 NORMAL,6.61,4.167,"{'factor_eventos': 1.0, 'factor_fin_de_semana': 1.0, 'factor_franja_noche': 0.95, 'factor_global': 1.0, 'factor_movilidad_ciudad': 1.0, 'factor_obras_construccion': 1.0, 'factor_zona_norte': 1.0}"
LONJA DL,4,2026-04-28 04:00:00,ZONA_NORTE,noche,6.869,6.847,0.9969,0.85,-0.31,🟢 NORMAL,5.428,3.59,"{'factor_eventos': 1.0, 'factor_fin_de_semana': 1.0, 'factor_franja_noche': 0.95, 'factor_global': 1.0, 'factor_movilidad_ciudad': 1.0, 'factor_obras_construccion': 1.0, 'factor_zona_norte': 1.0}"
LONJA DL,5,2026-04-28 05:00:00,ZONA_NORTE,noche,13.589,13.546,0.9969,0.85,-0.31,🟢 NORMAL,5.309,3.571,"{'factor_eventos': 1.0, 'factor_fin_de_semana': 1.0, 'factor_franja_noche': 0.95, 'factor_global': 1.0, 'factor_movilidad_ciudad': 1.0, 'factor_obras_construccion': 1.0, 'factor_zona_norte': 1.0}"
LONJA DL,6,2026-04-28 06:00:00,ZONA_NORTE,manana,10.139,10.139,1.0,0.85,0.0,🟢 NORMAL,5.113,3.28,"{'factor_eventos': 1.0, 'factor_fin_de_semana': 1.0, 'factor_franja_manana': 1.0, 'factor_global': 1.0, 'factor_movilidad_ciudad': 1.0, 'factor_obras_construccion': 1.0, 'factor_zona_norte': 1.0}"
LONJA DL,7,2026-04-28 07:00:00,ZONA_NORTE,manana,10.139,10.139,1.0,0.85,0.0,🟢 NORMAL,5.274,3.05,"{'factor_eventos': 1.0, 'factor_fin_de_semana': 1.0, 'factor_franja_manana': 1.0, 'factor_global': 1.0, 'factor_movilidad_ciudad': 1.0, 'factor_obras_construccion': 1.0, 'factor_zona_norte': 1.0}"
LONJA DL,8,2026-04-28 08:00:00,ZONA_NORTE,manana,10.139,10.139,1.0,0.85,0.0,🟢 NORMAL,5.85,3.43,"{'factor_eventos': 1.0, 'factor_fin_de_semana': 1.0, 'factor_franja_manana': 1.0, 'factor_global': 1.0, 'factor_movilidad_ciudad': 1.0, 'factor_obras_construccion': 1.0, 'factor_zona_norte': 1.0}"
LONJA DL,9,2026-04-28 09:00:00,ZONA_NORTE,manana,10.139,10.139,1.0,0.85,0.0,🟢 NORMAL,6.694,3.753,"{'factor_eventos': 1.0, 'factor_fin_de_semana': 1.0, 'factor_franja_manana': 1.0, 'factor_global': 1.0, 'factor_movilidad_ciudad': 1.0, 'factor_obras_construccion': 1.0, 'factor_zona_norte': 1.0}"
LONJA DL,10,2026-04-28 10:00:00,ZONA_NORTE,manana,0.1,0.1,1.0,0.85,0.0,🟢 NORMAL,7.107,4.366,"{'factor_eventos': 1.0, 'factor_fin_de_semana': 1.0, 'factor_franja_manana': 1.0, 'factor_global': 1.0, 'factor_movilidad_ciudad': 1.0, 'factor_obras_construccion': 1.0, 'factor_zona_norte': 1.0}"
LONJA DL,11,2026-04-28 11:00:00,ZONA_NORTE,manana,6.642,6.642,1.0,0.85,0.0,🟢 NORMAL,6.651,3.896,"{'factor_eventos': 1.0, 'factor_fin_de_semana': 1.0, 'factor_franja_manana': 1.0, 'factor_global': 1.0, 'factor_movilidad_ciudad': 1.0, 'factor_obras_construccion': 1.0, 'factor_zona_norte': 1.0}"
LONJA DL,12,2026-04-28 12:00:00,ZONA_NORTE,manana,6.642,6.642,1.0,0.85,0.0,🟢 NORMAL,6.286,4.087,"{'factor_eventos': 1.0, 'factor_fin_de_semana': 1.0, 'factor_franja_manana': 1.0, 'factor_global': 1.0, 'factor_movilidad_ciudad': 1.0, 'factor_obras_construccion': 1.0, 'factor_zona_norte': 1.0}"
LONJA DL,13,2026-04-28 13:00:00,ZONA_NORTE,manana,7.423,7.423,1.0,0.85,0.0,🟢 NORMAL,6.841,4.841,"{'factor_eventos': 1.0, 'factor_fin_de_semana': 1.0, 'factor_franja_manana': 1.0, 'factor_global': 1.0, 'factor_movilidad_ciudad': 1.0, 'factor_obras_construccion': 1.0, 'factor_zona_norte': 1.0}"
LONJA DL,14,2026-04-28 14:00:00,ZONA_NORTE,tarde,7.85,7.85,1.0,0.85,0.0,🟢 NORMAL,8.551,6.051,"{'factor_calor_acumulado': 1.0, 'factor_eventos': 1.0, 'factor_fin_de_semana': 1.0, 'factor_franja_tarde': 1.0, 'factor_global': 1.0, 'factor_movilidad_ciudad': 1.0, 'factor_obras_construccion': 1.0, 'factor_zona_norte': 1.0}"
LONJA DL,15,2026-04-28 15:00:00,ZONA_NORTE,tarde,7.423,7.423,1.0,0.85,0.0,🟢 NORMAL,7.696,5.446,"{'factor_calor_acumulado': 1.0, 'factor_eventos': 1.0, 'factor_fin_de_semana': 1.0, 'factor_franja_tarde': 1.0, 'factor_global': 1.0, 'factor_movilidad_ciudad': 1.0, 'factor_obras_construccion': 1.0, 'factor_zona_norte': 1.0}"
LONJA DL,16,2026-04-28 16:00:00,ZONA_NORTE,tarde,7.423,7.423,1.0,0.85,0.0,🟢 NORMAL,5.986,4.236,"{'factor_calor_acumulado': 1.0, 'factor_eventos': 1.0, 'factor_fin_de_semana': 1.0, 'factor_franja_tarde': 1.0, 'factor_global': 1.0, 'factor_movilidad_ciudad': 1.0, 'factor_obras_construccion': 1.0, 'factor_zona_norte': 1.0}"
LONJA DL,17,2026-04-28 17:00:00,ZONA_NORTE,tarde,7.423,7.423,1.0,0.85,0.0,🟢 NORMAL,5.131,3.631,"{'factor_calor_acumulado': 1.0, 'factor_eventos': 1.0, 'factor_fin_de_semana': 1.0, 'factor_franja_tarde': 1.0, 'factor_global': 1.0, 'factor_movilidad_ciudad': 1.0, 'factor_obras_construccion': 1.0, 'factor_zona_norte': 1.0}"
LONJA DL,18,2026-04-28 18:00:00,ZONA_NORTE,tarde,7.423,7.423,1.0,0.85,0.0,🟢 NORMAL,5.986,4.236,"{'factor_calor_acumulado': 1.0, 'factor_eventos': 1.0, 'factor_fin_de_semana': 1.0, 'factor_franja_tarde': 1.0, 'factor_global': 1.0, 'factor_movilidad_ciudad': 1.0, 'factor_obras_construccion': 1.0, 'factor_zona_norte': 1.0}"
LONJA DL,19,2026-04-28 19:00:00,ZONA_NORTE,tarde,7.423,7.423,1.0,0.85,0.0,🟢 NORMAL,7.696,5.446,"{'factor_calor_acumulado': 1.0, 'factor_eventos': 1.0, 'factor_fin_de_semana': 1.0, 'factor_franja_tarde': 1.0, 'factor_global': 1.0, 'factor_movilidad_ciudad': 1.0, 'factor_obras_construccion': 1.0, 'factor_zona_norte': 1.0}"
LONJA DL,20,2026-04-28 20:00:00,ZONA_NORTE,tarde,8.266,8.266,1.0,0.85,0.0,🟢 NORMAL,9.406,6.656,"{'factor_calor_acumulado': 1.0, 'factor_eventos': 1.0, 'factor_fin_de_semana': 1.0, 'factor_franja_tarde': 1.0, 'factor_global': 1.0, 'factor_movilidad_ciudad': 1.0, 'factor_obras_construccion': 1.0, 'factor_zona_norte': 1.0}"
LONJA DL,21,2026-04-28 21:00:00,ZONA_NORTE,tarde,8.86,8.86,1.0,0.85,0.0,🟢 NORMAL,10.262,7.261,"{'factor_calor_acumulado': 1.0, 'factor_eventos': 1.0, 'factor_fin_de_semana': 1.0, 'factor_franja_tarde': 1.0, 'factor_global': 1.0, 'factor_movilidad_ciudad': 1.0, 'factor_obras_construccion': 1.0, 'factor_zona_norte': 1.0}"
LONJA DL,22,2026-04-28 22:00:00,ZONA_NORTE,noche,7.839,7.814,0.9969,0.85,-0.31,🟢 NORMAL,7.696,5.446,"{'factor_eventos': 1.0, 'factor_fin_de_semana': 1.0, 'factor_franja_noche': 0.95, 'factor_global': 1.0, 'factor_movilidad_ciudad': 1.0, 'factor_obras_construccion': 1.0, 'factor_zona_norte': 1.0}"
LONJA DL,23,2026-04-28 23:00:00,ZONA_NORTE,noche,7.839,7.814,0.9969,0.85,-0.31,🟢 NORMAL,5.986,4.236,"{'factor_eventos': 1.0, 'factor_fin_de_semana': 1.0, 'factor_franja_noche': 0.95, 'factor_global': 1.0, 'factor_movilidad_ciudad': 1.0, 'factor_obras_construccion': 1.0, 'factor_zona_norte': 1.0}"
Les Palmeretes,0,2026-04-28 00:00:00,ZONA_NORTE,noche,28.865,28.774,0.9969,0.85,-0.31,🟢 NORMAL,33.49,18.692,"{'factor_eventos': 1.0, 'factor_fin_de_semana': 1.0, 'factor_franja_noche': 0.95, 'factor_global': 1.0, 'factor_movilidad_ciudad': 1.0, 'factor_obras_construccion': 1.0, 'factor_zona_norte': 1.0}"
Les Palmeretes,1,2026-04-28 01:00:00,ZONA_NORTE,noche,39.11,38.987,0.9969,0.85,-0.31,🟢 NORMAL,41.8,29.908,"{'factor_eventos': 1.0, 'factor_fin_de_semana': 1.0, 'factor_franja_noche': 0.95, 'factor_global': 1.0, 'factor_movilidad_ciudad': 1.0, 'factor_obras_construccion': 1.0, 'factor_zona_norte': 1.0}"
Les Palmeretes,2,2026-04-28 02:00:00,ZONA_NORTE,noche,30.066,29.971,0.9969,0.85,-0.31,🟢 NORMAL,37.268,26.638,"{'factor_eventos': 1.0, 'factor_fin_de_semana': 1.0, 'factor_franja_noche': 0.95, 'factor_global': 1.0, 'factor_movilidad_ciudad': 1.0, 'factor_obras_construccion': 1.0, 'factor_zona_norte': 1.0}"
Les Palmeretes,3,2026-04-28 03:00:00,ZONA_NORTE,noche,25.809,25.728,0.9969,0.85,-0.31,🟢 NORMAL,33.542,25.793,"{'factor_eventos': 1.0, 'factor_fin_de_semana': 1.0, 'factor_franja_noche': 0.95, 'factor_global': 1.0, 'factor_movilidad_ciudad': 1.0, 'factor_obras_construccion': 1.0, 'factor_zona_norte': 1.0}"
Les Palmeretes,4,2026-04-28 04:00:00,ZONA_NORTE,noche,0.1,0.1,0.9969,0.85,-0.31,🟢 NORMAL,30.984,24.034,"{'factor_eventos': 1.0, 'factor_fin_de_semana': 1.0, 'factor_franja_noche': 0.95, 'factor_global': 1.0, 'factor_movilidad_ciudad': 1.0, 'factor_obras_construccion': 1.0, 'factor_zona_norte': 1.0}"
Les Palmeretes,5,2026-04-28 05:00:00,ZONA_NORTE,noche,24.878,24.799,0.9969,0.85,-0.31,🟢 NORMAL,28.776,21.81,"{'factor_eventos': 1.0, 'factor_fin_de_semana': 1.0, 'factor_franja_noche': 0.95, 'factor_global': 1.0, 'factor_movilidad_ciudad': 1.0, 'factor_obras_construccion': 1.0, 'factor_zona_norte': 1.0}"
Les Palmeretes,6,2026-04-28 06:00:00,ZONA_NORTE,manana,0.1,0.1,1.0,0.85,0.0,🟢 NORMAL,33.687,24.25,"{'factor_eventos': 1.0, 'factor_fin_de_semana': 1.0, 'factor_franja_manana': 1.0, 'factor_global': 1.0, 'factor_movilidad_ciudad': 1.0, 'factor_obras_construccion': 1.0, 'factor_zona_norte': 1.0}"
Les Palmeretes,7,2026-04-28 07:00:00,ZONA_NORTE,manana,23.721,23.721,1.0,0.85,0.0,🟢 NORMAL,38.865,29.458,"{'factor_eventos': 1.0, 'factor_fin_de_semana': 1.0, 'factor_franja_manana': 1.0, 'factor_global': 1.0, 'factor_movilidad_ciudad': 1.0, 'factor_obras_construccion': 1.0, 'factor_zona_norte': 1.0}"
Les Palmeretes,8,2026-04-28 08:00:00,ZONA_NORTE,manana,45.717,45.717,1.0,0.85,0.0,🟢 NORMAL,45.856,34.477,"{'factor_eventos': 1.0, 'factor_fin_de_semana': 1.0, 'factor_franja_manana': 1.0, 'factor_global': 1.0, 'factor_movilidad_ciudad': 1.0, 'factor_obras_construccion': 1.0, 'factor_zona_norte': 1.0}"
Les Palmeretes,9,2026-04-28 09:00:00,ZONA_NORTE,manana,49.621,49.621,1.0,0.85,0.0,🟢 NORMAL,49.855,42.034,"{'factor_eventos': 1.0, 'factor_fin_de_semana': 1.0, 'factor_franja_manana': 1.0, 'factor_global': 1.0, 'factor_movilidad_ciudad': 1.0, 'factor_obras_construccion': 1.0, 'factor_zona_norte': 1.0}"
Les Palmeretes,10,2026-04-28 10:00:00,ZONA_NORTE,manana,0.76,0.76,1.0,0.85,0.0,🟢 NORMAL,51.505,44.27,"{'factor_eventos': 1.0, 'factor_fin_de_semana': 1.0, 'factor_franja_manana': 1.0, 'factor_global': 1.0, 'factor_movilidad_ciudad': 1.0, 'factor_obras_construccion': 1.0, 'factor_zona_norte': 1.0}"
Les Palmeretes,11,2026-04-28 11:00:00,ZONA_NORTE,manana,47.131,47.131,1.0,0.85,0.0,🟢 NORMAL,51.026,41.706,"{'factor_eventos': 1.0, 'factor_fin_de_semana': 1.0, 'factor_franja_manana': 1.0, 'factor_global': 1.0, 'factor_movilidad_ciudad': 1.0, 'factor_obras_construccion': 1.0, 'factor_zona_norte': 1.0}"
Les Palmeretes,12,2026-04-28 12:00:00,ZONA_NORTE,manana,44.326,44.326,1.0,0.85,0.0,🟢 NORMAL,47.157,35.989,"{'factor_eventos': 1.0, 'factor_fin_de_semana': 1.0, 'factor_franja_manana': 1.0, 'factor_global': 1.0, 'factor_movilidad_ciudad': 1.0, 'factor_obras_construccion': 1.0, 'factor_zona_norte': 1.0}"
Les Palmeretes,13,2026-04-28 13:00:00,ZONA_NORTE,manana,46.516,46.516,1.0,0.85,0.0,🟢 NORMAL,53.584,29.907,"{'factor_eventos': 1.0, 'factor_fin_de_semana': 1.0, 'factor_franja_manana': 1.0, 'factor_global': 1.0, 'factor_movilidad_ciudad': 1.0, 'factor_obras_construccion': 1.0, 'factor_zona_norte': 1.0}"
Les Palmeretes,14,2026-04-28 14:00:00,ZONA_NORTE,tarde,54.603,54.603,1.0,0.85,0.0,🟢 NORMAL,66.979,37.383,"{'factor_calor_acumulado': 1.0, 'factor_eventos': 1.0, 'factor_fin_de_semana': 1.0, 'factor_franja_tarde': 1.0, 'factor_global': 1.0, 'factor_movilidad_ciudad': 1.0, 'factor_obras_construccion': 1.0, 'factor_zona_norte': 1.0}"
Les Palmeretes,15,2026-04-28 15:00:00,ZONA_NORTE,tarde,50.463,50.463,1.0,0.85,0.0,🟢 NORMAL,60.282,33.645,"{'factor_calor_acumulado': 1.0, 'factor_eventos': 1.0, 'factor_fin_de_semana': 1.0, 'factor_franja_tarde': 1.0, 'factor_global': 1.0, 'factor_movilidad_ciudad': 1.0, 'factor_obras_construccion': 1.0, 'factor_zona_norte': 1.0}"
Les Palmeretes,16,2026-04-28 16:00:00,ZONA_NORTE,tarde,37.03,37.03,1.0,0.85,0.0,🟢 NORMAL,46.886,26.168,"{'factor_calor_acumulado': 1.0, 'factor_eventos': 1.0, 'factor_fin_de_semana': 1.0, 'factor_franja_tarde': 1.0, 'factor_global': 1.0, 'factor_movilidad_ciudad': 1.0, 'factor_obras_construccion': 1.0, 'factor_zona_norte': 1.0}"
Les Palmeretes,17,2026-04-28 17:00:00,ZONA_NORTE,tarde,7.824,7.824,1.0,0.85,0.0,🟢 NORMAL,40.188,22.43,"{'factor_calor_acumulado': 1.0, 'factor_eventos': 1.0, 'factor_fin_de_semana': 1.0, 'factor_franja_tarde': 1.0, 'factor_global': 1.0, 'factor_movilidad_ciudad': 1.0, 'factor_obras_construccion': 1.0, 'factor_zona_norte': 1.0}"
Les Palmeretes,18,2026-04-28 18:00:00,ZONA_NORTE,tarde,37.03,37.03,1.0,0.85,0.0,🟢 NORMAL,46.886,26.168,"{'factor_calor_acumulado': 1.0, 'factor_eventos': 1.0, 'factor_fin_de_semana': 1.0, 'factor_franja_tarde': 1.0, 'factor_global': 1.0, 'factor_movilidad_ciudad': 1.0, 'factor_obras_construccion': 1.0, 'factor_zona_norte': 1.0}"
Les Palmeretes,19,2026-04-28 19:00:00,ZONA_NORTE,tarde,50.463,50.463,1.0,0.85,0.0,🟢 NORMAL,60.282,33.645,"{'factor_calor_acumulado': 1.0, 'factor_eventos': 1.0, 'factor_fin_de_semana': 1.0, 'factor_franja_tarde': 1.0, 'factor_global': 1.0, 'factor_movilidad_ciudad': 1.0, 'factor_obras_construccion': 1.0, 'factor_zona_norte': 1.0}"
Les Palmeretes,20,2026-04-28 20:00:00,ZONA_NORTE,tarde,114.296,114.296,1.0,0.85,0.0,🟢 NORMAL,73.678,41.122,"{'factor_calor_acumulado': 1.0, 'factor_eventos': 1.0, 'factor_fin_de_semana': 1.0, 'factor_franja_tarde': 1.0, 'factor_global': 1.0, 'factor_movilidad_ciudad': 1.0, 'factor_obras_construccion': 1.0, 'factor_zona_norte': 1.0}"
Les Palmeretes,21,2026-04-28 21:00:00,ZONA_NORTE,tarde,54.235,54.235,1.0,0.85,0.0,🟢 NORMAL,80.376,44.86,"{'factor_calor_acumulado': 1.0, 'factor_eventos': 1.0, 'factor_fin_de_semana': 1.0, 'factor_franja_tarde': 1.0, 'factor_global': 1.0, 'factor_movilidad_ciudad': 1.0, 'factor_obras_construccion': 1.0, 'factor_zona_norte': 1.0}"
Les Palmeretes,22,2026-04-28 22:00:00,ZONA_NORTE,noche,48.738,48.584,0.9969,0.85,-0.31,🟢 NORMAL,60.282,33.645,"{'factor_eventos': 1.0, 'factor_fin_de_semana': 1.0, 'factor_franja_noche': 0.95, 'factor_global': 1.0, 'factor_movilidad_ciudad': 1.0, 'factor_obras_construccion': 1.0, 'factor_zona_norte': 1.0}"
Les Palmeretes,23,2026-04-28 23:00:00,ZONA_NORTE,noche,35.305,35.193,0.9969,0.85,-0.31,🟢 NORMAL,46.886,26.168,"{'factor_eventos': 1.0, 'factor_fin_de_semana': 1.0, 'factor_franja_noche': 0.95, 'factor_global': 1.0, 'factor_movilidad_ciudad': 1.0, 'factor_obras_construccion': 1.0, 'factor_zona_norte': 1.0}"
MATADERO,0,2026-04-28 00:00:00,ZONA_NORTE,noche,8.229,8.203,0.9969,0.85,-0.31,🟢 NORMAL,15.552,6.029,"{'factor_eventos': 1.0, 'factor_fin_de_semana': 1.0, 'factor_franja_noche': 0.95, 'factor_global': 1.0, 'factor_movilidad_ciudad': 1.0, 'factor_obras_construccion': 1.0, 'factor_zona_norte': 1.0}"
MATADERO,1,2026-04-28 01:00:00,ZONA_NORTE,noche,20.696,20.63,0.9969,0.85,-0.31,🟢 NORMAL,44.33,4.324,"{'factor_eventos': 1.0, 'factor_fin_de_semana': 1.0, 'factor_franja_noche': 0.95, 'factor_global': 1.0, 'factor_movilidad_ciudad': 1.0, 'factor_obras_construccion': 1.0, 'factor_zona_norte': 1.0}"
MATADERO,2,2026-04-28 02:00:00,ZONA_NORTE,noche,17.311,17.257,0.9969,0.85,-0.31,🟢 NORMAL,45.842,5.323,"{'factor_eventos': 1.0, 'factor_fin_de_semana': 1.0, 'factor_franja_noche': 0.95, 'factor_global': 1.0, 'factor_movilidad_ciudad': 1.0, 'factor_obras_construccion': 1.0, 'factor_zona_norte': 1.0}"
MATADERO,3,2026-04-28 03:00:00,ZONA_NORTE,noche,21.243,21.176,0.9969,0.85,-0.31,🟢 NORMAL,45.828,4.506,"{'factor_eventos': 1.0, 'factor_fin_de_semana': 1.0, 'factor_franja_noche': 0.95, 'factor_global': 1.0, 'factor_movilidad_ciudad': 1.0, 'factor_obras_construccion': 1.0, 'factor_zona_norte': 1.0}"
MATADERO,4,2026-04-28 04:00:00,ZONA_NORTE,noche,21.243,21.176,0.9969,0.85,-0.31,🟢 NORMAL,48.131,4.233,"{'factor_eventos': 1.0, 'factor_fin_de_semana': 1.0, 'factor_franja_noche': 0.95, 'factor_global': 1.0, 'factor_movilidad_ciudad': 1.0, 'factor_obras_construccion': 1.0, 'factor_zona_norte': 1.0}"
MATADERO,5,2026-04-28 05:00:00,ZONA_NORTE,noche,17.86,17.804,0.9969,0.85,-0.31,🟢 NORMAL,45.887,4.138,"{'factor_eventos': 1.0, 'factor_fin_de_semana': 1.0, 'factor_franja_noche': 0.95, 'factor_global': 1.0, 'factor_movilidad_ciudad': 1.0, 'factor_obras_construccion': 1.0, 'factor_zona_norte': 1.0}"
MATADERO,6,2026-04-28 06:00:00,ZONA_NORTE,manana,18.618,18.618,1.0,0.85,0.0,🟢 NORMAL,45.652,4.369,"{'factor_eventos': 1.0, 'factor_fin_de_semana': 1.0, 'factor_franja_manana': 1.0, 'factor_global': 1.0, 'factor_movilidad_ciudad': 1.0, 'factor_obras_construccion': 1.0, 'factor_zona_norte': 1.0}"
MATADERO,7,2026-04-28 07:00:00,ZONA_NORTE,manana,11.305,11.305,1.0,0.85,0.0,🟢 NORMAL,46.321,4.411,"{'factor_eventos': 1.0, 'factor_fin_de_semana': 1.0, 'factor_franja_manana': 1.0, 'factor_global': 1.0, 'factor_movilidad_ciudad': 1.0, 'factor_obras_construccion': 1.0, 'factor_zona_norte': 1.0}"
MATADERO,8,2026-04-28 08:00:00,ZONA_NORTE,manana,18.618,18.618,1.0,0.85,0.0,🟢 NORMAL,46.425,4.94,"{'factor_eventos': 1.0, 'factor_fin_de_semana': 1.0, 'factor_franja_manana': 1.0, 'factor_global': 1.0, 'factor_movilidad_ciudad': 1.0, 'factor_obras_construccion': 1.0, 'factor_zona_norte': 1.0}"
MATADERO,9,2026-04-28 09:00:00,ZONA_NORTE,manana,44.477,44.477,1.0,0.85,0.0,🟢 NORMAL,46.052,5.373,"{'factor_eventos': 1.0, 'factor_fin_de_semana': 1.0, 'factor_franja_manana': 1.0, 'factor_global': 1.0, 'factor_movilidad_ciudad': 1.0, 'factor_obras_construccion': 1.0, 'factor_zona_norte': 1.0}"
MATADERO,10,2026-04-28 10:00:00,ZONA_NORTE,manana,0.1,0.1,1.0,0.85,0.0,🟢 NORMAL,46.275,6.03,"{'factor_eventos': 1.0, 'factor_fin_de_semana': 1.0, 'factor_franja_manana': 1.0, 'factor_global': 1.0, 'factor_movilidad_ciudad': 1.0, 'factor_obras_construccion': 1.0, 'factor_zona_norte': 1.0}"
MATADERO,11,2026-04-28 11:00:00,ZONA_NORTE,manana,14.0,14.0,1.0,0.85,0.0,🟢 NORMAL,46.563,4.325,"{'factor_eventos': 1.0, 'factor_fin_de_semana': 1.0, 'factor_franja_manana': 1.0, 'factor_global': 1.0, 'factor_movilidad_ciudad': 1.0, 'factor_obras_construccion': 1.0, 'factor_zona_norte': 1.0}"
MATADERO,12,2026-04-28 12:00:00,ZONA_NORTE,manana,13.604,13.604,1.0,0.85,0.0,🟢 NORMAL,46.698,3.962,"{'factor_eventos': 1.0, 'factor_fin_de_semana': 1.0, 'factor_franja_manana': 1.0, 'factor_global': 1.0, 'factor_movilidad_ciudad': 1.0, 'factor_obras_construccion': 1.0, 'factor_zona_norte': 1.0}"
MATADERO,13,2026-04-28 13:00:00,ZONA_NORTE,manana,22.69,22.69,1.0,0.85,0.0,🟢 NORMAL,24.882,9.659,"{'factor_eventos': 1.0, 'factor_fin_de_semana': 1.0, 'factor_franja_manana': 1.0, 'factor_global': 1.0, 'factor_movilidad_ciudad': 1.0, 'factor_obras_construccion': 1.0, 'factor_zona_norte': 1.0}"
MATADERO,14,2026-04-28 14:00:00,ZONA_NORTE,tarde,10.501,10.501,1.0,0.85,0.0,🟢 NORMAL,31.102,12.074,"{'factor_calor_acumulado': 1.0, 'factor_eventos': 1.0, 'factor_fin_de_semana': 1.0, 'factor_franja_tarde': 1.0, 'factor_global': 1.0, 'factor_movilidad_ciudad': 1.0, 'factor_obras_construccion': 1.0, 'factor_zona_norte': 1.0}"
MATADERO,15,2026-04-28 15:00:00,ZONA_NORTE,tarde,20.261,20.261,1.0,0.85,0.0,🟢 NORMAL,27.992,10.867,"{'factor_calor_acumulado': 1.0, 'factor_eventos': 1.0, 'factor_fin_de_semana': 1.0, 'factor_franja_tarde': 1.0, 'factor_global': 1.0, 'factor_movilidad_ciudad': 1.0, 'factor_obras_construccion': 1.0, 'factor_zona_norte': 1.0}"
MATADERO,16,2026-04-28 16:00:00,ZONA_NORTE,tarde,25.929,25.929,1.0,0.85,0.0,🟢 NORMAL,21.772,8.452,"{'factor_calor_acumulado': 1.0, 'factor_eventos': 1.0, 'factor_fin_de_semana': 1.0, 'factor_franja_tarde': 1.0, 'factor_global': 1.0, 'factor_movilidad_ciudad': 1.0, 'factor_obras_construccion': 1.0, 'factor_zona_norte': 1.0}"
MATADERO,17,2026-04-28 17:00:00,ZONA_NORTE,tarde,19.084,19.084,1.0,0.85,0.0,🟢 NORMAL,18.661,7.244,"{'factor_calor_acumulado': 1.0, 'factor_eventos': 1.0, 'factor_fin_de_semana': 1.0, 'factor_franja_tarde': 1.0, 'factor_global': 1.0, 'factor_movilidad_ciudad': 1.0, 'factor_obras_construccion': 1.0, 'factor_zona_norte': 1.0}"
MATADERO,18,2026-04-28 18:00:00,ZONA_NORTE,tarde,25.929,25.929,1.0,0.85,0.0,🟢 NORMAL,21.772,8.452,"{'factor_calor_acumulado': 1.0, 'factor_eventos': 1.0, 'factor_fin_de_semana': 1.0, 'factor_franja_tarde': 1.0, 'factor_global': 1.0, 'factor_movilidad_ciudad': 1.0, 'factor_obras_construccion': 1.0, 'factor_zona_norte': 1.0}"
MATADERO,19,2026-04-28 19:00:00,ZONA_NORTE,tarde,20.261,20.261,1.0,0.85,0.0,🟢 NORMAL,27.992,10.867,"{'factor_calor_acumulado': 1.0, 'factor_eventos': 1.0, 'factor_fin_de_semana': 1.0, 'factor_franja_tarde': 1.0, 'factor_global': 1.0, 'factor_movilidad_ciudad': 1.0, 'factor_obras_construccion': 1.0, 'factor_zona_norte': 1.0}"
MATADERO,20,2026-04-28 20:00:00,ZONA_NORTE,tarde,24.579,24.579,1.0,0.85,0.0,🟢 NORMAL,34.212,13.281,"{'factor_calor_acumulado': 1.0, 'factor_eventos': 1.0, 'factor_fin_de_semana': 1.0, 'factor_franja_tarde': 1.0, 'factor_global': 1.0, 'factor_movilidad_ciudad': 1.0, 'factor_obras_construccion': 1.0, 'factor_zona_norte': 1.0}"
MATADERO,21,2026-04-28 21:00:00,ZONA_NORTE,tarde,7.93,7.93,1.0,0.85,0.0,🟢 NORMAL,37.322,14.489,"{'factor_calor_acumulado': 1.0, 'factor_eventos': 1.0, 'factor_fin_de_semana': 1.0, 'factor_franja_tarde': 1.0, 'factor_global': 1.0, 'factor_movilidad_ciudad': 1.0, 'factor_obras_construccion': 1.0, 'factor_zona_norte': 1.0}"
MATADERO,22,2026-04-28 22:00:00,ZONA_NORTE,noche,19.754,19.692,0.9969,0.85,-0.31,🟢 NORMAL,27.992,10.867,"{'factor_eventos': 1.0, 'factor_fin_de_semana': 1.0, 'factor_franja_noche': 0.95, 'factor_global': 1.0, 'factor_movilidad_ciudad': 1.0, 'factor_obras_construccion': 1.0, 'factor_zona_norte': 1.0}"
MATADERO,23,2026-04-28 23:00:00,ZONA_NORTE,noche,26.345,26.262,0.9969,0.85,-0.31,🟢 NORMAL,21.772,8.452,"{'factor_eventos': 1.0, 'factor_fin_de_semana': 1.0, 'factor_franja_noche': 0.95, 'factor_global': 1.0, 'factor_movilidad_ciudad': 1.0, 'factor_obras_construccion': 1.0, 'factor_zona_norte': 1.0}"
MERCADO DL,0,2026-04-28 00:00:00,ZONA_CENTRO,noche,22.895,22.29,0.9735,0.85,-2.65,🟢 NORMAL,29.577,17.587,"{'factor_cruceros': 1.0, 'factor_eventos': 1.0, 'factor_fin_de_semana': 1.0, 'factor_franja_noche': 0.95, 'factor_global': 1.0, 'factor_movilidad_ciudad': 1.0, 'factor_obras_construccion': 1.0, 'factor_ocupacion_hotelera': 0.8, 'factor_zona_centro': 1.0}"
MERCADO DL,1,2026-04-28 01:00:00,ZONA_CENTRO,noche,37.814,36.813,0.9735,0.85,-2.65,🟢 NORMAL,44.273,34.297,"{'factor_cruceros': 1.0, 'factor_eventos': 1.0, 'factor_fin_de_semana': 1.0, 'factor_franja_noche': 0.95, 'factor_global': 1.0, 'factor_movilidad_ciudad': 1.0, 'factor_obras_construccion': 1.0, 'factor_ocupacion_hotelera': 0.8, 'factor_zona_centro': 1.0}"
MERCADO DL,2,2026-04-28 02:00:00,ZONA_CENTRO,noche,30.277,29.476,0.9735,0.85,-2.65,🟢 NORMAL,39.747,32.147,"{'factor_cruceros': 1.0, 'factor_eventos': 1.0, 'factor_fin_de_semana': 1.0, 'factor_franja_noche': 0.95, 'factor_global': 1.0, 'factor_movilidad_ciudad': 1.0, 'factor_obras_construccion': 1.0, 'factor_ocupacion_hotelera': 0.8, 'factor_zona_centro': 1.0}"
MERCADO DL,3,2026-04-28 03:00:00,ZONA_CENTRO,noche,30.26,29.459,0.9735,0.85,-2.65,🟢 NORMAL,37.227,31.487,"{'factor_cruceros': 1.0, 'factor_eventos': 1.0, 'factor_fin_de_semana': 1.0, 'factor_franja_noche': 0.95, 'factor_global': 1.0, 'factor_movilidad_ciudad': 1.0, 'factor_obras_construccion': 1.0, 'factor_ocupacion_hotelera': 0.8, 'factor_zona_centro': 1.0}"
MERCADO DL,4,2026-04-28 04:00:00,ZONA_CENTRO,noche,95.647,93.116,0.9735,0.85,-2.65,🟢 NORMAL,35.894,30.618,"{'factor_cruceros': 1.0, 'factor_eventos': 1.0, 'factor_fin_de_semana': 1.0, 'factor_franja_noche': 0.95, 'factor_global': 1.0, 'factor_movilidad_ciudad': 1.0, 'factor_obras_construccion': 1.0, 'factor_ocupacion_hotelera': 0.8, 'factor_zona_centro': 1.0}"
MERCADO DL,5,2026-04-28 05:00:00,ZONA_CENTRO,noche,13.247,12.896,0.9735,0.85,-2.65,🟢 NORMAL,34.038,27.875,"{'factor_cruceros': 1.0, 'factor_eventos': 1.0, 'factor_fin_de_semana': 1.0, 'factor_franja_noche': 0.95, 'factor_global': 1.0, 'factor_movilidad_ciudad': 1.0, 'factor_obras_construccion': 1.0, 'factor_ocupacion_hotelera': 0.8, 'factor_zona_centro': 1.0}"
MERCADO DL,6,2026-04-28 06:00:00,ZONA_CENTRO,manana,9.797,9.566,0.9764,0.85,-2.36,🟢 NORMAL,34.429,27.017,"{'factor_cruceros': 1.0, 'factor_eventos': 1.0, 'factor_fin_de_semana': 1.0, 'factor_franja_manana': 1.0, 'factor_global': 1.0, 'factor_movilidad_ciudad': 1.0, 'factor_obras_construccion': 1.0, 'factor_ocupacion_hotelera': 0.8, 'factor_zona_centro': 1.0}"
MERCADO DL,7,2026-04-28 07:00:00,ZONA_CENTRO,manana,18.875,18.429,0.9764,0.85,-2.36,🟢 NORMAL,39.192,30.84,"{'factor_cruceros': 1.0, 'factor_eventos': 1.0, 'factor_fin_de_semana': 1.0, 'factor_franja_manana': 1.0, 'factor_global': 1.0, 'factor_movilidad_ciudad': 1.0, 'factor_obras_construccion': 1.0, 'factor_ocupacion_hotelera': 0.8, 'factor_zona_centro': 1.0}"
MERCADO DL,8,2026-04-28 08:00:00,ZONA_CENTRO,manana,42.257,41.26,0.9764,0.85,-2.36,🟢 NORMAL,49.134,35.915,"{'factor_cruceros': 1.0, 'factor_eventos': 1.0, 'factor_fin_de_semana': 1.0, 'factor_franja_manana': 1.0, 'factor_global': 1.0, 'factor_movilidad_ciudad': 1.0, 'factor_obras_construccion': 1.0, 'factor_ocupacion_hotelera': 0.8, 'factor_zona_centro': 1.0}"
MERCADO DL,9,2026-04-28 09:00:00,ZONA_CENTRO,manana,48.116,46.98,0.9764,0.85,-2.36,🟢 NORMAL,54.192,44.614,"{'factor_cruceros': 1.0, 'factor_eventos': 1.0, 'factor_fin_de_semana': 1.0, 'factor_franja_manana': 1.0, 'factor_global': 1.0, 'factor_movilidad_ciudad': 1.0, 'factor_obras_construccion': 1.0, 'factor_ocupacion_hotelera': 0.8, 'factor_zona_centro': 1.0}"
MERCADO DL,10,2026-04-28 10:00:00,ZONA_CENTRO,manana,21.809,21.294,0.9764,0.85,-2.36,🟢 NORMAL,56.842,50.326,"{'factor_cruceros': 1.0, 'factor_eventos': 1.0, 'factor_fin_de_semana': 1.0, 'factor_franja_manana': 1.0, 'factor_global': 1.0, 'factor_movilidad_ciudad': 1.0, 'factor_obras_construccion': 1.0, 'factor_ocupacion_hotelera': 0.8, 'factor_zona_centro': 1.0}"
MERCADO DL,11,2026-04-28 11:00:00,ZONA_CENTRO,manana,52.309,51.074,0.9764,0.85,-2.36,🟢 NORMAL,55.142,47.654,"{'factor_cruceros': 1.0, 'factor_eventos': 1.0, 'factor_fin_de_semana': 1.0, 'factor_franja_manana': 1.0, 'factor_global': 1.0, 'factor_movilidad_ciudad': 1.0, 'factor_obras_construccion': 1.0, 'factor_ocupacion_hotelera': 0.8, 'factor_zona_centro': 1.0}"
MERCADO DL,12,2026-04-28 12:00:00,ZONA_CENTRO,manana,48.424,47.281,0.9764,0.85,-2.36,🟢 NORMAL,52.305,41.052,"{'factor_cruceros': 1.0, 'factor_eventos': 1.0, 'factor_fin_de_semana': 1.0, 'factor_franja_manana': 1.0, 'factor_global': 1.0, 'factor_movilidad_ciudad': 1.0, 'factor_obras_construccion': 1.0, 'factor_ocupacion_hotelera': 0.8, 'factor_zona_centro': 1.0}"
MERCADO DL,13,2026-04-28 13:00:00,ZONA_CENTRO,manana,39.065,38.142,0.9764,0.85,-2.36,🟢 NORMAL,47.324,28.14,"{'factor_cruceros': 1.0, 'factor_eventos': 1.0, 'factor_fin_de_semana': 1.0, 'factor_franja_manana': 1.0, 'factor_global': 1.0, 'factor_movilidad_ciudad': 1.0, 'factor_obras_construccion': 1.0, 'factor_ocupacion_hotelera': 0.8, 'factor_zona_centro': 1.0}"
MERCADO DL,14,2026-04-28 14:00:00,ZONA_CENTRO,tarde,52.315,51.341,0.9814,0.85,-1.86,🟢 NORMAL,59.154,35.174,"{'factor_calor_acumulado': 1.0, 'factor_cruceros': 1.0, 'factor_eventos': 1.0, 'factor_fin_de_semana': 1.0, 'factor_franja_tarde': 1.0, 'factor_global': 1.0, 'factor_movilidad_ciudad': 1.0, 'factor_obras_construccion': 1.0, 'factor_ocupacion_hotelera': 0.8, 'factor_zona_centro': 1.0}"
MERCADO DL,15,2026-04-28 15:00:00,ZONA_CENTRO,tarde,47.83,46.94,0.9814,0.85,-1.86,🟢 NORMAL,53.239,31.656,"{'factor_calor_acumulado': 1.0, 'factor_cruceros': 1.0, 'factor_eventos': 1.0, 'factor_fin_de_semana': 1.0, 'factor_franja_tarde': 1.0, 'factor_global': 1.0, 'factor_movilidad_ciudad': 1.0, 'factor_obras_construccion': 1.0, 'factor_ocupacion_hotelera': 0.8, 'factor_zona_centro': 1.0}"
MERCADO DL,16,2026-04-28 16:00:00,ZONA_CENTRO,tarde,24.431,23.976,0.9814,0.85,-1.86,🟢 NORMAL,41.408,24.622,"{'factor_calor_acumulado': 1.0, 'factor_cruceros': 1.0, 'factor_eventos': 1.0, 'factor_fin_de_semana': 1.0, 'factor_franja_tarde': 1.0, 'factor_global': 1.0, 'factor_movilidad_ciudad': 1.0, 'factor_obras_construccion': 1.0, 'factor_ocupacion_hotelera': 0.8, 'factor_zona_centro': 1.0}"
MERCADO DL,17,2026-04-28 17:00:00,ZONA_CENTRO,tarde,0.1,0.098,0.9814,0.85,-1.86,🟢 NORMAL,35.492,21.105,"{'factor_calor_acumulado': 1.0, 'factor_cruceros': 1.0, 'factor_eventos': 1.0, 'factor_fin_de_semana': 1.0, 'factor_franja_tarde': 1.0, 'factor_global': 1.0, 'factor_movilidad_ciudad': 1.0, 'factor_obras_construccion': 1.0, 'factor_ocupacion_hotelera': 0.8, 'factor_zona_centro': 1.0}"
MERCADO DL,18,2026-04-28 18:00:00,ZONA_CENTRO,tarde,24.431,23.976,0.9814,0.85,-1.86,🟢 NORMAL,41.408,24.622,"{'factor_calor_acumulado': 1.0, 'factor_cruceros': 1.0, 'factor_eventos': 1.0, 'factor_fin_de_semana': 1.0, 'factor_franja_tarde': 1.0, 'factor_global': 1.0, 'factor_movilidad_ciudad': 1.0, 'factor_obras_construccion': 1.0, 'factor_ocupacion_hotelera': 0.8, 'factor_zona_centro': 1.0}"
MERCADO DL,19,2026-04-28 19:00:00,ZONA_CENTRO,tarde,47.83,46.94,0.9814,0.85,-1.86,🟢 NORMAL,53.239,31.656,"{'factor_calor_acumulado': 1.0, 'factor_cruceros': 1.0, 'factor_eventos': 1.0, 'factor_fin_de_semana': 1.0, 'factor_franja_tarde': 1.0, 'factor_global': 1.0, 'factor_movilidad_ciudad': 1.0, 'factor_obras_construccion': 1.0, 'factor_ocupacion_hotelera': 0.8, 'factor_zona_centro': 1.0}"
MERCADO DL,20,2026-04-28 20:00:00,ZONA_CENTRO,tarde,53.905,52.901,0.9814,0.85,-1.86,🟢 NORMAL,65.07,38.692,"{'factor_calor_acumulado': 1.0, 'factor_cruceros': 1.0, 'factor_eventos': 1.0, 'factor_fin_de_semana': 1.0, 'factor_franja_tarde': 1.0, 'factor_global': 1.0, 'factor_movilidad_ciudad': 1.0, 'factor_obras_construccion': 1.0, 'factor_ocupacion_hotelera': 0.8, 'factor_zona_centro': 1.0}"
MERCADO DL,21,2026-04-28 21:00:00,ZONA_CENTRO,tarde,114.885,112.747,0.9814,0.85,-1.86,🟢 NORMAL,70.985,42.209,"{'factor_calor_acumulado': 1.0, 'factor_cruceros': 1.0, 'factor_eventos': 1.0, 'factor_fin_de_semana': 1.0, 'factor_franja_tarde': 1.0, 'factor_global': 1.0, 'factor_movilidad_ciudad': 1.0, 'factor_obras_construccion': 1.0, 'factor_ocupacion_hotelera': 0.8, 'factor_zona_centro': 1.0}"
MERCADO DL,22,2026-04-28 22:00:00,ZONA_CENTRO,noche,46.105,44.884,0.9735,0.85,-2.65,🟢 NORMAL,53.239,31.656,"{'factor_cruceros': 1.0, 'factor_eventos': 1.0, 'factor_fin_de_semana': 1.0, 'factor_franja_noche': 0.95, 'factor_global': 1.0, 'factor_movilidad_ciudad': 1.0, 'factor_obras_construccion': 1.0, 'factor_ocupacion_hotelera': 0.8, 'factor_zona_centro': 1.0}"
MERCADO DL,23,2026-04-28 23:00:00,ZONA_CENTRO,noche,22.705,22.104,0.9735,0.85,-2.65,🟢 NORMAL,41.408,24.622,"{'factor_cruceros': 1.0, 'factor_eventos': 1.0, 'factor_fin_de_semana': 1.0, 'factor_franja_noche': 0.95, 'factor_global': 1.0, 'factor_movilidad_ciudad': 1.0, 'factor_obras_construccion': 1.0, 'factor_ocupacion_hotelera': 0.8, 'factor_zona_centro': 1.0}"
MUCHAVISTA - P.A.U. 5,0,2026-04-28 00:00:00,PLAYA_SAN_JUAN,noche,46.661,45.662,0.9786,0.85,-2.14,🟢 NORMAL,59.263,33.583,"{'factor_calor_acumulado': 1.0, 'factor_fin_de_semana': 1.0, 'factor_franja_noche': 0.95, 'factor_global': 1.0, 'factor_ocupacion_hotelera': 0.8, 'factor_playa_san_juan': 1.0, 'factor_vacaciones_escolares': 1.0, 'factor_vuelos_turismo': 1.0}"
MUCHAVISTA - P.A.U. 5,1,2026-04-28 01:00:00,PLAYA_SAN_JUAN,noche,42.102,41.201,0.9786,0.85,-2.14,🟢 NORMAL,80.88,44.225,"{'factor_calor_acumulado': 1.0, 'factor_fin_de_semana': 1.0, 'factor_franja_noche': 0.95, 'factor_global': 1.0, 'factor_ocupacion_hotelera': 0.8, 'factor_playa_san_juan': 1.0, 'factor_vacaciones_escolares': 1.0, 'factor_vuelos_turismo': 1.0}"
MUCHAVISTA - P.A.U. 5,2,2026-04-28 02:00:00,PLAYA_SAN_JUAN,noche,56.281,55.076,0.9786,0.85,-2.14,🟢 NORMAL,77.31,40.845,"{'factor_calor_acumulado': 1.0, 'factor_fin_de_semana': 1.0, 'factor_franja_noche': 0.95, 'factor_global': 1.0, 'factor_ocupacion_hotelera': 0.8, 'factor_playa_san_juan': 1.0, 'factor_vacaciones_escolares': 1.0, 'factor_vuelos_turismo': 1.0}"
MUCHAVISTA - P.A.U. 5,3,2026-04-28 03:00:00,PLAYA_SAN_JUAN,noche,54.642,53.472,0.9786,0.85,-2.14,🟢 NORMAL,73.295,37.0,"{'factor_calor_acumulado': 1.0, 'factor_fin_de_semana': 1.0, 'factor_franja_noche': 0.95, 'factor_global': 1.0, 'factor_ocupacion_hotelera': 0.8, 'factor_playa_san_juan': 1.0, 'factor_vacaciones_escolares': 1.0, 'factor_vuelos_turismo': 1.0}"
MUCHAVISTA - P.A.U. 5,4,2026-04-28 04:00:00,PLAYA_SAN_JUAN,noche,51.467,50.365,0.9786,0.85,-2.14,🟢 NORMAL,67.742,36.252,"{'factor_calor_acumulado': 1.0, 'factor_fin_de_semana': 1.0, 'factor_franja_noche': 0.95, 'factor_global': 1.0, 'factor_ocupacion_hotelera': 0.8, 'factor_playa_san_juan': 1.0, 'factor_vacaciones_escolares': 1.0, 'factor_vuelos_turismo': 1.0}"
MUCHAVISTA - P.A.U. 5,5,2026-04-28 05:00:00,PLAYA_SAN_JUAN,noche,49.753,48.687,0.9786,0.85,-2.14,🟢 NORMAL,60.398,35.41,"{'factor_calor_acumulado': 1.0, 'factor_fin_de_semana': 1.0, 'factor_franja_noche': 0.95, 'factor_global': 1.0, 'factor_ocupacion_hotelera': 0.8, 'factor_playa_san_juan': 1.0, 'factor_vacaciones_escolares': 1.0, 'factor_vuelos_turismo': 1.0}"
MUCHAVISTA - P.A.U. 5,6,2026-04-28 06:00:00,PLAYA_SAN_JUAN,manana,45.558,44.483,0.9764,0.85,-2.36,🟢 NORMAL,63.215,31.465,"{'factor_calor_acumulado': 1.0, 'factor_fin_de_semana': 1.0, 'factor_franja_manana': 1.0, 'factor_global': 1.0, 'factor_ocupacion_hotelera': 0.8, 'factor_playa_san_juan': 1.0, 'factor_vacaciones_escolares': 1.0, 'factor_vuelos_turismo': 1.0}"
MUCHAVISTA - P.A.U. 5,7,2026-04-28 07:00:00,PLAYA_SAN_JUAN,manana,49.644,48.471,0.9764,0.85,-2.36,🟢 NORMAL,65.878,33.702,"{'factor_calor_acumulado': 1.0, 'factor_fin_de_semana': 1.0, 'factor_franja_manana': 1.0, 'factor_global': 1.0, 'factor_ocupacion_hotelera': 0.8, 'factor_playa_san_juan': 1.0, 'factor_vacaciones_escolares': 1.0, 'factor_vuelos_turismo': 1.0}"
MUCHAVISTA - P.A.U. 5,8,2026-04-28 08:00:00,PLAYA_SAN_JUAN,manana,48.522,47.376,0.9764,0.85,-2.36,🟢 NORMAL,79.832,43.24,"{'factor_calor_acumulado': 1.0, 'factor_fin_de_semana': 1.0, 'factor_franja_manana': 1.0, 'factor_global': 1.0, 'factor_ocupacion_hotelera': 0.8, 'factor_playa_san_juan': 1.0, 'factor_vacaciones_escolares': 1.0, 'factor_vuelos_turismo': 1.0}"
MUCHAVISTA - P.A.U. 5,9,2026-04-28 09:00:00,PLAYA_SAN_JUAN,manana,71.764,70.069,0.9764,0.85,-2.36,🟢 NORMAL,98.68,56.52,"{'factor_calor_acumulado': 1.0, 'factor_fin_de_semana': 1.0, 'factor_franja_manana': 1.0, 'factor_global': 1.0, 'factor_ocupacion_hotelera': 0.8, 'factor_playa_san_juan': 1.0, 'factor_vacaciones_escolares': 1.0, 'factor_vuelos_turismo': 1.0}"
MUCHAVISTA - P.A.U. 5,10,2026-04-28 10:00:00,PLAYA_SAN_JUAN,manana,51.032,49.827,0.9764,0.85,-2.36,🟢 NORMAL,108.097,63.285,"{'factor_calor_acumulado': 1.0, 'factor_fin_de_semana': 1.0, 'factor_franja_manana': 1.0, 'factor_global': 1.0, 'factor_ocupacion_hotelera': 0.8, 'factor_playa_san_juan': 1.0, 'factor_vacaciones_escolares': 1.0, 'factor_vuelos_turismo': 1.0}"
MUCHAVISTA - P.A.U. 5,11,2026-04-28 11:00:00,PLAYA_SAN_JUAN,manana,79.1,77.233,0.9764,0.85,-2.36,🟢 NORMAL,102.417,60.362,"{'factor_calor_acumulado': 1.0, 'factor_fin_de_semana': 1.0, 'factor_franja_manana': 1.0, 'factor_global': 1.0, 'factor_ocupacion_hotelera': 0.8, 'factor_playa_san_juan': 1.0, 'factor_vacaciones_escolares': 1.0, 'factor_vuelos_turismo': 1.0}"
MUCHAVISTA - P.A.U. 5,12,2026-04-28 12:00:00,PLAYA_SAN_JUAN,manana,59.491,58.086,0.9764,0.85,-2.36,🟢 NORMAL,91.31,51.515,"{'factor_calor_acumulado': 1.0, 'factor_fin_de_semana': 1.0, 'factor_franja_manana': 1.0, 'factor_global': 1.0, 'factor_ocupacion_hotelera': 0.8, 'factor_playa_san_juan': 1.0, 'factor_vacaciones_escolares': 1.0, 'factor_vuelos_turismo': 1.0}"
MUCHAVISTA - P.A.U. 5,13,2026-04-28 13:00:00,PLAYA_SAN_JUAN,manana,63.227,61.734,0.9764,0.85,-2.36,🟢 NORMAL,94.821,53.732,"{'factor_calor_acumulado': 1.0, 'factor_fin_de_semana': 1.0, 'factor_franja_manana': 1.0, 'factor_global': 1.0, 'factor_ocupacion_hotelera': 0.8, 'factor_playa_san_juan': 1.0, 'factor_vacaciones_escolares': 1.0, 'factor_vuelos_turismo': 1.0}"
MUCHAVISTA - P.A.U. 5,14,2026-04-28 14:00:00,PLAYA_SAN_JUAN,tarde,88.902,87.248,0.9814,0.85,-1.86,🟢 NORMAL,118.526,67.165,"{'factor_calor_acumulado': 1.0, 'factor_fin_de_semana': 1.0, 'factor_franja_tarde': 1.0, 'factor_global': 1.0, 'factor_ocupacion_hotelera': 0.8, 'factor_playa_san_juan': 1.0, 'factor_vacaciones_escolares': 1.0, 'factor_vuelos_turismo': 1.0}"
MUCHAVISTA - P.A.U. 5,15,2026-04-28 15:00:00,PLAYA_SAN_JUAN,tarde,83.389,81.837,0.9814,0.85,-1.86,🟢 NORMAL,106.674,60.448,"{'factor_calor_acumulado': 1.0, 'factor_fin_de_semana': 1.0, 'factor_franja_tarde': 1.0, 'factor_global': 1.0, 'factor_ocupacion_hotelera': 0.8, 'factor_playa_san_juan': 1.0, 'factor_vacaciones_escolares': 1.0, 'factor_vuelos_turismo': 1.0}"
MUCHAVISTA - P.A.U. 5,16,2026-04-28 16:00:00,PLAYA_SAN_JUAN,tarde,55.788,54.75,0.9814,0.85,-1.86,🟢 NORMAL,82.969,47.016,"{'factor_calor_acumulado': 1.0, 'factor_fin_de_semana': 1.0, 'factor_franja_tarde': 1.0, 'factor_global': 1.0, 'factor_ocupacion_hotelera': 0.8, 'factor_playa_san_juan': 1.0, 'factor_vacaciones_escolares': 1.0, 'factor_vuelos_turismo': 1.0}"
MUCHAVISTA - P.A.U. 5,17,2026-04-28 17:00:00,PLAYA_SAN_JUAN,tarde,58.391,57.305,0.9814,0.85,-1.86,🟢 NORMAL,71.115,40.299,"{'factor_calor_acumulado': 1.0, 'factor_fin_de_semana': 1.0, 'factor_franja_tarde': 1.0, 'factor_global': 1.0, 'factor_ocupacion_hotelera': 0.8, 'factor_playa_san_juan': 1.0, 'factor_vacaciones_escolares': 1.0, 'factor_vuelos_turismo': 1.0}"
MUCHAVISTA - P.A.U. 5,18,2026-04-28 18:00:00,PLAYA_SAN_JUAN,tarde,55.788,54.75,0.9814,0.85,-1.86,🟢 NORMAL,82.969,47.016,"{'factor_calor_acumulado': 1.0, 'factor_fin_de_semana': 1.0, 'factor_franja_tarde': 1.0, 'factor_global': 1.0, 'factor_ocupacion_hotelera': 0.8, 'factor_playa_san_juan': 1.0, 'factor_vacaciones_escolares': 1.0, 'factor_vuelos_turismo': 1.0}"
MUCHAVISTA - P.A.U. 5,19,2026-04-28 19:00:00,PLAYA_SAN_JUAN,tarde,83.389,81.837,0.9814,0.85,-1.86,🟢 NORMAL,106.674,60.448,"{'factor_calor_acumulado': 1.0, 'factor_fin_de_semana': 1.0, 'factor_franja_tarde': 1.0, 'factor_global': 1.0, 'factor_ocupacion_hotelera': 0.8, 'factor_playa_san_juan': 1.0, 'factor_vacaciones_escolares': 1.0, 'factor_vuelos_turismo': 1.0}"
MUCHAVISTA - P.A.U. 5,20,2026-04-28 20:00:00,PLAYA_SAN_JUAN,tarde,96.345,94.552,0.9814,0.85,-1.86,🟢 NORMAL,130.379,73.881,"{'factor_calor_acumulado': 1.0, 'factor_fin_de_semana': 1.0, 'factor_franja_tarde': 1.0, 'factor_global': 1.0, 'factor_ocupacion_hotelera': 0.8, 'factor_playa_san_juan': 1.0, 'factor_vacaciones_escolares': 1.0, 'factor_vuelos_turismo': 1.0}"
MUCHAVISTA - P.A.U. 5,21,2026-04-28 21:00:00,PLAYA_SAN_JUAN,tarde,106.081,104.106,0.9814,0.85,-1.86,🟢 NORMAL,142.232,80.597,"{'factor_calor_acumulado': 1.0, 'factor_fin_de_semana': 1.0, 'factor_franja_tarde': 1.0, 'factor_global': 1.0, 'factor_ocupacion_hotelera': 0.8, 'factor_playa_san_juan': 1.0, 'factor_vacaciones_escolares': 1.0, 'factor_vuelos_turismo': 1.0}"
MUCHAVISTA - P.A.U. 5,22,2026-04-28 22:00:00,PLAYA_SAN_JUAN,noche,81.663,79.915,0.9786,0.85,-2.14,🟢 NORMAL,106.674,60.448,"{'factor_calor_acumulado': 1.0, 'factor_fin_de_semana': 1.0, 'factor_franja_noche': 0.95, 'factor_global': 1.0, 'factor_ocupacion_hotelera': 0.8, 'factor_playa_san_juan': 1.0, 'factor_vacaciones_escolares': 1.0, 'factor_vuelos_turismo': 1.0}"
MUCHAVISTA - P.A.U. 5,23,2026-04-28 23:00:00,PLAYA_SAN_JUAN,noche,54.062,52.905,0.9786,0.85,-2.14,🟢 NORMAL,82.969,47.016,"{'factor_calor_acumulado': 1.0, 'factor_fin_de_semana': 1.0, 'factor_franja_noche': 0.95, 'factor_global': 1.0, 'factor_ocupacion_hotelera': 0.8, 'factor_playa_san_juan': 1.0, 'factor_vacaciones_escolares': 1.0, 'factor_vuelos_turismo': 1.0}"
MUELLE GRANELES DL,0,2026-04-28 00:00:00,ZONA_NORTE,noche,69.588,69.369,0.9969,0.85,-0.31,🟢 NORMAL,7.843,2.262,"{'factor_eventos': 1.0, 'factor_fin_de_semana': 1.0, 'factor_franja_noche': 0.95, 'factor_global': 1.0, 'factor_movilidad_ciudad': 1.0, 'factor_obras_construccion': 1.0, 'factor_zona_norte': 1.0}"
MUELLE GRANELES DL,1,2026-04-28 01:00:00,ZONA_NORTE,noche,82.722,82.461,0.9969,0.85,-0.31,🟢 NORMAL,24.47,5.2,"{'factor_eventos': 1.0, 'factor_fin_de_semana': 1.0, 'factor_franja_noche': 0.95, 'factor_global': 1.0, 'factor_movilidad_ciudad': 1.0, 'factor_obras_construccion': 1.0, 'factor_zona_norte': 1.0}"
MUELLE GRANELES DL,2,2026-04-28 02:00:00,ZONA_NORTE,noche,76.576,76.335,0.9969,0.85,-0.31,🟢 NORMAL,23.84,5.38,"{'factor_eventos': 1.0, 'factor_fin_de_semana': 1.0, 'factor_franja_noche': 0.95, 'factor_global': 1.0, 'factor_movilidad_ciudad': 1.0, 'factor_obras_construccion': 1.0, 'factor_zona_norte': 1.0}"
MUELLE GRANELES DL,3,2026-04-28 03:00:00,ZONA_NORTE,noche,100.409,100.093,0.9969,0.85,-0.31,🟢 NORMAL,21.45,5.3,"{'factor_eventos': 1.0, 'factor_fin_de_semana': 1.0, 'factor_franja_noche': 0.95, 'factor_global': 1.0, 'factor_movilidad_ciudad': 1.0, 'factor_obras_construccion': 1.0, 'factor_zona_norte': 1.0}"
MUELLE GRANELES DL,4,2026-04-28 04:00:00,ZONA_NORTE,noche,104.997,104.666,0.9969,0.85,-0.31,🟢 NORMAL,21.35,5.3,"{'factor_eventos': 1.0, 'factor_fin_de_semana': 1.0, 'factor_franja_noche': 0.95, 'factor_global': 1.0, 'factor_movilidad_ciudad': 1.0, 'factor_obras_construccion': 1.0, 'factor_zona_norte': 1.0}"
MUELLE GRANELES DL,5,2026-04-28 05:00:00,ZONA_NORTE,noche,103.567,103.241,0.9969,0.85,-0.31,🟢 NORMAL,19.465,5.6,"{'factor_eventos': 1.0, 'factor_fin_de_semana': 1.0, 'factor_franja_noche': 0.95, 'factor_global': 1.0, 'factor_movilidad_ciudad': 1.0, 'factor_obras_construccion': 1.0, 'factor_zona_norte': 1.0}"
MUELLE GRANELES DL,6,2026-04-28 06:00:00,ZONA_NORTE,manana,85.245,85.245,1.0,0.85,0.0,🟢 NORMAL,17.39,5.5,"{'factor_eventos': 1.0, 'factor_fin_de_semana': 1.0, 'factor_franja_manana': 1.0, 'factor_global': 1.0, 'factor_movilidad_ciudad': 1.0, 'factor_obras_construccion': 1.0, 'factor_zona_norte': 1.0}"
MUELLE GRANELES DL,7,2026-04-28 07:00:00,ZONA_NORTE,manana,85.712,85.712,1.0,0.85,0.0,🟢 NORMAL,21.5,5.705,"{'factor_eventos': 1.0, 'factor_fin_de_semana': 1.0, 'factor_franja_manana': 1.0, 'factor_global': 1.0, 'factor_movilidad_ciudad': 1.0, 'factor_obras_construccion': 1.0, 'factor_zona_norte': 1.0}"
MUELLE GRANELES DL,8,2026-04-28 08:00:00,ZONA_NORTE,manana,85.712,85.712,1.0,0.85,0.0,🟢 NORMAL,18.6,5.3,"{'factor_eventos': 1.0, 'factor_fin_de_semana': 1.0, 'factor_franja_manana': 1.0, 'factor_global': 1.0, 'factor_movilidad_ciudad': 1.0, 'factor_obras_construccion': 1.0, 'factor_zona_norte': 1.0}"
MUELLE GRANELES DL,9,2026-04-28 09:00:00,ZONA_NORTE,manana,85.712,85.712,1.0,0.85,0.0,🟢 NORMAL,19.91,5.0,"{'factor_eventos': 1.0, 'factor_fin_de_semana': 1.0, 'factor_franja_manana': 1.0, 'factor_global': 1.0, 'factor_movilidad_ciudad': 1.0, 'factor_obras_construccion': 1.0, 'factor_zona_norte': 1.0}"
MUELLE GRANELES DL,10,2026-04-28 10:00:00,ZONA_NORTE,manana,82.683,82.683,1.0,0.85,0.0,🟢 NORMAL,22.6,5.2,"{'factor_eventos': 1.0, 'factor_fin_de_semana': 1.0, 'factor_franja_manana': 1.0, 'factor_global': 1.0, 'factor_movilidad_ciudad': 1.0, 'factor_obras_construccion': 1.0, 'factor_zona_norte': 1.0}"
MUELLE GRANELES DL,11,2026-04-28 11:00:00,ZONA_NORTE,manana,116.689,116.689,1.0,0.85,0.0,🟢 NORMAL,27.84,5.46,"{'factor_eventos': 1.0, 'factor_fin_de_semana': 1.0, 'factor_franja_manana': 1.0, 'factor_global': 1.0, 'factor_movilidad_ciudad': 1.0, 'factor_obras_construccion': 1.0, 'factor_zona_norte': 1.0}"
MUELLE GRANELES DL,12,2026-04-28 12:00:00,ZONA_NORTE,manana,88.657,88.657,1.0,0.85,0.0,🟢 NORMAL,23.09,5.41,"{'factor_eventos': 1.0, 'factor_fin_de_semana': 1.0, 'factor_franja_manana': 1.0, 'factor_global': 1.0, 'factor_movilidad_ciudad': 1.0, 'factor_obras_construccion': 1.0, 'factor_zona_norte': 1.0}"
MUELLE GRANELES DL,13,2026-04-28 13:00:00,ZONA_NORTE,manana,111.769,111.769,1.0,0.85,0.0,🟢 NORMAL,12.548,3.619,"{'factor_eventos': 1.0, 'factor_fin_de_semana': 1.0, 'factor_franja_manana': 1.0, 'factor_global': 1.0, 'factor_movilidad_ciudad': 1.0, 'factor_obras_construccion': 1.0, 'factor_zona_norte': 1.0}"
MUELLE GRANELES DL,14,2026-04-28 14:00:00,ZONA_NORTE,tarde,165.133,165.133,1.0,0.85,0.0,🟢 NORMAL,15.686,4.524,"{'factor_calor_acumulado': 1.0, 'factor_eventos': 1.0, 'factor_fin_de_semana': 1.0, 'factor_franja_tarde': 1.0, 'factor_global': 1.0, 'factor_movilidad_ciudad': 1.0, 'factor_obras_construccion': 1.0, 'factor_zona_norte': 1.0}"
MUELLE GRANELES DL,15,2026-04-28 15:00:00,ZONA_NORTE,tarde,115.322,115.322,1.0,0.85,0.0,🟢 NORMAL,14.117,4.071,"{'factor_calor_acumulado': 1.0, 'factor_eventos': 1.0, 'factor_fin_de_semana': 1.0, 'factor_franja_tarde': 1.0, 'factor_global': 1.0, 'factor_movilidad_ciudad': 1.0, 'factor_obras_construccion': 1.0, 'factor_zona_norte': 1.0}"
MUELLE GRANELES DL,16,2026-04-28 16:00:00,ZONA_NORTE,tarde,88.412,88.412,1.0,0.85,0.0,🟢 NORMAL,10.98,3.167,"{'factor_calor_acumulado': 1.0, 'factor_eventos': 1.0, 'factor_fin_de_semana': 1.0, 'factor_franja_tarde': 1.0, 'factor_global': 1.0, 'factor_movilidad_ciudad': 1.0, 'factor_obras_construccion': 1.0, 'factor_zona_norte': 1.0}"
MUELLE GRANELES DL,17,2026-04-28 17:00:00,ZONA_NORTE,tarde,82.386,82.386,1.0,0.85,0.0,🟢 NORMAL,9.411,2.714,"{'factor_calor_acumulado': 1.0, 'factor_eventos': 1.0, 'factor_fin_de_semana': 1.0, 'factor_franja_tarde': 1.0, 'factor_global': 1.0, 'factor_movilidad_ciudad': 1.0, 'factor_obras_construccion': 1.0, 'factor_zona_norte': 1.0}"
MUELLE GRANELES DL,18,2026-04-28 18:00:00,ZONA_NORTE,tarde,88.412,88.412,1.0,0.85,0.0,🟢 NORMAL,10.98,3.167,"{'factor_calor_acumulado': 1.0, 'factor_eventos': 1.0, 'factor_fin_de_semana': 1.0, 'factor_franja_tarde': 1.0, 'factor_global': 1.0, 'factor_movilidad_ciudad': 1.0, 'factor_obras_construccion': 1.0, 'factor_zona_norte': 1.0}"
MUELLE GRANELES DL,19,2026-04-28 19:00:00,ZONA_NORTE,tarde,115.322,115.322,1.0,0.85,0.0,🟢 NORMAL,14.117,4.071,"{'factor_calor_acumulado': 1.0, 'factor_eventos': 1.0, 'factor_fin_de_semana': 1.0, 'factor_franja_tarde': 1.0, 'factor_global': 1.0, 'factor_movilidad_ciudad': 1.0, 'factor_obras_construccion': 1.0, 'factor_zona_norte': 1.0}"
MUELLE GRANELES DL,20,2026-04-28 20:00:00,ZONA_NORTE,tarde,171.224,171.224,1.0,0.85,0.0,🟢 NORMAL,17.254,4.976,"{'factor_calor_acumulado': 1.0, 'factor_eventos': 1.0, 'factor_fin_de_semana': 1.0, 'factor_franja_tarde': 1.0, 'factor_global': 1.0, 'factor_movilidad_ciudad': 1.0, 'factor_obras_construccion': 1.0, 'factor_zona_norte': 1.0}"
MUELLE GRANELES DL,21,2026-04-28 21:00:00,ZONA_NORTE,tarde,176.735,176.735,1.0,0.85,0.0,🟢 NORMAL,18.823,5.429,"{'factor_calor_acumulado': 1.0, 'factor_eventos': 1.0, 'factor_fin_de_semana': 1.0, 'factor_franja_tarde': 1.0, 'factor_global': 1.0, 'factor_movilidad_ciudad': 1.0, 'factor_obras_construccion': 1.0, 'factor_zona_norte': 1.0}"
MUELLE GRANELES DL,22,2026-04-28 22:00:00,ZONA_NORTE,noche,113.596,113.238,0.9969,0.85,-0.31,🟢 NORMAL,14.117,4.071,"{'factor_eventos': 1.0, 'factor_fin_de_semana': 1.0, 'factor_franja_noche': 0.95, 'factor_global': 1.0, 'factor_movilidad_ciudad': 1.0, 'factor_obras_construccion': 1.0, 'factor_zona_norte': 1.0}"
MUELLE GRANELES DL,23,2026-04-28 23:00:00,ZONA_NORTE,noche,86.687,86.414,0.9969,0.85,-0.31,🟢 NORMAL,10.98,3.167,"{'factor_eventos': 1.0, 'factor_fin_de_semana': 1.0, 'factor_franja_noche': 0.95, 'factor_global': 1.0, 'factor_movilidad_ciudad': 1.0, 'factor_obras_construccion': 1.0, 'factor_zona_norte': 1.0}"
MUELLE LEVANTE DL,0,2026-04-28 00:00:00,ZONA_NORTE,noche,6.195,6.175,0.9969,0.85,-0.31,🟢 NORMAL,8.479,4.321,"{'factor_eventos': 1.0, 'factor_fin_de_semana': 1.0, 'factor_franja_noche': 0.95, 'factor_global': 1.0, 'factor_movilidad_ciudad': 1.0, 'factor_obras_construccion': 1.0, 'factor_zona_norte': 1.0}"
MUELLE LEVANTE DL,1,2026-04-28 01:00:00,ZONA_NORTE,noche,6.244,6.224,0.9969,0.85,-0.31,🟢 NORMAL,10.626,5.545,"{'factor_eventos': 1.0, 'factor_fin_de_semana': 1.0, 'factor_franja_noche': 0.95, 'factor_global': 1.0, 'factor_movilidad_ciudad': 1.0, 'factor_obras_construccion': 1.0, 'factor_zona_norte': 1.0}"
MUELLE LEVANTE DL,2,2026-04-28 02:00:00,ZONA_NORTE,noche,5.65,5.632,0.9969,0.85,-0.31,🟢 NORMAL,10.309,5.178,"{'factor_eventos': 1.0, 'factor_fin_de_semana': 1.0, 'factor_franja_noche': 0.95, 'factor_global': 1.0, 'factor_movilidad_ciudad': 1.0, 'factor_obras_construccion': 1.0, 'factor_zona_norte': 1.0}"
MUELLE LEVANTE DL,3,2026-04-28 03:00:00,ZONA_NORTE,noche,6.244,6.224,0.9969,0.85,-0.31,🟢 NORMAL,10.513,5.386,"{'factor_eventos': 1.0, 'factor_fin_de_semana': 1.0, 'factor_franja_noche': 0.95, 'factor_global': 1.0, 'factor_movilidad_ciudad': 1.0, 'factor_obras_construccion': 1.0, 'factor_zona_norte': 1.0}"
MUELLE LEVANTE DL,4,2026-04-28 04:00:00,ZONA_NORTE,noche,8.566,8.539,0.9969,0.85,-0.31,🟢 NORMAL,12.071,5.743,"{'factor_eventos': 1.0, 'factor_fin_de_semana': 1.0, 'factor_franja_noche': 0.95, 'factor_global': 1.0, 'factor_movilidad_ciudad': 1.0, 'factor_obras_construccion': 1.0, 'factor_zona_norte': 1.0}"
MUELLE LEVANTE DL,5,2026-04-28 05:00:00,ZONA_NORTE,noche,12.964,12.923,0.9969,0.85,-0.31,🟢 NORMAL,11.157,5.644,"{'factor_eventos': 1.0, 'factor_fin_de_semana': 1.0, 'factor_franja_noche': 0.95, 'factor_global': 1.0, 'factor_movilidad_ciudad': 1.0, 'factor_obras_construccion': 1.0, 'factor_zona_norte': 1.0}"
MUELLE LEVANTE DL,6,2026-04-28 06:00:00,ZONA_NORTE,manana,9.514,9.514,1.0,0.85,0.0,🟢 NORMAL,11.303,5.802,"{'factor_eventos': 1.0, 'factor_fin_de_semana': 1.0, 'factor_franja_manana': 1.0, 'factor_global': 1.0, 'factor_movilidad_ciudad': 1.0, 'factor_obras_construccion': 1.0, 'factor_zona_norte': 1.0}"
MUELLE LEVANTE DL,7,2026-04-28 07:00:00,ZONA_NORTE,manana,8.92,8.92,1.0,0.85,0.0,🟢 NORMAL,11.307,5.324,"{'factor_eventos': 1.0, 'factor_fin_de_semana': 1.0, 'factor_franja_manana': 1.0, 'factor_global': 1.0, 'factor_movilidad_ciudad': 1.0, 'factor_obras_construccion': 1.0, 'factor_zona_norte': 1.0}"
MUELLE LEVANTE DL,8,2026-04-28 08:00:00,ZONA_NORTE,manana,9.514,9.514,1.0,0.85,0.0,🟢 NORMAL,11.686,4.928,"{'factor_eventos': 1.0, 'factor_fin_de_semana': 1.0, 'factor_franja_manana': 1.0, 'factor_global': 1.0, 'factor_movilidad_ciudad': 1.0, 'factor_obras_construccion': 1.0, 'factor_zona_norte': 1.0}"
MUELLE LEVANTE DL,9,2026-04-28 09:00:00,ZONA_NORTE,manana,11.217,11.217,1.0,0.85,0.0,🟢 NORMAL,12.761,5.611,"{'factor_eventos': 1.0, 'factor_fin_de_semana': 1.0, 'factor_franja_manana': 1.0, 'factor_global': 1.0, 'factor_movilidad_ciudad': 1.0, 'factor_obras_construccion': 1.0, 'factor_zona_norte': 1.0}"
MUELLE LEVANTE DL,10,2026-04-28 10:00:00,ZONA_NORTE,manana,0.1,0.1,1.0,0.85,0.0,🟢 NORMAL,13.156,6.256,"{'factor_eventos': 1.0, 'factor_fin_de_semana': 1.0, 'factor_franja_manana': 1.0, 'factor_global': 1.0, 'factor_movilidad_ciudad': 1.0, 'factor_obras_construccion': 1.0, 'factor_zona_norte': 1.0}"
MUELLE LEVANTE DL,11,2026-04-28 11:00:00,ZONA_NORTE,manana,11.86,11.86,1.0,0.85,0.0,🟢 NORMAL,11.779,5.845,"{'factor_eventos': 1.0, 'factor_fin_de_semana': 1.0, 'factor_franja_manana': 1.0, 'factor_global': 1.0, 'factor_movilidad_ciudad': 1.0, 'factor_obras_construccion': 1.0, 'factor_zona_norte': 1.0}"
MUELLE LEVANTE DL,12,2026-04-28 12:00:00,ZONA_NORTE,manana,11.86,11.86,1.0,0.85,0.0,🟢 NORMAL,11.199,6.034,"{'factor_eventos': 1.0, 'factor_fin_de_semana': 1.0, 'factor_franja_manana': 1.0, 'factor_global': 1.0, 'factor_movilidad_ciudad': 1.0, 'factor_obras_construccion': 1.0, 'factor_zona_norte': 1.0}"
MUELLE LEVANTE DL,13,2026-04-28 13:00:00,ZONA_NORTE,manana,13.26,13.26,1.0,0.85,0.0,🟢 NORMAL,13.566,6.913,"{'factor_eventos': 1.0, 'factor_fin_de_semana': 1.0, 'factor_franja_manana': 1.0, 'factor_global': 1.0, 'factor_movilidad_ciudad': 1.0, 'factor_obras_construccion': 1.0, 'factor_zona_norte': 1.0}"
MUELLE LEVANTE DL,14,2026-04-28 14:00:00,ZONA_NORTE,tarde,23.146,23.146,1.0,0.85,0.0,🟢 NORMAL,16.958,8.641,"{'factor_calor_acumulado': 1.0, 'factor_eventos': 1.0, 'factor_fin_de_semana': 1.0, 'factor_franja_tarde': 1.0, 'factor_global': 1.0, 'factor_movilidad_ciudad': 1.0, 'factor_obras_construccion': 1.0, 'factor_zona_norte': 1.0}"
MUELLE LEVANTE DL,15,2026-04-28 15:00:00,ZONA_NORTE,tarde,14.562,14.562,1.0,0.85,0.0,🟢 NORMAL,15.262,7.777,"{'factor_calor_acumulado': 1.0, 'factor_eventos': 1.0, 'factor_fin_de_semana': 1.0, 'factor_franja_tarde': 1.0, 'factor_global': 1.0, 'factor_movilidad_ciudad': 1.0, 'factor_obras_construccion': 1.0, 'factor_zona_norte': 1.0}"
MUELLE LEVANTE DL,16,2026-04-28 16:00:00,ZONA_NORTE,tarde,10.938,10.938,1.0,0.85,0.0,🟢 NORMAL,11.87,6.049,"{'factor_calor_acumulado': 1.0, 'factor_eventos': 1.0, 'factor_fin_de_semana': 1.0, 'factor_franja_tarde': 1.0, 'factor_global': 1.0, 'factor_movilidad_ciudad': 1.0, 'factor_obras_construccion': 1.0, 'factor_zona_norte': 1.0}"
MUELLE LEVANTE DL,17,2026-04-28 17:00:00,ZONA_NORTE,tarde,10.344,10.344,1.0,0.85,0.0,🟢 NORMAL,10.174,5.185,"{'factor_calor_acumulado': 1.0, 'factor_eventos': 1.0, 'factor_fin_de_semana': 1.0, 'factor_franja_tarde': 1.0, 'factor_global': 1.0, 'factor_movilidad_ciudad': 1.0, 'factor_obras_construccion': 1.0, 'factor_zona_norte': 1.0}"
MUELLE LEVANTE DL,18,2026-04-28 18:00:00,ZONA_NORTE,tarde,10.938,10.938,1.0,0.85,0.0,🟢 NORMAL,11.87,6.049,"{'factor_calor_acumulado': 1.0, 'factor_eventos': 1.0, 'factor_fin_de_semana': 1.0, 'factor_franja_tarde': 1.0, 'factor_global': 1.0, 'factor_movilidad_ciudad': 1.0, 'factor_obras_construccion': 1.0, 'factor_zona_norte': 1.0}"
MUELLE LEVANTE DL,19,2026-04-28 19:00:00,ZONA_NORTE,tarde,14.562,14.562,1.0,0.85,0.0,🟢 NORMAL,15.262,7.777,"{'factor_calor_acumulado': 1.0, 'factor_eventos': 1.0, 'factor_fin_de_semana': 1.0, 'factor_franja_tarde': 1.0, 'factor_global': 1.0, 'factor_movilidad_ciudad': 1.0, 'factor_obras_construccion': 1.0, 'factor_zona_norte': 1.0}"
MUELLE LEVANTE DL,20,2026-04-28 20:00:00,ZONA_NORTE,tarde,25.27,25.27,1.0,0.85,0.0,🟢 NORMAL,18.653,9.505,"{'factor_calor_acumulado': 1.0, 'factor_eventos': 1.0, 'factor_fin_de_semana': 1.0, 'factor_franja_tarde': 1.0, 'factor_global': 1.0, 'factor_movilidad_ciudad': 1.0, 'factor_obras_construccion': 1.0, 'factor_zona_norte': 1.0}"
MUELLE LEVANTE DL,21,2026-04-28 21:00:00,ZONA_NORTE,tarde,28.456,28.456,1.0,0.85,0.0,🟢 NORMAL,20.349,10.369,"{'factor_calor_acumulado': 1.0, 'factor_eventos': 1.0, 'factor_fin_de_semana': 1.0, 'factor_franja_tarde': 1.0, 'factor_global': 1.0, 'factor_movilidad_ciudad': 1.0, 'factor_obras_construccion': 1.0, 'factor_zona_norte': 1.0}"
MUELLE LEVANTE DL,22,2026-04-28 22:00:00,ZONA_NORTE,noche,14.978,14.93,0.9969,0.85,-0.31,🟢 NORMAL,15.262,7.777,"{'factor_eventos': 1.0, 'factor_fin_de_semana': 1.0, 'factor_franja_noche': 0.95, 'factor_global': 1.0, 'factor_movilidad_ciudad': 1.0, 'factor_obras_construccion': 1.0, 'factor_zona_norte': 1.0}"
MUELLE LEVANTE DL,23,2026-04-28 23:00:00,ZONA_NORTE,noche,11.354,11.318,0.9969,0.85,-0.31,🟢 NORMAL,11.87,6.049,"{'factor_eventos': 1.0, 'factor_fin_de_semana': 1.0, 'factor_franja_noche': 0.95, 'factor_global': 1.0, 'factor_movilidad_ciudad': 1.0, 'factor_obras_construccion': 1.0, 'factor_zona_norte': 1.0}"
O.A.M.I 1,0,2026-04-28 00:00:00,ZONA_NORTE,noche,6.195,6.175,0.9969,0.85,-0.31,🟢 NORMAL,8.967,4.709,"{'factor_eventos': 1.0, 'factor_fin_de_semana': 1.0, 'factor_franja_noche': 0.95, 'factor_global': 1.0, 'factor_movilidad_ciudad': 1.0, 'factor_obras_construccion': 1.0, 'factor_zona_norte': 1.0}"
O.A.M.I 1,1,2026-04-28 01:00:00,ZONA_NORTE,noche,8.566,8.539,0.9969,0.85,-0.31,🟢 NORMAL,15.2,6.67,"{'factor_eventos': 1.0, 'factor_fin_de_semana': 1.0, 'factor_franja_noche': 0.95, 'factor_global': 1.0, 'factor_movilidad_ciudad': 1.0, 'factor_obras_construccion': 1.0, 'factor_zona_norte': 1.0}"
O.A.M.I 1,2,2026-04-28 02:00:00,ZONA_NORTE,noche,8.566,8.539,0.9969,0.85,-0.31,🟢 NORMAL,15.372,5.678,"{'factor_eventos': 1.0, 'factor_fin_de_semana': 1.0, 'factor_franja_noche': 0.95, 'factor_global': 1.0, 'factor_movilidad_ciudad': 1.0, 'factor_obras_construccion': 1.0, 'factor_zona_norte': 1.0}"
O.A.M.I 1,3,2026-04-28 03:00:00,ZONA_NORTE,noche,8.566,8.539,0.9969,0.85,-0.31,🟢 NORMAL,15.1,5.17,"{'factor_eventos': 1.0, 'factor_fin_de_semana': 1.0, 'factor_franja_noche': 0.95, 'factor_global': 1.0, 'factor_movilidad_ciudad': 1.0, 'factor_obras_construccion': 1.0, 'factor_zona_norte': 1.0}"
O.A.M.I 1,4,2026-04-28 04:00:00,ZONA_NORTE,noche,5.65,5.632,0.9969,0.85,-0.31,🟢 NORMAL,10.288,4.762,"{'factor_eventos': 1.0, 'factor_fin_de_semana': 1.0, 'factor_franja_noche': 0.95, 'factor_global': 1.0, 'factor_movilidad_ciudad': 1.0, 'factor_obras_construccion': 1.0, 'factor_zona_norte': 1.0}"
O.A.M.I 1,5,2026-04-28 05:00:00,ZONA_NORTE,noche,12.964,12.923,0.9969,0.85,-0.31,🟢 NORMAL,11.58,4.763,"{'factor_eventos': 1.0, 'factor_fin_de_semana': 1.0, 'factor_franja_noche': 0.95, 'factor_global': 1.0, 'factor_movilidad_ciudad': 1.0, 'factor_obras_construccion': 1.0, 'factor_zona_norte': 1.0}"
O.A.M.I 1,6,2026-04-28 06:00:00,ZONA_NORTE,manana,8.92,8.92,1.0,0.85,0.0,🟢 NORMAL,10.45,4.8,"{'factor_eventos': 1.0, 'factor_fin_de_semana': 1.0, 'factor_franja_manana': 1.0, 'factor_global': 1.0, 'factor_movilidad_ciudad': 1.0, 'factor_obras_construccion': 1.0, 'factor_zona_norte': 1.0}"
O.A.M.I 1,7,2026-04-28 07:00:00,ZONA_NORTE,manana,11.217,11.217,1.0,0.85,0.0,🟢 NORMAL,14.503,5.15,"{'factor_eventos': 1.0, 'factor_fin_de_semana': 1.0, 'factor_franja_manana': 1.0, 'factor_global': 1.0, 'factor_movilidad_ciudad': 1.0, 'factor_obras_construccion': 1.0, 'factor_zona_norte': 1.0}"
O.A.M.I 1,8,2026-04-28 08:00:00,ZONA_NORTE,manana,11.217,11.217,1.0,0.85,0.0,🟢 NORMAL,12.31,5.907,"{'factor_eventos': 1.0, 'factor_fin_de_semana': 1.0, 'factor_franja_manana': 1.0, 'factor_global': 1.0, 'factor_movilidad_ciudad': 1.0, 'factor_obras_construccion': 1.0, 'factor_zona_norte': 1.0}"
O.A.M.I 1,9,2026-04-28 09:00:00,ZONA_NORTE,manana,11.836,11.836,1.0,0.85,0.0,🟢 NORMAL,14.303,6.898,"{'factor_eventos': 1.0, 'factor_fin_de_semana': 1.0, 'factor_franja_manana': 1.0, 'factor_global': 1.0, 'factor_movilidad_ciudad': 1.0, 'factor_obras_construccion': 1.0, 'factor_zona_norte': 1.0}"
O.A.M.I 1,10,2026-04-28 10:00:00,ZONA_NORTE,manana,0.1,0.1,1.0,0.85,0.0,🟢 NORMAL,14.458,7.448,"{'factor_eventos': 1.0, 'factor_fin_de_semana': 1.0, 'factor_franja_manana': 1.0, 'factor_global': 1.0, 'factor_movilidad_ciudad': 1.0, 'factor_obras_construccion': 1.0, 'factor_zona_norte': 1.0}"
O.A.M.I 1,11,2026-04-28 11:00:00,ZONA_NORTE,manana,12.479,12.479,1.0,0.85,0.0,🟢 NORMAL,13.0,7.797,"{'factor_eventos': 1.0, 'factor_fin_de_semana': 1.0, 'factor_franja_manana': 1.0, 'factor_global': 1.0, 'factor_movilidad_ciudad': 1.0, 'factor_obras_construccion': 1.0, 'factor_zona_norte': 1.0}"
O.A.M.I 1,12,2026-04-28 12:00:00,ZONA_NORTE,manana,12.479,12.479,1.0,0.85,0.0,🟢 NORMAL,12.78,6.82,"{'factor_eventos': 1.0, 'factor_fin_de_semana': 1.0, 'factor_franja_manana': 1.0, 'factor_global': 1.0, 'factor_movilidad_ciudad': 1.0, 'factor_obras_construccion': 1.0, 'factor_zona_norte': 1.0}"
O.A.M.I 1,13,2026-04-28 13:00:00,ZONA_NORTE,manana,14.562,14.562,1.0,0.85,0.0,🟢 NORMAL,14.347,7.534,"{'factor_eventos': 1.0, 'factor_fin_de_semana': 1.0, 'factor_franja_manana': 1.0, 'factor_global': 1.0, 'factor_movilidad_ciudad': 1.0, 'factor_obras_construccion': 1.0, 'factor_zona_norte': 1.0}"
O.A.M.I 1,14,2026-04-28 14:00:00,ZONA_NORTE,tarde,24.855,24.855,1.0,0.85,0.0,🟢 NORMAL,17.934,9.417,"{'factor_calor_acumulado': 1.0, 'factor_eventos': 1.0, 'factor_fin_de_semana': 1.0, 'factor_franja_tarde': 1.0, 'factor_global': 1.0, 'factor_movilidad_ciudad': 1.0, 'factor_obras_construccion': 1.0, 'factor_zona_norte': 1.0}"
O.A.M.I 1,15,2026-04-28 15:00:00,ZONA_NORTE,tarde,20.393,20.393,1.0,0.85,0.0,🟢 NORMAL,16.141,8.476,"{'factor_calor_acumulado': 1.0, 'factor_eventos': 1.0, 'factor_fin_de_semana': 1.0, 'factor_franja_tarde': 1.0, 'factor_global': 1.0, 'factor_movilidad_ciudad': 1.0, 'factor_obras_construccion': 1.0, 'factor_zona_norte': 1.0}"
O.A.M.I 1,16,2026-04-28 16:00:00,ZONA_NORTE,tarde,13.26,13.26,1.0,0.85,0.0,🟢 NORMAL,12.553,6.592,"{'factor_calor_acumulado': 1.0, 'factor_eventos': 1.0, 'factor_fin_de_semana': 1.0, 'factor_franja_tarde': 1.0, 'factor_global': 1.0, 'factor_movilidad_ciudad': 1.0, 'factor_obras_construccion': 1.0, 'factor_zona_norte': 1.0}"
O.A.M.I 1,17,2026-04-28 17:00:00,ZONA_NORTE,tarde,10.938,10.938,1.0,0.85,0.0,🟢 NORMAL,10.76,5.65,"{'factor_calor_acumulado': 1.0, 'factor_eventos': 1.0, 'factor_fin_de_semana': 1.0, 'factor_franja_tarde': 1.0, 'factor_global': 1.0, 'factor_movilidad_ciudad': 1.0, 'factor_obras_construccion': 1.0, 'factor_zona_norte': 1.0}"
O.A.M.I 1,18,2026-04-28 18:00:00,ZONA_NORTE,tarde,13.26,13.26,1.0,0.85,0.0,🟢 NORMAL,12.553,6.592,"{'factor_calor_acumulado': 1.0, 'factor_eventos': 1.0, 'factor_fin_de_semana': 1.0, 'factor_franja_tarde': 1.0, 'factor_global': 1.0, 'factor_movilidad_ciudad': 1.0, 'factor_obras_construccion': 1.0, 'factor_zona_norte': 1.0}"
O.A.M.I 1,19,2026-04-28 19:00:00,ZONA_NORTE,tarde,20.393,20.393,1.0,0.85,0.0,🟢 NORMAL,16.141,8.476,"{'factor_calor_acumulado': 1.0, 'factor_eventos': 1.0, 'factor_fin_de_semana': 1.0, 'factor_franja_tarde': 1.0, 'factor_global': 1.0, 'factor_movilidad_ciudad': 1.0, 'factor_obras_construccion': 1.0, 'factor_zona_norte': 1.0}"
O.A.M.I 1,20,2026-04-28 20:00:00,ZONA_NORTE,tarde,28.456,28.456,1.0,0.85,0.0,🟢 NORMAL,19.727,10.359,"{'factor_calor_acumulado': 1.0, 'factor_eventos': 1.0, 'factor_fin_de_semana': 1.0, 'factor_franja_tarde': 1.0, 'factor_global': 1.0, 'factor_movilidad_ciudad': 1.0, 'factor_obras_construccion': 1.0, 'factor_zona_norte': 1.0}"
O.A.M.I 1,21,2026-04-28 21:00:00,ZONA_NORTE,tarde,24.414,24.414,1.0,0.85,0.0,🟢 NORMAL,21.521,11.301,"{'factor_calor_acumulado': 1.0, 'factor_eventos': 1.0, 'factor_fin_de_semana': 1.0, 'factor_franja_tarde': 1.0, 'factor_global': 1.0, 'factor_movilidad_ciudad': 1.0, 'factor_obras_construccion': 1.0, 'factor_zona_norte': 1.0}"
O.A.M.I 1,22,2026-04-28 22:00:00,ZONA_NORTE,noche,20.808,20.743,0.9969,0.85,-0.31,🟢 NORMAL,16.141,8.476,"{'factor_eventos': 1.0, 'factor_fin_de_semana': 1.0, 'factor_franja_noche': 0.95, 'factor_global': 1.0, 'factor_movilidad_ciudad': 1.0, 'factor_obras_construccion': 1.0, 'factor_zona_norte': 1.0}"
O.A.M.I 1,23,2026-04-28 23:00:00,ZONA_NORTE,noche,13.676,13.633,0.9969,0.85,-0.31,🟢 NORMAL,12.553,6.592,"{'factor_eventos': 1.0, 'factor_fin_de_semana': 1.0, 'factor_franja_noche': 0.95, 'factor_global': 1.0, 'factor_movilidad_ciudad': 1.0, 'factor_obras_construccion': 1.0, 'factor_zona_norte': 1.0}"
P.A.U. 1 (norte+sur),0,2026-04-28 00:00:00,ZONA_NORTE,noche,0.1,0.1,0.9969,0.85,-0.31,🟢 NORMAL,42.425,28.326,"{'factor_eventos': 1.0, 'factor_fin_de_semana': 1.0, 'factor_franja_noche': 0.95, 'factor_global': 1.0, 'factor_movilidad_ciudad': 1.0, 'factor_obras_construccion': 1.0, 'factor_zona_norte': 1.0}"
P.A.U. 1 (norte+sur),1,2026-04-28 01:00:00,ZONA_NORTE,noche,34.387,34.279,0.9969,0.85,-0.31,🟢 NORMAL,63.635,34.963,"{'factor_eventos': 1.0, 'factor_fin_de_semana': 1.0, 'factor_franja_noche': 0.95, 'factor_global': 1.0, 'factor_movilidad_ciudad': 1.0, 'factor_obras_construccion': 1.0, 'factor_zona_norte': 1.0}"
P.A.U. 1 (norte+sur),2,2026-04-28 02:00:00,ZONA_NORTE,noche,30.302,30.207,0.9969,0.85,-0.31,🟢 NORMAL,61.166,30.731,"{'factor_eventos': 1.0, 'factor_fin_de_semana': 1.0, 'factor_franja_noche': 0.95, 'factor_global': 1.0, 'factor_movilidad_ciudad': 1.0, 'factor_obras_construccion': 1.0, 'factor_zona_norte': 1.0}"
P.A.U. 1 (norte+sur),3,2026-04-28 03:00:00,ZONA_NORTE,noche,26.743,26.659,0.9969,0.85,-0.31,🟢 NORMAL,50.282,28.877,"{'factor_eventos': 1.0, 'factor_fin_de_semana': 1.0, 'factor_franja_noche': 0.95, 'factor_global': 1.0, 'factor_movilidad_ciudad': 1.0, 'factor_obras_construccion': 1.0, 'factor_zona_norte': 1.0}"
P.A.U. 1 (norte+sur),4,2026-04-28 04:00:00,ZONA_NORTE,noche,0.1,0.1,0.9969,0.85,-0.31,🟢 NORMAL,58.058,26.653,"{'factor_eventos': 1.0, 'factor_fin_de_semana': 1.0, 'factor_franja_noche': 0.95, 'factor_global': 1.0, 'factor_movilidad_ciudad': 1.0, 'factor_obras_construccion': 1.0, 'factor_zona_norte': 1.0}"
P.A.U. 1 (norte+sur),5,2026-04-28 05:00:00,ZONA_NORTE,noche,0.1,0.1,0.9969,0.85,-0.31,🟢 NORMAL,46.396,23.636,"{'factor_eventos': 1.0, 'factor_fin_de_semana': 1.0, 'factor_franja_noche': 0.95, 'factor_global': 1.0, 'factor_movilidad_ciudad': 1.0, 'factor_obras_construccion': 1.0, 'factor_zona_norte': 1.0}"
P.A.U. 1 (norte+sur),6,2026-04-28 06:00:00,ZONA_NORTE,manana,0.1,0.1,1.0,0.85,0.0,🟢 NORMAL,55.153,24.467,"{'factor_eventos': 1.0, 'factor_fin_de_semana': 1.0, 'factor_franja_manana': 1.0, 'factor_global': 1.0, 'factor_movilidad_ciudad': 1.0, 'factor_obras_construccion': 1.0, 'factor_zona_norte': 1.0}"
P.A.U. 1 (norte+sur),7,2026-04-28 07:00:00,ZONA_NORTE,manana,0.1,0.1,1.0,0.85,0.0,🟢 NORMAL,55.43,30.778,"{'factor_eventos': 1.0, 'factor_fin_de_semana': 1.0, 'factor_franja_manana': 1.0, 'factor_global': 1.0, 'factor_movilidad_ciudad': 1.0, 'factor_obras_construccion': 1.0, 'factor_zona_norte': 1.0}"
P.A.U. 1 (norte+sur),8,2026-04-28 08:00:00,ZONA_NORTE,manana,54.38,54.38,1.0,0.85,0.0,🟢 NORMAL,79.336,37.522,"{'factor_eventos': 1.0, 'factor_fin_de_semana': 1.0, 'factor_franja_manana': 1.0, 'factor_global': 1.0, 'factor_movilidad_ciudad': 1.0, 'factor_obras_construccion': 1.0, 'factor_zona_norte': 1.0}"
P.A.U. 1 (norte+sur),9,2026-04-28 09:00:00,ZONA_NORTE,manana,59.954,59.954,1.0,0.85,0.0,🟢 NORMAL,83.299,50.166,"{'factor_eventos': 1.0, 'factor_fin_de_semana': 1.0, 'factor_franja_manana': 1.0, 'factor_global': 1.0, 'factor_movilidad_ciudad': 1.0, 'factor_obras_construccion': 1.0, 'factor_zona_norte': 1.0}"
P.A.U. 1 (norte+sur),10,2026-04-28 10:00:00,ZONA_NORTE,manana,31.24,31.24,1.0,0.85,0.0,🟢 NORMAL,70.236,52.486,"{'factor_eventos': 1.0, 'factor_fin_de_semana': 1.0, 'factor_franja_manana': 1.0, 'factor_global': 1.0, 'factor_movilidad_ciudad': 1.0, 'factor_obras_construccion': 1.0, 'factor_zona_norte': 1.0}"
P.A.U. 1 (norte+sur),11,2026-04-28 11:00:00,ZONA_NORTE,manana,0.1,0.1,1.0,0.85,0.0,🟢 NORMAL,62.22,45.349,"{'factor_eventos': 1.0, 'factor_fin_de_semana': 1.0, 'factor_franja_manana': 1.0, 'factor_global': 1.0, 'factor_movilidad_ciudad': 1.0, 'factor_obras_construccion': 1.0, 'factor_zona_norte': 1.0}"
P.A.U. 1 (norte+sur),12,2026-04-28 12:00:00,ZONA_NORTE,manana,0.1,0.1,1.0,0.85,0.0,🟢 NORMAL,56.496,36.884,"{'factor_eventos': 1.0, 'factor_fin_de_semana': 1.0, 'factor_franja_manana': 1.0, 'factor_global': 1.0, 'factor_movilidad_ciudad': 1.0, 'factor_obras_construccion': 1.0, 'factor_zona_norte': 1.0}"
P.A.U. 1 (norte+sur),13,2026-04-28 13:00:00,ZONA_NORTE,manana,0.1,0.1,1.0,0.85,0.0,🟢 NORMAL,67.881,45.321,"{'factor_eventos': 1.0, 'factor_fin_de_semana': 1.0, 'factor_franja_manana': 1.0, 'factor_global': 1.0, 'factor_movilidad_ciudad': 1.0, 'factor_obras_construccion': 1.0, 'factor_zona_norte': 1.0}"
P.A.U. 1 (norte+sur),14,2026-04-28 14:00:00,ZONA_NORTE,tarde,0.1,0.1,1.0,0.85,0.0,🟢 NORMAL,84.851,56.651,"{'factor_calor_acumulado': 1.0, 'factor_eventos': 1.0, 'factor_fin_de_semana': 1.0, 'factor_franja_tarde': 1.0, 'factor_global': 1.0, 'factor_movilidad_ciudad': 1.0, 'factor_obras_construccion': 1.0, 'factor_zona_norte': 1.0}"
P.A.U. 1 (norte+sur),15,2026-04-28 15:00:00,ZONA_NORTE,tarde,0.1,0.1,1.0,0.85,0.0,🟢 NORMAL,76.366,50.987,"{'factor_calor_acumulado': 1.0, 'factor_eventos': 1.0, 'factor_fin_de_semana': 1.0, 'factor_franja_tarde': 1.0, 'factor_global': 1.0, 'factor_movilidad_ciudad': 1.0, 'factor_obras_construccion': 1.0, 'factor_zona_norte': 1.0}"
P.A.U. 1 (norte+sur),16,2026-04-28 16:00:00,ZONA_NORTE,tarde,0.1,0.1,1.0,0.85,0.0,🟢 NORMAL,59.396,39.656,"{'factor_calor_acumulado': 1.0, 'factor_eventos': 1.0, 'factor_fin_de_semana': 1.0, 'factor_franja_tarde': 1.0, 'factor_global': 1.0, 'factor_movilidad_ciudad': 1.0, 'factor_obras_construccion': 1.0, 'factor_zona_norte': 1.0}"
P.A.U. 1 (norte+sur),17,2026-04-28 17:00:00,ZONA_NORTE,tarde,0.1,0.1,1.0,0.85,0.0,🟢 NORMAL,50.911,33.99,"{'factor_calor_acumulado': 1.0, 'factor_eventos': 1.0, 'factor_fin_de_semana': 1.0, 'factor_franja_tarde': 1.0, 'factor_global': 1.0, 'factor_movilidad_ciudad': 1.0, 'factor_obras_construccion': 1.0, 'factor_zona_norte': 1.0}"
P.A.U. 1 (norte+sur),18,2026-04-28 18:00:00,ZONA_NORTE,tarde,0.1,0.1,1.0,0.85,0.0,🟢 NORMAL,59.396,39.656,"{'factor_calor_acumulado': 1.0, 'factor_eventos': 1.0, 'factor_fin_de_semana': 1.0, 'factor_franja_tarde': 1.0, 'factor_global': 1.0, 'factor_movilidad_ciudad': 1.0, 'factor_obras_construccion': 1.0, 'factor_zona_norte': 1.0}"
P.A.U. 1 (norte+sur),19,2026-04-28 19:00:00,ZONA_NORTE,tarde,0.1,0.1,1.0,0.85,0.0,🟢 NORMAL,76.366,50.987,"{'factor_calor_acumulado': 1.0, 'factor_eventos': 1.0, 'factor_fin_de_semana': 1.0, 'factor_franja_tarde': 1.0, 'factor_global': 1.0, 'factor_movilidad_ciudad': 1.0, 'factor_obras_construccion': 1.0, 'factor_zona_norte': 1.0}"
P.A.U. 1 (norte+sur),20,2026-04-28 20:00:00,ZONA_NORTE,tarde,0.1,0.1,1.0,0.85,0.0,🟢 NORMAL,93.336,62.316,"{'factor_calor_acumulado': 1.0, 'factor_eventos': 1.0, 'factor_fin_de_semana': 1.0, 'factor_franja_tarde': 1.0, 'factor_global': 1.0, 'factor_movilidad_ciudad': 1.0, 'factor_obras_construccion': 1.0, 'factor_zona_norte': 1.0}"
P.A.U. 1 (norte+sur),21,2026-04-28 21:00:00,ZONA_NORTE,tarde,0.1,0.1,1.0,0.85,0.0,🟢 NORMAL,101.821,67.982,"{'factor_calor_acumulado': 1.0, 'factor_eventos': 1.0, 'factor_fin_de_semana': 1.0, 'factor_franja_tarde': 1.0, 'factor_global': 1.0, 'factor_movilidad_ciudad': 1.0, 'factor_obras_construccion': 1.0, 'factor_zona_norte': 1.0}"
P.A.U. 1 (norte+sur),22,2026-04-28 22:00:00,ZONA_NORTE,noche,0.1,0.1,0.9969,0.85,-0.31,🟢 NORMAL,76.366,50.987,"{'factor_eventos': 1.0, 'factor_fin_de_semana': 1.0, 'factor_franja_noche': 0.95, 'factor_global': 1.0, 'factor_movilidad_ciudad': 1.0, 'factor_obras_construccion': 1.0, 'factor_zona_norte': 1.0}"
P.A.U. 1 (norte+sur),23,2026-04-28 23:00:00,ZONA_NORTE,noche,0.1,0.1,0.9969,0.85,-0.31,🟢 NORMAL,59.396,39.656,"{'factor_eventos': 1.0, 'factor_fin_de_semana': 1.0, 'factor_franja_noche': 0.95, 'factor_global': 1.0, 'factor_movilidad_ciudad': 1.0, 'factor_obras_construccion': 1.0, 'factor_zona_norte': 1.0}"
P.A.U. 2,0,2026-04-28 00:00:00,ZONA_NORTE,noche,118.126,117.754,0.9969,0.85,-0.31,🟢 NORMAL,16.918,14.079,"{'factor_eventos': 1.0, 'factor_fin_de_semana': 1.0, 'factor_franja_noche': 0.95, 'factor_global': 1.0, 'factor_movilidad_ciudad': 1.0, 'factor_obras_construccion': 1.0, 'factor_zona_norte': 1.0}"
P.A.U. 2,1,2026-04-28 01:00:00,ZONA_NORTE,noche,0.1,0.1,0.9969,0.85,-0.31,🟢 NORMAL,24.093,14.594,"{'factor_eventos': 1.0, 'factor_fin_de_semana': 1.0, 'factor_franja_noche': 0.95, 'factor_global': 1.0, 'factor_movilidad_ciudad': 1.0, 'factor_obras_construccion': 1.0, 'factor_zona_norte': 1.0}"
P.A.U. 2,2,2026-04-28 02:00:00,ZONA_NORTE,noche,0.1,0.1,0.9969,0.85,-0.31,🟢 NORMAL,20.468,13.098,"{'factor_eventos': 1.0, 'factor_fin_de_semana': 1.0, 'factor_franja_noche': 0.95, 'factor_global': 1.0, 'factor_movilidad_ciudad': 1.0, 'factor_obras_construccion': 1.0, 'factor_zona_norte': 1.0}"
P.A.U. 2,3,2026-04-28 03:00:00,ZONA_NORTE,noche,0.1,0.1,0.9969,0.85,-0.31,🟢 NORMAL,17.121,12.516,"{'factor_eventos': 1.0, 'factor_fin_de_semana': 1.0, 'factor_franja_noche': 0.95, 'factor_global': 1.0, 'factor_movilidad_ciudad': 1.0, 'factor_obras_construccion': 1.0, 'factor_zona_norte': 1.0}"
P.A.U. 2,4,2026-04-28 04:00:00,ZONA_NORTE,noche,0.1,0.1,0.9969,0.85,-0.31,🟢 NORMAL,16.693,12.364,"{'factor_eventos': 1.0, 'factor_fin_de_semana': 1.0, 'factor_franja_noche': 0.95, 'factor_global': 1.0, 'factor_movilidad_ciudad': 1.0, 'factor_obras_construccion': 1.0, 'factor_zona_norte': 1.0}"
P.A.U. 2,5,2026-04-28 05:00:00,ZONA_NORTE,noche,0.1,0.1,0.9969,0.85,-0.31,🟢 NORMAL,15.21,11.096,"{'factor_eventos': 1.0, 'factor_fin_de_semana': 1.0, 'factor_franja_noche': 0.95, 'factor_global': 1.0, 'factor_movilidad_ciudad': 1.0, 'factor_obras_construccion': 1.0, 'factor_zona_norte': 1.0}"
P.A.U. 2,6,2026-04-28 06:00:00,ZONA_NORTE,manana,0.1,0.1,1.0,0.85,0.0,🟢 NORMAL,20.79,12.287,"{'factor_eventos': 1.0, 'factor_fin_de_semana': 1.0, 'factor_franja_manana': 1.0, 'factor_global': 1.0, 'factor_movilidad_ciudad': 1.0, 'factor_obras_construccion': 1.0, 'factor_zona_norte': 1.0}"
P.A.U. 2,7,2026-04-28 07:00:00,ZONA_NORTE,manana,0.1,0.1,1.0,0.85,0.0,🟢 NORMAL,25.998,15.098,"{'factor_eventos': 1.0, 'factor_fin_de_semana': 1.0, 'factor_franja_manana': 1.0, 'factor_global': 1.0, 'factor_movilidad_ciudad': 1.0, 'factor_obras_construccion': 1.0, 'factor_zona_norte': 1.0}"
P.A.U. 2,8,2026-04-28 08:00:00,ZONA_NORTE,manana,115.514,115.514,1.0,0.85,0.0,🟢 NORMAL,34.514,17.973,"{'factor_eventos': 1.0, 'factor_fin_de_semana': 1.0, 'factor_franja_manana': 1.0, 'factor_global': 1.0, 'factor_movilidad_ciudad': 1.0, 'factor_obras_construccion': 1.0, 'factor_zona_norte': 1.0}"
P.A.U. 2,9,2026-04-28 09:00:00,ZONA_NORTE,manana,18.353,18.353,1.0,0.85,0.0,🟢 NORMAL,38.922,24.566,"{'factor_eventos': 1.0, 'factor_fin_de_semana': 1.0, 'factor_franja_manana': 1.0, 'factor_global': 1.0, 'factor_movilidad_ciudad': 1.0, 'factor_obras_construccion': 1.0, 'factor_zona_norte': 1.0}"
P.A.U. 2,10,2026-04-28 10:00:00,ZONA_NORTE,manana,1252.184,1252.184,1.0,0.85,0.0,🟢 NORMAL,34.696,26.735,"{'factor_eventos': 1.0, 'factor_fin_de_semana': 1.0, 'factor_franja_manana': 1.0, 'factor_global': 1.0, 'factor_movilidad_ciudad': 1.0, 'factor_obras_construccion': 1.0, 'factor_zona_norte': 1.0}"
P.A.U. 2,11,2026-04-28 11:00:00,ZONA_NORTE,manana,0.1,0.1,1.0,0.85,0.0,🟢 NORMAL,31.343,22.703,"{'factor_eventos': 1.0, 'factor_fin_de_semana': 1.0, 'factor_franja_manana': 1.0, 'factor_global': 1.0, 'factor_movilidad_ciudad': 1.0, 'factor_obras_construccion': 1.0, 'factor_zona_norte': 1.0}"
P.A.U. 2,12,2026-04-28 12:00:00,ZONA_NORTE,manana,0.1,0.1,1.0,0.85,0.0,🟢 NORMAL,25.725,17.769,"{'factor_eventos': 1.0, 'factor_fin_de_semana': 1.0, 'factor_franja_manana': 1.0, 'factor_global': 1.0, 'factor_movilidad_ciudad': 1.0, 'factor_obras_construccion': 1.0, 'factor_zona_norte': 1.0}"
P.A.U. 2,13,2026-04-28 13:00:00,ZONA_NORTE,manana,258.521,258.521,1.0,0.85,0.0,🟢 NORMAL,27.068,22.527,"{'factor_eventos': 1.0, 'factor_fin_de_semana': 1.0, 'factor_franja_manana': 1.0, 'factor_global': 1.0, 'factor_movilidad_ciudad': 1.0, 'factor_obras_construccion': 1.0, 'factor_zona_norte': 1.0}"
P.A.U. 2,14,2026-04-28 14:00:00,ZONA_NORTE,tarde,263.293,263.293,1.0,0.85,0.0,🟢 NORMAL,33.835,28.158,"{'factor_calor_acumulado': 1.0, 'factor_eventos': 1.0, 'factor_fin_de_semana': 1.0, 'factor_franja_tarde': 1.0, 'factor_global': 1.0, 'factor_movilidad_ciudad': 1.0, 'factor_obras_construccion': 1.0, 'factor_zona_norte': 1.0}"
P.A.U. 2,15,2026-04-28 15:00:00,ZONA_NORTE,tarde,263.731,263.731,1.0,0.85,0.0,🟢 NORMAL,30.451,25.343,"{'factor_calor_acumulado': 1.0, 'factor_eventos': 1.0, 'factor_fin_de_semana': 1.0, 'factor_franja_tarde': 1.0, 'factor_global': 1.0, 'factor_movilidad_ciudad': 1.0, 'factor_obras_construccion': 1.0, 'factor_zona_norte': 1.0}"
P.A.U. 2,16,2026-04-28 16:00:00,ZONA_NORTE,tarde,263.777,263.777,1.0,0.85,0.0,🟢 NORMAL,23.685,19.711,"{'factor_calor_acumulado': 1.0, 'factor_eventos': 1.0, 'factor_fin_de_semana': 1.0, 'factor_franja_tarde': 1.0, 'factor_global': 1.0, 'factor_movilidad_ciudad': 1.0, 'factor_obras_construccion': 1.0, 'factor_zona_norte': 1.0}"
P.A.U. 2,17,2026-04-28 17:00:00,ZONA_NORTE,tarde,263.777,263.777,1.0,0.85,0.0,🟢 NORMAL,20.301,16.895,"{'factor_calor_acumulado': 1.0, 'factor_eventos': 1.0, 'factor_fin_de_semana': 1.0, 'factor_franja_tarde': 1.0, 'factor_global': 1.0, 'factor_movilidad_ciudad': 1.0, 'factor_obras_construccion': 1.0, 'factor_zona_norte': 1.0}"
P.A.U. 2,18,2026-04-28 18:00:00,ZONA_NORTE,tarde,263.777,263.777,1.0,0.85,0.0,🟢 NORMAL,23.685,19.711,"{'factor_calor_acumulado': 1.0, 'factor_eventos': 1.0, 'factor_fin_de_semana': 1.0, 'factor_franja_tarde': 1.0, 'factor_global': 1.0, 'factor_movilidad_ciudad': 1.0, 'factor_obras_construccion': 1.0, 'factor_zona_norte': 1.0}"
P.A.U. 2,19,2026-04-28 19:00:00,ZONA_NORTE,tarde,263.777,263.777,1.0,0.85,0.0,🟢 NORMAL,30.451,25.343,"{'factor_calor_acumulado': 1.0, 'factor_eventos': 1.0, 'factor_fin_de_semana': 1.0, 'factor_franja_tarde': 1.0, 'factor_global': 1.0, 'factor_movilidad_ciudad': 1.0, 'factor_obras_construccion': 1.0, 'factor_zona_norte': 1.0}"
P.A.U. 2,20,2026-04-28 20:00:00,ZONA_NORTE,tarde,273.81,273.81,1.0,0.85,0.0,🟢 NORMAL,37.218,30.974,"{'factor_calor_acumulado': 1.0, 'factor_eventos': 1.0, 'factor_fin_de_semana': 1.0, 'factor_franja_tarde': 1.0, 'factor_global': 1.0, 'factor_movilidad_ciudad': 1.0, 'factor_obras_construccion': 1.0, 'factor_zona_norte': 1.0}"
P.A.U. 2,21,2026-04-28 21:00:00,ZONA_NORTE,tarde,277.116,277.116,1.0,0.85,0.0,🟢 NORMAL,40.601,33.79,"{'factor_calor_acumulado': 1.0, 'factor_eventos': 1.0, 'factor_fin_de_semana': 1.0, 'factor_franja_tarde': 1.0, 'factor_global': 1.0, 'factor_movilidad_ciudad': 1.0, 'factor_obras_construccion': 1.0, 'factor_zona_norte': 1.0}"
P.A.U. 2,22,2026-04-28 22:00:00,ZONA_NORTE,noche,269.817,268.968,0.9969,0.85,-0.31,🟢 NORMAL,30.451,25.343,"{'factor_eventos': 1.0, 'factor_fin_de_semana': 1.0, 'factor_franja_noche': 0.95, 'factor_global': 1.0, 'factor_movilidad_ciudad': 1.0, 'factor_obras_construccion': 1.0, 'factor_zona_norte': 1.0}"
P.A.U. 2,23,2026-04-28 23:00:00,ZONA_NORTE,noche,269.817,268.968,0.9969,0.85,-0.31,🟢 NORMAL,23.685,19.711,"{'factor_eventos': 1.0, 'factor_fin_de_semana': 1.0, 'factor_franja_noche': 0.95, 'factor_global': 1.0, 'factor_movilidad_ciudad': 1.0, 'factor_obras_construccion': 1.0, 'factor_zona_norte': 1.0}"
PARQUE LO MORANT,0,2026-04-28 00:00:00,ZONA_NORTE,noche,27.382,27.296,0.9969,0.85,-0.31,🟢 NORMAL,21.375,18.035,"{'factor_eventos': 1.0, 'factor_fin_de_semana': 1.0, 'factor_franja_noche': 0.95, 'factor_global': 1.0, 'factor_movilidad_ciudad': 1.0, 'factor_obras_construccion': 1.0, 'factor_zona_norte': 1.0}"
PARQUE LO MORANT,1,2026-04-28 01:00:00,ZONA_NORTE,noche,0.1,0.1,0.9969,0.85,-0.31,🟢 NORMAL,30.377,22.444,"{'factor_eventos': 1.0, 'factor_fin_de_semana': 1.0, 'factor_franja_noche': 0.95, 'factor_global': 1.0, 'factor_movilidad_ciudad': 1.0, 'factor_obras_construccion': 1.0, 'factor_zona_norte': 1.0}"
PARQUE LO MORANT,2,2026-04-28 02:00:00,ZONA_NORTE,noche,26.81,26.725,0.9969,0.85,-0.31,🟢 NORMAL,29.428,22.007,"{'factor_eventos': 1.0, 'factor_fin_de_semana': 1.0, 'factor_franja_noche': 0.95, 'factor_global': 1.0, 'factor_movilidad_ciudad': 1.0, 'factor_obras_construccion': 1.0, 'factor_zona_norte': 1.0}"
PARQUE LO MORANT,3,2026-04-28 03:00:00,ZONA_NORTE,noche,20.626,20.561,0.9969,0.85,-0.31,🟢 NORMAL,25.358,20.748,"{'factor_eventos': 1.0, 'factor_fin_de_semana': 1.0, 'factor_franja_noche': 0.95, 'factor_global': 1.0, 'factor_movilidad_ciudad': 1.0, 'factor_obras_construccion': 1.0, 'factor_zona_norte': 1.0}"
PARQUE LO MORANT,4,2026-04-28 04:00:00,ZONA_NORTE,noche,20.64,20.575,0.9969,0.85,-0.31,🟢 NORMAL,25.115,19.329,"{'factor_eventos': 1.0, 'factor_fin_de_semana': 1.0, 'factor_franja_noche': 0.95, 'factor_global': 1.0, 'factor_movilidad_ciudad': 1.0, 'factor_obras_construccion': 1.0, 'factor_zona_norte': 1.0}"
PARQUE LO MORANT,5,2026-04-28 05:00:00,ZONA_NORTE,noche,21.531,21.463,0.9969,0.85,-0.31,🟢 NORMAL,24.07,17.579,"{'factor_eventos': 1.0, 'factor_fin_de_semana': 1.0, 'factor_franja_noche': 0.95, 'factor_global': 1.0, 'factor_movilidad_ciudad': 1.0, 'factor_obras_construccion': 1.0, 'factor_zona_norte': 1.0}"
PARQUE LO MORANT,6,2026-04-28 06:00:00,ZONA_NORTE,manana,16.833,16.833,1.0,0.85,0.0,🟢 NORMAL,25.935,19.247,"{'factor_eventos': 1.0, 'factor_fin_de_semana': 1.0, 'factor_franja_manana': 1.0, 'factor_global': 1.0, 'factor_movilidad_ciudad': 1.0, 'factor_obras_construccion': 1.0, 'factor_zona_norte': 1.0}"
PARQUE LO MORANT,7,2026-04-28 07:00:00,ZONA_NORTE,manana,25.036,25.036,1.0,0.85,0.0,🟢 NORMAL,29.545,22.606,"{'factor_eventos': 1.0, 'factor_fin_de_semana': 1.0, 'factor_franja_manana': 1.0, 'factor_global': 1.0, 'factor_movilidad_ciudad': 1.0, 'factor_obras_construccion': 1.0, 'factor_zona_norte': 1.0}"
PARQUE LO MORANT,8,2026-04-28 08:00:00,ZONA_NORTE,manana,0.1,0.1,1.0,0.85,0.0,🟢 NORMAL,33.747,25.016,"{'factor_eventos': 1.0, 'factor_fin_de_semana': 1.0, 'factor_franja_manana': 1.0, 'factor_global': 1.0, 'factor_movilidad_ciudad': 1.0, 'factor_obras_construccion': 1.0, 'factor_zona_norte': 1.0}"
PARQUE LO MORANT,9,2026-04-28 09:00:00,ZONA_NORTE,manana,0.1,0.1,1.0,0.85,0.0,🟢 NORMAL,35.377,29.402,"{'factor_eventos': 1.0, 'factor_fin_de_semana': 1.0, 'factor_franja_manana': 1.0, 'factor_global': 1.0, 'factor_movilidad_ciudad': 1.0, 'factor_obras_construccion': 1.0, 'factor_zona_norte': 1.0}"
PARQUE LO MORANT,10,2026-04-28 10:00:00,ZONA_NORTE,manana,0.1,0.1,1.0,0.85,0.0,🟢 NORMAL,36.332,30.698,"{'factor_eventos': 1.0, 'factor_fin_de_semana': 1.0, 'factor_franja_manana': 1.0, 'factor_global': 1.0, 'factor_movilidad_ciudad': 1.0, 'factor_obras_construccion': 1.0, 'factor_zona_norte': 1.0}"
PARQUE LO MORANT,11,2026-04-28 11:00:00,ZONA_NORTE,manana,0.1,0.1,1.0,0.85,0.0,🟢 NORMAL,35.282,28.844,"{'factor_eventos': 1.0, 'factor_fin_de_semana': 1.0, 'factor_franja_manana': 1.0, 'factor_global': 1.0, 'factor_movilidad_ciudad': 1.0, 'factor_obras_construccion': 1.0, 'factor_zona_norte': 1.0}"
PARQUE LO MORANT,12,2026-04-28 12:00:00,ZONA_NORTE,manana,0.1,0.1,1.0,0.85,0.0,🟢 NORMAL,33.567,25.09,"{'factor_eventos': 1.0, 'factor_fin_de_semana': 1.0, 'factor_franja_manana': 1.0, 'factor_global': 1.0, 'factor_movilidad_ciudad': 1.0, 'factor_obras_construccion': 1.0, 'factor_zona_norte': 1.0}"
PARQUE LO MORANT,13,2026-04-28 13:00:00,ZONA_NORTE,manana,0.1,0.1,1.0,0.85,0.0,🟢 NORMAL,34.2,28.856,"{'factor_eventos': 1.0, 'factor_fin_de_semana': 1.0, 'factor_franja_manana': 1.0, 'factor_global': 1.0, 'factor_movilidad_ciudad': 1.0, 'factor_obras_construccion': 1.0, 'factor_zona_norte': 1.0}"
PARQUE LO MORANT,14,2026-04-28 14:00:00,ZONA_NORTE,tarde,46.887,46.887,1.0,0.85,0.0,🟢 NORMAL,42.75,36.07,"{'factor_calor_acumulado': 1.0, 'factor_eventos': 1.0, 'factor_fin_de_semana': 1.0, 'factor_franja_tarde': 1.0, 'factor_global': 1.0, 'factor_movilidad_ciudad': 1.0, 'factor_obras_construccion': 1.0, 'factor_zona_norte': 1.0}"
PARQUE LO MORANT,15,2026-04-28 15:00:00,ZONA_NORTE,tarde,28.97,28.97,1.0,0.85,0.0,🟢 NORMAL,38.475,32.463,"{'factor_calor_acumulado': 1.0, 'factor_eventos': 1.0, 'factor_fin_de_semana': 1.0, 'factor_franja_tarde': 1.0, 'factor_global': 1.0, 'factor_movilidad_ciudad': 1.0, 'factor_obras_construccion': 1.0, 'factor_zona_norte': 1.0}"
PARQUE LO MORANT,16,2026-04-28 16:00:00,ZONA_NORTE,tarde,0.1,0.1,1.0,0.85,0.0,🟢 NORMAL,29.925,25.25,"{'factor_calor_acumulado': 1.0, 'factor_eventos': 1.0, 'factor_fin_de_semana': 1.0, 'factor_franja_tarde': 1.0, 'factor_global': 1.0, 'factor_movilidad_ciudad': 1.0, 'factor_obras_construccion': 1.0, 'factor_zona_norte': 1.0}"
PARQUE LO MORANT,17,2026-04-28 17:00:00,ZONA_NORTE,tarde,23.865,23.865,1.0,0.85,0.0,🟢 NORMAL,25.65,21.642,"{'factor_calor_acumulado': 1.0, 'factor_eventos': 1.0, 'factor_fin_de_semana': 1.0, 'factor_franja_tarde': 1.0, 'factor_global': 1.0, 'factor_movilidad_ciudad': 1.0, 'factor_obras_construccion': 1.0, 'factor_zona_norte': 1.0}"
PARQUE LO MORANT,18,2026-04-28 18:00:00,ZONA_NORTE,tarde,0.1,0.1,1.0,0.85,0.0,🟢 NORMAL,29.925,25.25,"{'factor_calor_acumulado': 1.0, 'factor_eventos': 1.0, 'factor_fin_de_semana': 1.0, 'factor_franja_tarde': 1.0, 'factor_global': 1.0, 'factor_movilidad_ciudad': 1.0, 'factor_obras_construccion': 1.0, 'factor_zona_norte': 1.0}"
PARQUE LO MORANT,19,2026-04-28 19:00:00,ZONA_NORTE,tarde,28.97,28.97,1.0,0.85,0.0,🟢 NORMAL,38.475,32.463,"{'factor_calor_acumulado': 1.0, 'factor_eventos': 1.0, 'factor_fin_de_semana': 1.0, 'factor_franja_tarde': 1.0, 'factor_global': 1.0, 'factor_movilidad_ciudad': 1.0, 'factor_obras_construccion': 1.0, 'factor_zona_norte': 1.0}"
PARQUE LO MORANT,20,2026-04-28 20:00:00,ZONA_NORTE,tarde,51.325,51.325,1.0,0.85,0.0,🟢 NORMAL,47.025,39.677,"{'factor_calor_acumulado': 1.0, 'factor_eventos': 1.0, 'factor_fin_de_semana': 1.0, 'factor_franja_tarde': 1.0, 'factor_global': 1.0, 'factor_movilidad_ciudad': 1.0, 'factor_obras_construccion': 1.0, 'factor_zona_norte': 1.0}"
PARQUE LO MORANT,21,2026-04-28 21:00:00,ZONA_NORTE,tarde,55.212,55.212,1.0,0.85,0.0,🟢 NORMAL,51.3,43.285,"{'factor_calor_acumulado': 1.0, 'factor_eventos': 1.0, 'factor_fin_de_semana': 1.0, 'factor_franja_tarde': 1.0, 'factor_global': 1.0, 'factor_movilidad_ciudad': 1.0, 'factor_obras_construccion': 1.0, 'factor_zona_norte': 1.0}"
PARQUE LO MORANT,22,2026-04-28 22:00:00,ZONA_NORTE,noche,27.244,27.158,0.9969,0.85,-0.31,🟢 NORMAL,38.475,32.463,"{'factor_eventos': 1.0, 'factor_fin_de_semana': 1.0, 'factor_franja_noche': 0.95, 'factor_global': 1.0, 'factor_movilidad_ciudad': 1.0, 'factor_obras_construccion': 1.0, 'factor_zona_norte': 1.0}"
PARQUE LO MORANT,23,2026-04-28 23:00:00,ZONA_NORTE,noche,0.1,0.1,0.9969,0.85,-0.31,🟢 NORMAL,29.925,25.25,"{'factor_eventos': 1.0, 'factor_fin_de_semana': 1.0, 'factor_franja_noche': 0.95, 'factor_global': 1.0, 'factor_movilidad_ciudad': 1.0, 'factor_obras_construccion': 1.0, 'factor_zona_norte': 1.0}"
PLAYA DE SAN JUAN 1,0,2026-04-28 00:00:00,PLAYA_SAN_JUAN,noche,133.654,130.792,0.9786,0.85,-2.14,🟢 NORMAL,167.209,121.097,"{'factor_calor_acumulado': 1.0, 'factor_fin_de_semana': 1.0, 'factor_franja_noche': 0.95, 'factor_global': 1.0, 'factor_ocupacion_hotelera': 0.8, 'factor_playa_san_juan': 1.0, 'factor_vacaciones_escolares': 1.0, 'factor_vuelos_turismo': 1.0}"
PLAYA DE SAN JUAN 1,1,2026-04-28 01:00:00,PLAYA_SAN_JUAN,noche,84.67,82.857,0.9786,0.85,-2.14,🟢 NORMAL,118.22,56.086,"{'factor_calor_acumulado': 1.0, 'factor_fin_de_semana': 1.0, 'factor_franja_noche': 0.95, 'factor_global': 1.0, 'factor_ocupacion_hotelera': 0.8, 'factor_playa_san_juan': 1.0, 'factor_vacaciones_escolares': 1.0, 'factor_vuelos_turismo': 1.0}"
PLAYA DE SAN JUAN 1,2,2026-04-28 02:00:00,PLAYA_SAN_JUAN,noche,79.398,77.698,0.9786,0.85,-2.14,🟢 NORMAL,111.53,50.405,"{'factor_calor_acumulado': 1.0, 'factor_fin_de_semana': 1.0, 'factor_franja_noche': 0.95, 'factor_global': 1.0, 'factor_ocupacion_hotelera': 0.8, 'factor_playa_san_juan': 1.0, 'factor_vacaciones_escolares': 1.0, 'factor_vuelos_turismo': 1.0}"
PLAYA DE SAN JUAN 1,3,2026-04-28 03:00:00,PLAYA_SAN_JUAN,noche,76.285,74.651,0.9786,0.85,-2.14,🟢 NORMAL,108.25,47.4,"{'factor_calor_acumulado': 1.0, 'factor_fin_de_semana': 1.0, 'factor_franja_noche': 0.95, 'factor_global': 1.0, 'factor_ocupacion_hotelera': 0.8, 'factor_playa_san_juan': 1.0, 'factor_vacaciones_escolares': 1.0, 'factor_vuelos_turismo': 1.0}"
PLAYA DE SAN JUAN 1,4,2026-04-28 04:00:00,PLAYA_SAN_JUAN,noche,68.594,67.126,0.9786,0.85,-2.14,🟢 NORMAL,105.73,44.3,"{'factor_calor_acumulado': 1.0, 'factor_fin_de_semana': 1.0, 'factor_franja_noche': 0.95, 'factor_global': 1.0, 'factor_ocupacion_hotelera': 0.8, 'factor_playa_san_juan': 1.0, 'factor_vacaciones_escolares': 1.0, 'factor_vuelos_turismo': 1.0}"
PLAYA DE SAN JUAN 1,5,2026-04-28 05:00:00,PLAYA_SAN_JUAN,noche,66.605,65.178,0.9786,0.85,-2.14,🟢 NORMAL,97.16,39.685,"{'factor_calor_acumulado': 1.0, 'factor_fin_de_semana': 1.0, 'factor_franja_noche': 0.95, 'factor_global': 1.0, 'factor_ocupacion_hotelera': 0.8, 'factor_playa_san_juan': 1.0, 'factor_vacaciones_escolares': 1.0, 'factor_vuelos_turismo': 1.0}"
PLAYA DE SAN JUAN 1,6,2026-04-28 06:00:00,PLAYA_SAN_JUAN,manana,61.8,60.341,0.9764,0.85,-2.36,🟢 NORMAL,84.72,38.326,"{'factor_calor_acumulado': 1.0, 'factor_fin_de_semana': 1.0, 'factor_franja_manana': 1.0, 'factor_global': 1.0, 'factor_ocupacion_hotelera': 0.8, 'factor_playa_san_juan': 1.0, 'factor_vacaciones_escolares': 1.0, 'factor_vuelos_turismo': 1.0}"
PLAYA DE SAN JUAN 1,7,2026-04-28 07:00:00,PLAYA_SAN_JUAN,manana,64.335,62.816,0.9764,0.85,-2.36,🟢 NORMAL,88.76,38.525,"{'factor_calor_acumulado': 1.0, 'factor_fin_de_semana': 1.0, 'factor_franja_manana': 1.0, 'factor_global': 1.0, 'factor_ocupacion_hotelera': 0.8, 'factor_playa_san_juan': 1.0, 'factor_vacaciones_escolares': 1.0, 'factor_vuelos_turismo': 1.0}"
PLAYA DE SAN JUAN 1,8,2026-04-28 08:00:00,PLAYA_SAN_JUAN,manana,73.068,71.343,0.9764,0.85,-2.36,🟢 NORMAL,105.965,46.2,"{'factor_calor_acumulado': 1.0, 'factor_fin_de_semana': 1.0, 'factor_franja_manana': 1.0, 'factor_global': 1.0, 'factor_ocupacion_hotelera': 0.8, 'factor_playa_san_juan': 1.0, 'factor_vacaciones_escolares': 1.0, 'factor_vuelos_turismo': 1.0}"
PLAYA DE SAN JUAN 1,9,2026-04-28 09:00:00,PLAYA_SAN_JUAN,manana,85.79,83.764,0.9764,0.85,-2.36,🟢 NORMAL,119.87,58.19,"{'factor_calor_acumulado': 1.0, 'factor_fin_de_semana': 1.0, 'factor_franja_manana': 1.0, 'factor_global': 1.0, 'factor_ocupacion_hotelera': 0.8, 'factor_playa_san_juan': 1.0, 'factor_vacaciones_escolares': 1.0, 'factor_vuelos_turismo': 1.0}"
PLAYA DE SAN JUAN 1,10,2026-04-28 10:00:00,PLAYA_SAN_JUAN,manana,58.021,56.651,0.9764,0.85,-2.36,🟢 NORMAL,124.432,61.898,"{'factor_calor_acumulado': 1.0, 'factor_fin_de_semana': 1.0, 'factor_franja_manana': 1.0, 'factor_global': 1.0, 'factor_ocupacion_hotelera': 0.8, 'factor_playa_san_juan': 1.0, 'factor_vacaciones_escolares': 1.0, 'factor_vuelos_turismo': 1.0}"
PLAYA DE SAN JUAN 1,11,2026-04-28 11:00:00,PLAYA_SAN_JUAN,manana,91.972,89.8,0.9764,0.85,-2.36,🟢 NORMAL,115.99,62.795,"{'factor_calor_acumulado': 1.0, 'factor_fin_de_semana': 1.0, 'factor_franja_manana': 1.0, 'factor_global': 1.0, 'factor_ocupacion_hotelera': 0.8, 'factor_playa_san_juan': 1.0, 'factor_vacaciones_escolares': 1.0, 'factor_vuelos_turismo': 1.0}"
PLAYA DE SAN JUAN 1,12,2026-04-28 12:00:00,PLAYA_SAN_JUAN,manana,91.972,89.8,0.9764,0.85,-2.36,🟢 NORMAL,116.98,62.675,"{'factor_calor_acumulado': 1.0, 'factor_fin_de_semana': 1.0, 'factor_franja_manana': 1.0, 'factor_global': 1.0, 'factor_ocupacion_hotelera': 0.8, 'factor_playa_san_juan': 1.0, 'factor_vacaciones_escolares': 1.0, 'factor_vuelos_turismo': 1.0}"
PLAYA DE SAN JUAN 1,13,2026-04-28 13:00:00,PLAYA_SAN_JUAN,manana,229.959,224.53,0.9764,0.85,-2.36,🟢 NORMAL,267.534,193.755,"{'factor_calor_acumulado': 1.0, 'factor_fin_de_semana': 1.0, 'factor_franja_manana': 1.0, 'factor_global': 1.0, 'factor_ocupacion_hotelera': 0.8, 'factor_playa_san_juan': 1.0, 'factor_vacaciones_escolares': 1.0, 'factor_vuelos_turismo': 1.0}"
PLAYA DE SAN JUAN 1,14,2026-04-28 14:00:00,PLAYA_SAN_JUAN,tarde,321.519,315.534,0.9814,0.85,-1.86,🟢 NORMAL,334.418,242.194,"{'factor_calor_acumulado': 1.0, 'factor_fin_de_semana': 1.0, 'factor_franja_tarde': 1.0, 'factor_global': 1.0, 'factor_ocupacion_hotelera': 0.8, 'factor_playa_san_juan': 1.0, 'factor_vacaciones_escolares': 1.0, 'factor_vuelos_turismo': 1.0}"
PLAYA DE SAN JUAN 1,15,2026-04-28 15:00:00,PLAYA_SAN_JUAN,tarde,254.307,249.574,0.9814,0.85,-1.86,🟢 NORMAL,300.976,217.974,"{'factor_calor_acumulado': 1.0, 'factor_fin_de_semana': 1.0, 'factor_franja_tarde': 1.0, 'factor_global': 1.0, 'factor_ocupacion_hotelera': 0.8, 'factor_playa_san_juan': 1.0, 'factor_vacaciones_escolares': 1.0, 'factor_vuelos_turismo': 1.0}"
PLAYA DE SAN JUAN 1,16,2026-04-28 16:00:00,PLAYA_SAN_JUAN,tarde,208.724,204.839,0.9814,0.85,-1.86,🟢 NORMAL,234.092,169.536,"{'factor_calor_acumulado': 1.0, 'factor_fin_de_semana': 1.0, 'factor_franja_tarde': 1.0, 'factor_global': 1.0, 'factor_ocupacion_hotelera': 0.8, 'factor_playa_san_juan': 1.0, 'factor_vacaciones_escolares': 1.0, 'factor_vuelos_turismo': 1.0}"
PLAYA DE SAN JUAN 1,17,2026-04-28 17:00:00,PLAYA_SAN_JUAN,tarde,180.019,176.668,0.9814,0.85,-1.86,🟢 NORMAL,200.651,145.316,"{'factor_calor_acumulado': 1.0, 'factor_fin_de_semana': 1.0, 'factor_franja_tarde': 1.0, 'factor_global': 1.0, 'factor_ocupacion_hotelera': 0.8, 'factor_playa_san_juan': 1.0, 'factor_vacaciones_escolares': 1.0, 'factor_vuelos_turismo': 1.0}"
PLAYA DE SAN JUAN 1,18,2026-04-28 18:00:00,PLAYA_SAN_JUAN,tarde,208.724,204.839,0.9814,0.85,-1.86,🟢 NORMAL,234.092,169.536,"{'factor_calor_acumulado': 1.0, 'factor_fin_de_semana': 1.0, 'factor_franja_tarde': 1.0, 'factor_global': 1.0, 'factor_ocupacion_hotelera': 0.8, 'factor_playa_san_juan': 1.0, 'factor_vacaciones_escolares': 1.0, 'factor_vuelos_turismo': 1.0}"
PLAYA DE SAN JUAN 1,19,2026-04-28 19:00:00,PLAYA_SAN_JUAN,tarde,254.307,249.574,0.9814,0.85,-1.86,🟢 NORMAL,300.976,217.974,"{'factor_calor_acumulado': 1.0, 'factor_fin_de_semana': 1.0, 'factor_franja_tarde': 1.0, 'factor_global': 1.0, 'factor_ocupacion_hotelera': 0.8, 'factor_playa_san_juan': 1.0, 'factor_vacaciones_escolares': 1.0, 'factor_vuelos_turismo': 1.0}"
PLAYA DE SAN JUAN 1,20,2026-04-28 20:00:00,PLAYA_SAN_JUAN,tarde,333.387,327.182,0.9814,0.85,-1.86,🟢 NORMAL,367.86,266.414,"{'factor_calor_acumulado': 1.0, 'factor_fin_de_semana': 1.0, 'factor_franja_tarde': 1.0, 'factor_global': 1.0, 'factor_ocupacion_hotelera': 0.8, 'factor_playa_san_juan': 1.0, 'factor_vacaciones_escolares': 1.0, 'factor_vuelos_turismo': 1.0}"
PLAYA DE SAN JUAN 1,21,2026-04-28 21:00:00,PLAYA_SAN_JUAN,tarde,336.694,330.427,0.9814,0.85,-1.86,🟢 NORMAL,401.301,290.633,"{'factor_calor_acumulado': 1.0, 'factor_fin_de_semana': 1.0, 'factor_franja_tarde': 1.0, 'factor_global': 1.0, 'factor_ocupacion_hotelera': 0.8, 'factor_playa_san_juan': 1.0, 'factor_vacaciones_escolares': 1.0, 'factor_vuelos_turismo': 1.0}"
PLAYA DE SAN JUAN 1,22,2026-04-28 22:00:00,PLAYA_SAN_JUAN,noche,253.98,248.541,0.9786,0.85,-2.14,🟢 NORMAL,300.976,217.974,"{'factor_calor_acumulado': 1.0, 'factor_fin_de_semana': 1.0, 'factor_franja_noche': 0.95, 'factor_global': 1.0, 'factor_ocupacion_hotelera': 0.8, 'factor_playa_san_juan': 1.0, 'factor_vacaciones_escolares': 1.0, 'factor_vuelos_turismo': 1.0}"
PLAYA DE SAN JUAN 1,23,2026-04-28 23:00:00,PLAYA_SAN_JUAN,noche,208.396,203.934,0.9786,0.85,-2.14,🟢 NORMAL,234.092,169.536,"{'factor_calor_acumulado': 1.0, 'factor_fin_de_semana': 1.0, 'factor_franja_noche': 0.95, 'factor_global': 1.0, 'factor_ocupacion_hotelera': 0.8, 'factor_playa_san_juan': 1.0, 'factor_vacaciones_escolares': 1.0, 'factor_vuelos_turismo': 1.0}"
PZA. MONTAÑETA,0,2026-04-28 00:00:00,ZONA_NORTE,noche,13.022,12.981,0.9969,0.85,-0.31,🟢 NORMAL,33.361,29.082,"{'factor_eventos': 1.0, 'factor_fin_de_semana': 1.0, 'factor_franja_noche': 0.95, 'factor_global': 1.0, 'factor_movilidad_ciudad': 1.0, 'factor_obras_construccion': 1.0, 'factor_zona_norte': 1.0}"
PZA. MONTAÑETA,1,2026-04-28 01:00:00,ZONA_NORTE,noche,50.339,50.18,0.9969,0.85,-0.31,🟢 NORMAL,48.463,38.45,"{'factor_eventos': 1.0, 'factor_fin_de_semana': 1.0, 'factor_franja_noche': 0.95, 'factor_global': 1.0, 'factor_movilidad_ciudad': 1.0, 'factor_obras_construccion': 1.0, 'factor_zona_norte': 1.0}"
PZA. MONTAÑETA,2,2026-04-28 02:00:00,ZONA_NORTE,noche,42.011,41.879,0.9969,0.85,-0.31,🟢 NORMAL,41.681,34.268,"{'factor_eventos': 1.0, 'factor_fin_de_semana': 1.0, 'factor_franja_noche': 0.95, 'factor_global': 1.0, 'factor_movilidad_ciudad': 1.0, 'factor_obras_construccion': 1.0, 'factor_zona_norte': 1.0}"
PZA. MONTAÑETA,3,2026-04-28 03:00:00,ZONA_NORTE,noche,35.835,35.722,0.9969,0.85,-0.31,🟢 NORMAL,39.126,32.899,"{'factor_eventos': 1.0, 'factor_fin_de_semana': 1.0, 'factor_franja_noche': 0.95, 'factor_global': 1.0, 'factor_movilidad_ciudad': 1.0, 'factor_obras_construccion': 1.0, 'factor_zona_norte': 1.0}"
PZA. MONTAÑETA,4,2026-04-28 04:00:00,ZONA_NORTE,noche,35.611,35.499,0.9969,0.85,-0.31,🟢 NORMAL,37.356,32.0,"{'factor_eventos': 1.0, 'factor_fin_de_semana': 1.0, 'factor_franja_noche': 0.95, 'factor_global': 1.0, 'factor_movilidad_ciudad': 1.0, 'factor_obras_construccion': 1.0, 'factor_zona_norte': 1.0}"
PZA. MONTAÑETA,5,2026-04-28 05:00:00,ZONA_NORTE,noche,0.1,0.1,0.9969,0.85,-0.31,🟢 NORMAL,35.748,28.185,"{'factor_eventos': 1.0, 'factor_fin_de_semana': 1.0, 'factor_franja_noche': 0.95, 'factor_global': 1.0, 'factor_movilidad_ciudad': 1.0, 'factor_obras_construccion': 1.0, 'factor_zona_norte': 1.0}"
PZA. MONTAÑETA,6,2026-04-28 06:00:00,ZONA_NORTE,manana,0.1,0.1,1.0,0.85,0.0,🟢 NORMAL,34.578,27.024,"{'factor_eventos': 1.0, 'factor_fin_de_semana': 1.0, 'factor_franja_manana': 1.0, 'factor_global': 1.0, 'factor_movilidad_ciudad': 1.0, 'factor_obras_construccion': 1.0, 'factor_zona_norte': 1.0}"
PZA. MONTAÑETA,7,2026-04-28 07:00:00,ZONA_NORTE,manana,26.818,26.818,1.0,0.85,0.0,🟢 NORMAL,39.268,31.434,"{'factor_eventos': 1.0, 'factor_fin_de_semana': 1.0, 'factor_franja_manana': 1.0, 'factor_global': 1.0, 'factor_movilidad_ciudad': 1.0, 'factor_obras_construccion': 1.0, 'factor_zona_norte': 1.0}"
PZA. MONTAÑETA,8,2026-04-28 08:00:00,ZONA_NORTE,manana,52.897,52.897,1.0,0.85,0.0,🟢 NORMAL,51.194,36.878,"{'factor_eventos': 1.0, 'factor_fin_de_semana': 1.0, 'factor_franja_manana': 1.0, 'factor_global': 1.0, 'factor_movilidad_ciudad': 1.0, 'factor_obras_construccion': 1.0, 'factor_zona_norte': 1.0}"
PZA. MONTAÑETA,9,2026-04-28 09:00:00,ZONA_NORTE,manana,58.924,58.924,1.0,0.85,0.0,🟢 NORMAL,56.925,45.604,"{'factor_eventos': 1.0, 'factor_fin_de_semana': 1.0, 'factor_franja_manana': 1.0, 'factor_global': 1.0, 'factor_movilidad_ciudad': 1.0, 'factor_obras_construccion': 1.0, 'factor_zona_norte': 1.0}"
PZA. MONTAÑETA,10,2026-04-28 10:00:00,ZONA_NORTE,manana,26.899,26.899,1.0,0.85,0.0,🟢 NORMAL,60.595,51.796,"{'factor_eventos': 1.0, 'factor_fin_de_semana': 1.0, 'factor_franja_manana': 1.0, 'factor_global': 1.0, 'factor_movilidad_ciudad': 1.0, 'factor_obras_construccion': 1.0, 'factor_zona_norte': 1.0}"
PZA. MONTAÑETA,11,2026-04-28 11:00:00,ZONA_NORTE,manana,63.763,63.763,1.0,0.85,0.0,🟢 NORMAL,60.33,52.115,"{'factor_eventos': 1.0, 'factor_fin_de_semana': 1.0, 'factor_franja_manana': 1.0, 'factor_global': 1.0, 'factor_movilidad_ciudad': 1.0, 'factor_obras_construccion': 1.0, 'factor_zona_norte': 1.0}"
PZA. MONTAÑETA,12,2026-04-28 12:00:00,ZONA_NORTE,manana,59.822,59.822,1.0,0.85,0.0,🟢 NORMAL,57.57,46.406,"{'factor_eventos': 1.0, 'factor_fin_de_semana': 1.0, 'factor_franja_manana': 1.0, 'factor_global': 1.0, 'factor_movilidad_ciudad': 1.0, 'factor_obras_construccion': 1.0, 'factor_zona_norte': 1.0}"
PZA. MONTAÑETA,13,2026-04-28 13:00:00,ZONA_NORTE,manana,58.472,58.472,1.0,0.85,0.0,🟢 NORMAL,53.378,46.53,"{'factor_eventos': 1.0, 'factor_fin_de_semana': 1.0, 'factor_franja_manana': 1.0, 'factor_global': 1.0, 'factor_movilidad_ciudad': 1.0, 'factor_obras_construccion': 1.0, 'factor_zona_norte': 1.0}"
PZA. MONTAÑETA,14,2026-04-28 14:00:00,ZONA_NORTE,tarde,67.527,67.527,1.0,0.85,0.0,🟢 NORMAL,66.723,58.163,"{'factor_calor_acumulado': 1.0, 'factor_eventos': 1.0, 'factor_fin_de_semana': 1.0, 'factor_franja_tarde': 1.0, 'factor_global': 1.0, 'factor_movilidad_ciudad': 1.0, 'factor_obras_construccion': 1.0, 'factor_zona_norte': 1.0}"
PZA. MONTAÑETA,15,2026-04-28 15:00:00,ZONA_NORTE,tarde,64.401,64.401,1.0,0.85,0.0,🟢 NORMAL,60.051,52.346,"{'factor_calor_acumulado': 1.0, 'factor_eventos': 1.0, 'factor_fin_de_semana': 1.0, 'factor_franja_tarde': 1.0, 'factor_global': 1.0, 'factor_movilidad_ciudad': 1.0, 'factor_obras_construccion': 1.0, 'factor_zona_norte': 1.0}"
PZA. MONTAÑETA,16,2026-04-28 16:00:00,ZONA_NORTE,tarde,53.051,53.051,1.0,0.85,0.0,🟢 NORMAL,46.706,40.714,"{'factor_calor_acumulado': 1.0, 'factor_eventos': 1.0, 'factor_fin_de_semana': 1.0, 'factor_franja_tarde': 1.0, 'factor_global': 1.0, 'factor_movilidad_ciudad': 1.0, 'factor_obras_construccion': 1.0, 'factor_zona_norte': 1.0}"
PZA. MONTAÑETA,17,2026-04-28 17:00:00,ZONA_NORTE,tarde,43.668,43.668,1.0,0.85,0.0,🟢 NORMAL,40.034,34.898,"{'factor_calor_acumulado': 1.0, 'factor_eventos': 1.0, 'factor_fin_de_semana': 1.0, 'factor_franja_tarde': 1.0, 'factor_global': 1.0, 'factor_movilidad_ciudad': 1.0, 'factor_obras_construccion': 1.0, 'factor_zona_norte': 1.0}"
PZA. MONTAÑETA,18,2026-04-28 18:00:00,ZONA_NORTE,tarde,53.051,53.051,1.0,0.85,0.0,🟢 NORMAL,46.706,40.714,"{'factor_calor_acumulado': 1.0, 'factor_eventos': 1.0, 'factor_fin_de_semana': 1.0, 'factor_franja_tarde': 1.0, 'factor_global': 1.0, 'factor_movilidad_ciudad': 1.0, 'factor_obras_construccion': 1.0, 'factor_zona_norte': 1.0}"
PZA. MONTAÑETA,19,2026-04-28 19:00:00,ZONA_NORTE,tarde,64.401,64.401,1.0,0.85,0.0,🟢 NORMAL,60.051,52.346,"{'factor_calor_acumulado': 1.0, 'factor_eventos': 1.0, 'factor_fin_de_semana': 1.0, 'factor_franja_tarde': 1.0, 'factor_global': 1.0, 'factor_movilidad_ciudad': 1.0, 'factor_obras_construccion': 1.0, 'factor_zona_norte': 1.0}"
PZA. MONTAÑETA,20,2026-04-28 20:00:00,ZONA_NORTE,tarde,71.471,71.471,1.0,0.85,0.0,🟢 NORMAL,73.395,63.979,"{'factor_calor_acumulado': 1.0, 'factor_eventos': 1.0, 'factor_fin_de_semana': 1.0, 'factor_franja_tarde': 1.0, 'factor_global': 1.0, 'factor_movilidad_ciudad': 1.0, 'factor_obras_construccion': 1.0, 'factor_zona_norte': 1.0}"
PZA. MONTAÑETA,21,2026-04-28 21:00:00,ZONA_NORTE,tarde,79.815,79.815,1.0,0.85,0.0,🟢 NORMAL,80.067,69.796,"{'factor_calor_acumulado': 1.0, 'factor_eventos': 1.0, 'factor_fin_de_semana': 1.0, 'factor_franja_tarde': 1.0, 'factor_global': 1.0, 'factor_movilidad_ciudad': 1.0, 'factor_obras_construccion': 1.0, 'factor_zona_norte': 1.0}"
PZA. MONTAÑETA,22,2026-04-28 22:00:00,ZONA_NORTE,noche,62.676,62.478,0.9969,0.85,-0.31,🟢 NORMAL,60.051,52.346,"{'factor_eventos': 1.0, 'factor_fin_de_semana': 1.0, 'factor_franja_noche': 0.95, 'factor_global': 1.0, 'factor_movilidad_ciudad': 1.0, 'factor_obras_construccion': 1.0, 'factor_zona_norte': 1.0}"
PZA. MONTAÑETA,23,2026-04-28 23:00:00,ZONA_NORTE,noche,51.325,51.164,0.9969,0.85,-0.31,🟢 NORMAL,46.706,40.714,"{'factor_eventos': 1.0, 'factor_fin_de_semana': 1.0, 'factor_franja_noche': 0.95, 'factor_global': 1.0, 'factor_movilidad_ciudad': 1.0, 'factor_obras_construccion': 1.0, 'factor_zona_norte': 1.0}"
Pla-Hospital,0,2026-04-28 00:00:00,ZONA_NORTE,noche,9.409,9.38,0.9969,0.85,-0.31,🟢 NORMAL,8.554,5.402,"{'factor_eventos': 1.0, 'factor_fin_de_semana': 1.0, 'factor_franja_noche': 0.95, 'factor_global': 1.0, 'factor_movilidad_ciudad': 1.0, 'factor_obras_construccion': 1.0, 'factor_zona_norte': 1.0}"
Pla-Hospital,1,2026-04-28 01:00:00,ZONA_NORTE,noche,0.1,0.1,0.9969,0.85,-0.31,🟢 NORMAL,49.462,17.909,"{'factor_eventos': 1.0, 'factor_fin_de_semana': 1.0, 'factor_franja_noche': 0.95, 'factor_global': 1.0, 'factor_movilidad_ciudad': 1.0, 'factor_obras_construccion': 1.0, 'factor_zona_norte': 1.0}"
Pla-Hospital,2,2026-04-28 02:00:00,ZONA_NORTE,noche,21.307,21.24,0.9969,0.85,-0.31,🟢 NORMAL,37.39,14.381,"{'factor_eventos': 1.0, 'factor_fin_de_semana': 1.0, 'factor_franja_noche': 0.95, 'factor_global': 1.0, 'factor_movilidad_ciudad': 1.0, 'factor_obras_construccion': 1.0, 'factor_zona_norte': 1.0}"
Pla-Hospital,3,2026-04-28 03:00:00,ZONA_NORTE,noche,21.534,21.466,0.9969,0.85,-0.31,🟢 NORMAL,18.86,10.891,"{'factor_eventos': 1.0, 'factor_fin_de_semana': 1.0, 'factor_franja_noche': 0.95, 'factor_global': 1.0, 'factor_movilidad_ciudad': 1.0, 'factor_obras_construccion': 1.0, 'factor_zona_norte': 1.0}"
Pla-Hospital,4,2026-04-28 04:00:00,ZONA_NORTE,noche,23.95,23.875,0.9969,0.85,-0.31,🟢 NORMAL,17.621,9.266,"{'factor_eventos': 1.0, 'factor_fin_de_semana': 1.0, 'factor_franja_noche': 0.95, 'factor_global': 1.0, 'factor_movilidad_ciudad': 1.0, 'factor_obras_construccion': 1.0, 'factor_zona_norte': 1.0}"
Pla-Hospital,5,2026-04-28 05:00:00,ZONA_NORTE,noche,28.834,28.743,0.9969,0.85,-0.31,🟢 NORMAL,19.022,8.538,"{'factor_eventos': 1.0, 'factor_fin_de_semana': 1.0, 'factor_franja_noche': 0.95, 'factor_global': 1.0, 'factor_movilidad_ciudad': 1.0, 'factor_obras_construccion': 1.0, 'factor_zona_norte': 1.0}"
Pla-Hospital,6,2026-04-28 06:00:00,ZONA_NORTE,manana,17.514,17.514,1.0,0.85,0.0,🟢 NORMAL,34.36,14.648,"{'factor_eventos': 1.0, 'factor_fin_de_semana': 1.0, 'factor_franja_manana': 1.0, 'factor_global': 1.0, 'factor_movilidad_ciudad': 1.0, 'factor_obras_construccion': 1.0, 'factor_zona_norte': 1.0}"
Pla-Hospital,7,2026-04-28 07:00:00,ZONA_NORTE,manana,26.818,26.818,1.0,0.85,0.0,🟢 NORMAL,49.659,20.337,"{'factor_eventos': 1.0, 'factor_fin_de_semana': 1.0, 'factor_franja_manana': 1.0, 'factor_global': 1.0, 'factor_movilidad_ciudad': 1.0, 'factor_obras_construccion': 1.0, 'factor_zona_norte': 1.0}"
Pla-Hospital,8,2026-04-28 08:00:00,ZONA_NORTE,manana,51.954,51.954,1.0,0.85,0.0,🟢 NORMAL,53.278,31.912,"{'factor_eventos': 1.0, 'factor_fin_de_semana': 1.0, 'factor_franja_manana': 1.0, 'factor_global': 1.0, 'factor_movilidad_ciudad': 1.0, 'factor_obras_construccion': 1.0, 'factor_zona_norte': 1.0}"
Pla-Hospital,9,2026-04-28 09:00:00,ZONA_NORTE,manana,62.216,62.216,1.0,0.85,0.0,🟢 NORMAL,57.462,51.064,"{'factor_eventos': 1.0, 'factor_fin_de_semana': 1.0, 'factor_franja_manana': 1.0, 'factor_global': 1.0, 'factor_movilidad_ciudad': 1.0, 'factor_obras_construccion': 1.0, 'factor_zona_norte': 1.0}"
Pla-Hospital,10,2026-04-28 10:00:00,ZONA_NORTE,manana,28.049,28.049,1.0,0.85,0.0,🟢 NORMAL,68.144,53.209,"{'factor_eventos': 1.0, 'factor_fin_de_semana': 1.0, 'factor_franja_manana': 1.0, 'factor_global': 1.0, 'factor_movilidad_ciudad': 1.0, 'factor_obras_construccion': 1.0, 'factor_zona_norte': 1.0}"
Pla-Hospital,11,2026-04-28 11:00:00,ZONA_NORTE,manana,53.795,53.795,1.0,0.85,0.0,🟢 NORMAL,55.206,35.948,"{'factor_eventos': 1.0, 'factor_fin_de_semana': 1.0, 'factor_franja_manana': 1.0, 'factor_global': 1.0, 'factor_movilidad_ciudad': 1.0, 'factor_obras_construccion': 1.0, 'factor_zona_norte': 1.0}"
Pla-Hospital,12,2026-04-28 12:00:00,ZONA_NORTE,manana,83.739,83.739,1.0,0.85,0.0,🟢 NORMAL,39.8,26.02,"{'factor_eventos': 1.0, 'factor_fin_de_semana': 1.0, 'factor_franja_manana': 1.0, 'factor_global': 1.0, 'factor_movilidad_ciudad': 1.0, 'factor_obras_construccion': 1.0, 'factor_zona_norte': 1.0}"
Pla-Hospital,13,2026-04-28 13:00:00,ZONA_NORTE,manana,16.089,16.089,1.0,0.85,0.0,🟢 NORMAL,13.686,8.644,"{'factor_eventos': 1.0, 'factor_fin_de_semana': 1.0, 'factor_franja_manana': 1.0, 'factor_global': 1.0, 'factor_movilidad_ciudad': 1.0, 'factor_obras_construccion': 1.0, 'factor_zona_norte': 1.0}"
Pla-Hospital,14,2026-04-28 14:00:00,ZONA_NORTE,tarde,25.829,25.829,1.0,0.85,0.0,🟢 NORMAL,17.107,10.805,"{'factor_calor_acumulado': 1.0, 'factor_eventos': 1.0, 'factor_fin_de_semana': 1.0, 'factor_franja_tarde': 1.0, 'factor_global': 1.0, 'factor_movilidad_ciudad': 1.0, 'factor_obras_construccion': 1.0, 'factor_zona_norte': 1.0}"
Pla-Hospital,15,2026-04-28 15:00:00,ZONA_NORTE,tarde,21.367,21.367,1.0,0.85,0.0,🟢 NORMAL,15.397,9.724,"{'factor_calor_acumulado': 1.0, 'factor_eventos': 1.0, 'factor_fin_de_semana': 1.0, 'factor_franja_tarde': 1.0, 'factor_global': 1.0, 'factor_movilidad_ciudad': 1.0, 'factor_obras_construccion': 1.0, 'factor_zona_norte': 1.0}"
Pla-Hospital,16,2026-04-28 16:00:00,ZONA_NORTE,tarde,14.787,14.787,1.0,0.85,0.0,🟢 NORMAL,11.975,7.563,"{'factor_calor_acumulado': 1.0, 'factor_eventos': 1.0, 'factor_fin_de_semana': 1.0, 'factor_franja_tarde': 1.0, 'factor_global': 1.0, 'factor_movilidad_ciudad': 1.0, 'factor_obras_construccion': 1.0, 'factor_zona_norte': 1.0}"
Pla-Hospital,17,2026-04-28 17:00:00,ZONA_NORTE,tarde,11.871,11.871,1.0,0.85,0.0,🟢 NORMAL,10.265,6.482,"{'factor_calor_acumulado': 1.0, 'factor_eventos': 1.0, 'factor_fin_de_semana': 1.0, 'factor_franja_tarde': 1.0, 'factor_global': 1.0, 'factor_movilidad_ciudad': 1.0, 'factor_obras_construccion': 1.0, 'factor_zona_norte': 1.0}"
Pla-Hospital,18,2026-04-28 18:00:00,ZONA_NORTE,tarde,14.787,14.787,1.0,0.85,0.0,🟢 NORMAL,11.975,7.563,"{'factor_calor_acumulado': 1.0, 'factor_eventos': 1.0, 'factor_fin_de_semana': 1.0, 'factor_franja_tarde': 1.0, 'factor_global': 1.0, 'factor_movilidad_ciudad': 1.0, 'factor_obras_construccion': 1.0, 'factor_zona_norte': 1.0}"
Pla-Hospital,19,2026-04-28 19:00:00,ZONA_NORTE,tarde,21.367,21.367,1.0,0.85,0.0,🟢 NORMAL,15.397,9.724,"{'factor_calor_acumulado': 1.0, 'factor_eventos': 1.0, 'factor_fin_de_semana': 1.0, 'factor_franja_tarde': 1.0, 'factor_global': 1.0, 'factor_movilidad_ciudad': 1.0, 'factor_obras_construccion': 1.0, 'factor_zona_norte': 1.0}"
Pla-Hospital,20,2026-04-28 20:00:00,ZONA_NORTE,tarde,29.43,29.43,1.0,0.85,0.0,🟢 NORMAL,18.819,11.885,"{'factor_calor_acumulado': 1.0, 'factor_eventos': 1.0, 'factor_fin_de_semana': 1.0, 'factor_franja_tarde': 1.0, 'factor_global': 1.0, 'factor_movilidad_ciudad': 1.0, 'factor_obras_construccion': 1.0, 'factor_zona_norte': 1.0}"
Pla-Hospital,21,2026-04-28 21:00:00,ZONA_NORTE,tarde,25.388,25.388,1.0,0.85,0.0,🟢 NORMAL,20.529,12.965,"{'factor_calor_acumulado': 1.0, 'factor_eventos': 1.0, 'factor_fin_de_semana': 1.0, 'factor_franja_tarde': 1.0, 'factor_global': 1.0, 'factor_movilidad_ciudad': 1.0, 'factor_obras_construccion': 1.0, 'factor_zona_norte': 1.0}"
Pla-Hospital,22,2026-04-28 22:00:00,ZONA_NORTE,noche,21.782,21.714,0.9969,0.85,-0.31,🟢 NORMAL,15.397,9.724,"{'factor_eventos': 1.0, 'factor_fin_de_semana': 1.0, 'factor_franja_noche': 0.95, 'factor_global': 1.0, 'factor_movilidad_ciudad': 1.0, 'factor_obras_construccion': 1.0, 'factor_zona_norte': 1.0}"
Pla-Hospital,23,2026-04-28 23:00:00,ZONA_NORTE,noche,15.203,15.155,0.9969,0.85,-0.31,🟢 NORMAL,11.975,7.563,"{'factor_eventos': 1.0, 'factor_fin_de_semana': 1.0, 'factor_franja_noche': 0.95, 'factor_global': 1.0, 'factor_movilidad_ciudad': 1.0, 'factor_obras_construccion': 1.0, 'factor_zona_norte': 1.0}"
Postiguet,0,2026-04-28 00:00:00,ZONA_NORTE,noche,12.752,12.712,0.9969,0.85,-0.31,🟢 NORMAL,12.887,8.026,"{'factor_eventos': 1.0, 'factor_fin_de_semana': 1.0, 'factor_franja_noche': 0.95, 'factor_global': 1.0, 'factor_movilidad_ciudad': 1.0, 'factor_obras_construccion': 1.0, 'factor_zona_norte': 1.0}"
Postiguet,1,2026-04-28 01:00:00,ZONA_NORTE,noche,23.148,23.075,0.9969,0.85,-0.31,🟢 NORMAL,19.716,9.894,"{'factor_eventos': 1.0, 'factor_fin_de_semana': 1.0, 'factor_franja_noche': 0.95, 'factor_global': 1.0, 'factor_movilidad_ciudad': 1.0, 'factor_obras_construccion': 1.0, 'factor_zona_norte': 1.0}"
Postiguet,2,2026-04-28 02:00:00,ZONA_NORTE,noche,20.765,20.699,0.9969,0.85,-0.31,🟢 NORMAL,18.731,9.257,"{'factor_eventos': 1.0, 'factor_fin_de_semana': 1.0, 'factor_franja_noche': 0.95, 'factor_global': 1.0, 'factor_movilidad_ciudad': 1.0, 'factor_obras_construccion': 1.0, 'factor_zona_norte': 1.0}"
Postiguet,3,2026-04-28 03:00:00,ZONA_NORTE,noche,23.95,23.875,0.9969,0.85,-0.31,🟢 NORMAL,18.327,9.933,"{'factor_eventos': 1.0, 'factor_fin_de_semana': 1.0, 'factor_franja_noche': 0.95, 'factor_global': 1.0, 'factor_movilidad_ciudad': 1.0, 'factor_obras_construccion': 1.0, 'factor_zona_norte': 1.0}"
Postiguet,4,2026-04-28 04:00:00,ZONA_NORTE,noche,20.765,20.699,0.9969,0.85,-0.31,🟢 NORMAL,18.496,9.684,"{'factor_eventos': 1.0, 'factor_fin_de_semana': 1.0, 'factor_franja_noche': 0.95, 'factor_global': 1.0, 'factor_movilidad_ciudad': 1.0, 'factor_obras_construccion': 1.0, 'factor_zona_norte': 1.0}"
Postiguet,5,2026-04-28 05:00:00,ZONA_NORTE,noche,28.019,27.931,0.9969,0.85,-0.31,🟢 NORMAL,19.271,9.314,"{'factor_eventos': 1.0, 'factor_fin_de_semana': 1.0, 'factor_franja_noche': 0.95, 'factor_global': 1.0, 'factor_movilidad_ciudad': 1.0, 'factor_obras_construccion': 1.0, 'factor_zona_norte': 1.0}"
Postiguet,6,2026-04-28 06:00:00,ZONA_NORTE,manana,25.636,25.636,1.0,0.85,0.0,🟢 NORMAL,18.822,8.908,"{'factor_eventos': 1.0, 'factor_fin_de_semana': 1.0, 'factor_franja_manana': 1.0, 'factor_global': 1.0, 'factor_movilidad_ciudad': 1.0, 'factor_obras_construccion': 1.0, 'factor_zona_norte': 1.0}"
Postiguet,7,2026-04-28 07:00:00,ZONA_NORTE,manana,24.886,24.886,1.0,0.85,0.0,🟢 NORMAL,17.347,8.123,"{'factor_eventos': 1.0, 'factor_fin_de_semana': 1.0, 'factor_franja_manana': 1.0, 'factor_global': 1.0, 'factor_movilidad_ciudad': 1.0, 'factor_obras_construccion': 1.0, 'factor_zona_norte': 1.0}"
Postiguet,8,2026-04-28 08:00:00,ZONA_NORTE,manana,25.636,25.636,1.0,0.85,0.0,🟢 NORMAL,18.715,8.453,"{'factor_eventos': 1.0, 'factor_fin_de_semana': 1.0, 'factor_franja_manana': 1.0, 'factor_global': 1.0, 'factor_movilidad_ciudad': 1.0, 'factor_obras_construccion': 1.0, 'factor_zona_norte': 1.0}"
Postiguet,9,2026-04-28 09:00:00,ZONA_NORTE,manana,28.019,28.019,1.0,0.85,0.0,🟢 NORMAL,19.844,8.864,"{'factor_eventos': 1.0, 'factor_fin_de_semana': 1.0, 'factor_franja_manana': 1.0, 'factor_global': 1.0, 'factor_movilidad_ciudad': 1.0, 'factor_obras_construccion': 1.0, 'factor_zona_norte': 1.0}"
Postiguet,10,2026-04-28 10:00:00,ZONA_NORTE,manana,0.1,0.1,1.0,0.85,0.0,🟢 NORMAL,20.005,9.554,"{'factor_eventos': 1.0, 'factor_fin_de_semana': 1.0, 'factor_franja_manana': 1.0, 'factor_global': 1.0, 'factor_movilidad_ciudad': 1.0, 'factor_obras_construccion': 1.0, 'factor_zona_norte': 1.0}"
Postiguet,11,2026-04-28 11:00:00,ZONA_NORTE,manana,29.595,29.595,1.0,0.85,0.0,🟢 NORMAL,20.595,10.812,"{'factor_eventos': 1.0, 'factor_fin_de_semana': 1.0, 'factor_franja_manana': 1.0, 'factor_global': 1.0, 'factor_movilidad_ciudad': 1.0, 'factor_obras_construccion': 1.0, 'factor_zona_norte': 1.0}"
Postiguet,12,2026-04-28 12:00:00,ZONA_NORTE,manana,29.595,29.595,1.0,0.85,0.0,🟢 NORMAL,20.182,9.954,"{'factor_eventos': 1.0, 'factor_fin_de_semana': 1.0, 'factor_franja_manana': 1.0, 'factor_global': 1.0, 'factor_movilidad_ciudad': 1.0, 'factor_obras_construccion': 1.0, 'factor_zona_norte': 1.0}"
Postiguet,13,2026-04-28 13:00:00,ZONA_NORTE,manana,24.973,24.973,1.0,0.85,0.0,🟢 NORMAL,20.619,12.842,"{'factor_eventos': 1.0, 'factor_fin_de_semana': 1.0, 'factor_franja_manana': 1.0, 'factor_global': 1.0, 'factor_movilidad_ciudad': 1.0, 'factor_obras_construccion': 1.0, 'factor_zona_norte': 1.0}"
Postiguet,14,2026-04-28 14:00:00,ZONA_NORTE,tarde,182.408,182.408,1.0,0.85,0.0,🟢 NORMAL,25.774,16.052,"{'factor_calor_acumulado': 1.0, 'factor_eventos': 1.0, 'factor_fin_de_semana': 1.0, 'factor_franja_tarde': 1.0, 'factor_global': 1.0, 'factor_movilidad_ciudad': 1.0, 'factor_obras_construccion': 1.0, 'factor_zona_norte': 1.0}"
Postiguet,15,2026-04-28 15:00:00,ZONA_NORTE,tarde,40.581,40.581,1.0,0.85,0.0,🟢 NORMAL,23.197,14.446,"{'factor_calor_acumulado': 1.0, 'factor_eventos': 1.0, 'factor_fin_de_semana': 1.0, 'factor_franja_tarde': 1.0, 'factor_global': 1.0, 'factor_movilidad_ciudad': 1.0, 'factor_obras_construccion': 1.0, 'factor_zona_norte': 1.0}"
Postiguet,16,2026-04-28 16:00:00,ZONA_NORTE,tarde,29.014,29.014,1.0,0.85,0.0,🟢 NORMAL,18.042,11.236,"{'factor_calor_acumulado': 1.0, 'factor_eventos': 1.0, 'factor_fin_de_semana': 1.0, 'factor_franja_tarde': 1.0, 'factor_global': 1.0, 'factor_movilidad_ciudad': 1.0, 'factor_obras_construccion': 1.0, 'factor_zona_norte': 1.0}"
Postiguet,17,2026-04-28 17:00:00,ZONA_NORTE,tarde,21.367,21.367,1.0,0.85,0.0,🟢 NORMAL,15.464,9.631,"{'factor_calor_acumulado': 1.0, 'factor_eventos': 1.0, 'factor_fin_de_semana': 1.0, 'factor_franja_tarde': 1.0, 'factor_global': 1.0, 'factor_movilidad_ciudad': 1.0, 'factor_obras_construccion': 1.0, 'factor_zona_norte': 1.0}"
Postiguet,18,2026-04-28 18:00:00,ZONA_NORTE,tarde,29.014,29.014,1.0,0.85,0.0,🟢 NORMAL,18.042,11.236,"{'factor_calor_acumulado': 1.0, 'factor_eventos': 1.0, 'factor_fin_de_semana': 1.0, 'factor_franja_tarde': 1.0, 'factor_global': 1.0, 'factor_movilidad_ciudad': 1.0, 'factor_obras_construccion': 1.0, 'factor_zona_norte': 1.0}"
Postiguet,19,2026-04-28 19:00:00,ZONA_NORTE,tarde,309.33,309.33,1.0,0.85,0.0,🟢 NORMAL,23.197,14.446,"{'factor_calor_acumulado': 1.0, 'factor_eventos': 1.0, 'factor_fin_de_semana': 1.0, 'factor_franja_tarde': 1.0, 'factor_global': 1.0, 'factor_movilidad_ciudad': 1.0, 'factor_obras_construccion': 1.0, 'factor_zona_norte': 1.0}"
Postiguet,20,2026-04-28 20:00:00,ZONA_NORTE,tarde,22.677,22.677,1.0,0.85,0.0,🟢 NORMAL,28.352,17.657,"{'factor_calor_acumulado': 1.0, 'factor_eventos': 1.0, 'factor_fin_de_semana': 1.0, 'factor_franja_tarde': 1.0, 'factor_global': 1.0, 'factor_movilidad_ciudad': 1.0, 'factor_obras_construccion': 1.0, 'factor_zona_norte': 1.0}"
Postiguet,21,2026-04-28 21:00:00,ZONA_NORTE,tarde,11.725,11.725,1.0,0.85,0.0,🟢 NORMAL,30.929,19.261,"{'factor_calor_acumulado': 1.0, 'factor_eventos': 1.0, 'factor_fin_de_semana': 1.0, 'factor_franja_tarde': 1.0, 'factor_global': 1.0, 'factor_movilidad_ciudad': 1.0, 'factor_obras_construccion': 1.0, 'factor_zona_norte': 1.0}"
Postiguet,22,2026-04-28 22:00:00,ZONA_NORTE,noche,308.823,307.851,0.9969,0.85,-0.31,🟢 NORMAL,23.197,14.446,"{'factor_eventos': 1.0, 'factor_fin_de_semana': 1.0, 'factor_franja_noche': 0.95, 'factor_global': 1.0, 'factor_movilidad_ciudad': 1.0, 'factor_obras_construccion': 1.0, 'factor_zona_norte': 1.0}"
Postiguet,23,2026-04-28 23:00:00,ZONA_NORTE,noche,29.43,29.337,0.9969,0.85,-0.31,🟢 NORMAL,18.042,11.236,"{'factor_eventos': 1.0, 'factor_fin_de_semana': 1.0, 'factor_franja_noche': 0.95, 'factor_global': 1.0, 'factor_movilidad_ciudad': 1.0, 'factor_obras_construccion': 1.0, 'factor_zona_norte': 1.0}"
RABASA DL,0,2026-04-28 00:00:00,ZONA_NORTE,noche,9.409,9.38,0.9969,0.85,-0.31,🟢 NORMAL,4.88,2.2,"{'factor_eventos': 1.0, 'factor_fin_de_semana': 1.0, 'factor_franja_noche': 0.95, 'factor_global': 1.0, 'factor_movilidad_ciudad': 1.0, 'factor_obras_construccion': 1.0, 'factor_zona_norte': 1.0}"
RABASA DL,1,2026-04-28 01:00:00,ZONA_NORTE,noche,20.626,20.561,0.9969,0.85,-0.31,🟢 NORMAL,27.9,17.98,"{'factor_eventos': 1.0, 'factor_fin_de_semana': 1.0, 'factor_franja_noche': 0.95, 'factor_global': 1.0, 'factor_movilidad_ciudad': 1.0, 'factor_obras_construccion': 1.0, 'factor_zona_norte': 1.0}"
RABASA DL,2,2026-04-28 02:00:00,ZONA_NORTE,noche,54.207,54.037,0.9969,0.85,-0.31,🟢 NORMAL,27.3,16.25,"{'factor_eventos': 1.0, 'factor_fin_de_semana': 1.0, 'factor_franja_noche': 0.95, 'factor_global': 1.0, 'factor_movilidad_ciudad': 1.0, 'factor_obras_construccion': 1.0, 'factor_zona_norte': 1.0}"
RABASA DL,3,2026-04-28 03:00:00,ZONA_NORTE,noche,26.41,26.327,0.9969,0.85,-0.31,🟢 NORMAL,24.8,15.765,"{'factor_eventos': 1.0, 'factor_fin_de_semana': 1.0, 'factor_franja_noche': 0.95, 'factor_global': 1.0, 'factor_movilidad_ciudad': 1.0, 'factor_obras_construccion': 1.0, 'factor_zona_norte': 1.0}"
RABASA DL,4,2026-04-28 04:00:00,ZONA_NORTE,noche,26.41,26.327,0.9969,0.85,-0.31,🟢 NORMAL,25.92,14.48,"{'factor_eventos': 1.0, 'factor_fin_de_semana': 1.0, 'factor_franja_noche': 0.95, 'factor_global': 1.0, 'factor_movilidad_ciudad': 1.0, 'factor_obras_construccion': 1.0, 'factor_zona_norte': 1.0}"
RABASA DL,5,2026-04-28 05:00:00,ZONA_NORTE,noche,50.414,50.255,0.9969,0.85,-0.31,🟢 NORMAL,28.835,13.9,"{'factor_eventos': 1.0, 'factor_fin_de_semana': 1.0, 'factor_franja_noche': 0.95, 'factor_global': 1.0, 'factor_movilidad_ciudad': 1.0, 'factor_obras_construccion': 1.0, 'factor_zona_norte': 1.0}"
RABASA DL,6,2026-04-28 06:00:00,ZONA_NORTE,manana,26.774,26.774,1.0,0.85,0.0,🟢 NORMAL,23.295,14.11,"{'factor_eventos': 1.0, 'factor_fin_de_semana': 1.0, 'factor_franja_manana': 1.0, 'factor_global': 1.0, 'factor_movilidad_ciudad': 1.0, 'factor_obras_construccion': 1.0, 'factor_zona_norte': 1.0}"
RABASA DL,7,2026-04-28 07:00:00,ZONA_NORTE,manana,17.242,17.242,1.0,0.85,0.0,🟢 NORMAL,25.5,15.8,"{'factor_eventos': 1.0, 'factor_fin_de_semana': 1.0, 'factor_franja_manana': 1.0, 'factor_global': 1.0, 'factor_movilidad_ciudad': 1.0, 'factor_obras_construccion': 1.0, 'factor_zona_norte': 1.0}"
RABASA DL,8,2026-04-28 08:00:00,ZONA_NORTE,manana,0.1,0.1,1.0,0.85,0.0,🟢 NORMAL,35.9,19.5,"{'factor_eventos': 1.0, 'factor_fin_de_semana': 1.0, 'factor_franja_manana': 1.0, 'factor_global': 1.0, 'factor_movilidad_ciudad': 1.0, 'factor_obras_construccion': 1.0, 'factor_zona_norte': 1.0}"
RABASA DL,9,2026-04-28 09:00:00,ZONA_NORTE,manana,0.1,0.1,1.0,0.85,0.0,🟢 NORMAL,36.94,24.36,"{'factor_eventos': 1.0, 'factor_fin_de_semana': 1.0, 'factor_franja_manana': 1.0, 'factor_global': 1.0, 'factor_movilidad_ciudad': 1.0, 'factor_obras_construccion': 1.0, 'factor_zona_norte': 1.0}"
RABASA DL,10,2026-04-28 10:00:00,ZONA_NORTE,manana,0.1,0.1,1.0,0.85,0.0,🟢 NORMAL,34.5,25.3,"{'factor_eventos': 1.0, 'factor_fin_de_semana': 1.0, 'factor_franja_manana': 1.0, 'factor_global': 1.0, 'factor_movilidad_ciudad': 1.0, 'factor_obras_construccion': 1.0, 'factor_zona_norte': 1.0}"
RABASA DL,11,2026-04-28 11:00:00,ZONA_NORTE,manana,0.1,0.1,1.0,0.85,0.0,🟢 NORMAL,32.2,22.8,"{'factor_eventos': 1.0, 'factor_fin_de_semana': 1.0, 'factor_franja_manana': 1.0, 'factor_global': 1.0, 'factor_movilidad_ciudad': 1.0, 'factor_obras_construccion': 1.0, 'factor_zona_norte': 1.0}"
RABASA DL,12,2026-04-28 12:00:00,ZONA_NORTE,manana,7.412,7.412,1.0,0.85,0.0,🟢 NORMAL,29.9,19.9,"{'factor_eventos': 1.0, 'factor_fin_de_semana': 1.0, 'factor_franja_manana': 1.0, 'factor_global': 1.0, 'factor_movilidad_ciudad': 1.0, 'factor_obras_construccion': 1.0, 'factor_zona_norte': 1.0}"
RABASA DL,13,2026-04-28 13:00:00,ZONA_NORTE,manana,11.444,11.444,1.0,0.85,0.0,🟢 NORMAL,7.808,3.521,"{'factor_eventos': 1.0, 'factor_fin_de_semana': 1.0, 'factor_franja_manana': 1.0, 'factor_global': 1.0, 'factor_movilidad_ciudad': 1.0, 'factor_obras_construccion': 1.0, 'factor_zona_norte': 1.0}"
RABASA DL,14,2026-04-28 14:00:00,ZONA_NORTE,tarde,11.871,11.871,1.0,0.85,0.0,🟢 NORMAL,9.761,4.401,"{'factor_calor_acumulado': 1.0, 'factor_eventos': 1.0, 'factor_fin_de_semana': 1.0, 'factor_franja_tarde': 1.0, 'factor_global': 1.0, 'factor_movilidad_ciudad': 1.0, 'factor_obras_construccion': 1.0, 'factor_zona_norte': 1.0}"
RABASA DL,15,2026-04-28 15:00:00,ZONA_NORTE,tarde,11.444,11.444,1.0,0.85,0.0,🟢 NORMAL,8.784,3.961,"{'factor_calor_acumulado': 1.0, 'factor_eventos': 1.0, 'factor_fin_de_semana': 1.0, 'factor_franja_tarde': 1.0, 'factor_global': 1.0, 'factor_movilidad_ciudad': 1.0, 'factor_obras_construccion': 1.0, 'factor_zona_norte': 1.0}"
RABASA DL,16,2026-04-28 16:00:00,ZONA_NORTE,tarde,11.444,11.444,1.0,0.85,0.0,🟢 NORMAL,6.832,3.081,"{'factor_calor_acumulado': 1.0, 'factor_eventos': 1.0, 'factor_fin_de_semana': 1.0, 'factor_franja_tarde': 1.0, 'factor_global': 1.0, 'factor_movilidad_ciudad': 1.0, 'factor_obras_construccion': 1.0, 'factor_zona_norte': 1.0}"
RABASA DL,17,2026-04-28 17:00:00,ZONA_NORTE,tarde,11.444,11.444,1.0,0.85,0.0,🟢 NORMAL,5.856,2.641,"{'factor_calor_acumulado': 1.0, 'factor_eventos': 1.0, 'factor_fin_de_semana': 1.0, 'factor_franja_tarde': 1.0, 'factor_global': 1.0, 'factor_movilidad_ciudad': 1.0, 'factor_obras_construccion': 1.0, 'factor_zona_norte': 1.0}"
RABASA DL,18,2026-04-28 18:00:00,ZONA_NORTE,tarde,11.444,11.444,1.0,0.85,0.0,🟢 NORMAL,6.832,3.081,"{'factor_calor_acumulado': 1.0, 'factor_eventos': 1.0, 'factor_fin_de_semana': 1.0, 'factor_franja_tarde': 1.0, 'factor_global': 1.0, 'factor_movilidad_ciudad': 1.0, 'factor_obras_construccion': 1.0, 'factor_zona_norte': 1.0}"
RABASA DL,19,2026-04-28 19:00:00,ZONA_NORTE,tarde,11.444,11.444,1.0,0.85,0.0,🟢 NORMAL,8.784,3.961,"{'factor_calor_acumulado': 1.0, 'factor_eventos': 1.0, 'factor_fin_de_semana': 1.0, 'factor_franja_tarde': 1.0, 'factor_global': 1.0, 'factor_movilidad_ciudad': 1.0, 'factor_obras_construccion': 1.0, 'factor_zona_norte': 1.0}"
RABASA DL,20,2026-04-28 20:00:00,ZONA_NORTE,tarde,12.287,12.287,1.0,0.85,0.0,🟢 NORMAL,10.736,4.841,"{'factor_calor_acumulado': 1.0, 'factor_eventos': 1.0, 'factor_fin_de_semana': 1.0, 'factor_franja_tarde': 1.0, 'factor_global': 1.0, 'factor_movilidad_ciudad': 1.0, 'factor_obras_construccion': 1.0, 'factor_zona_norte': 1.0}"
RABASA DL,21,2026-04-28 21:00:00,ZONA_NORTE,tarde,14.583,14.583,1.0,0.85,0.0,🟢 NORMAL,11.713,5.281,"{'factor_calor_acumulado': 1.0, 'factor_eventos': 1.0, 'factor_fin_de_semana': 1.0, 'factor_franja_tarde': 1.0, 'factor_global': 1.0, 'factor_movilidad_ciudad': 1.0, 'factor_obras_construccion': 1.0, 'factor_zona_norte': 1.0}"
RABASA DL,22,2026-04-28 22:00:00,ZONA_NORTE,noche,11.86,11.822,0.9969,0.85,-0.31,🟢 NORMAL,8.784,3.961,"{'factor_eventos': 1.0, 'factor_fin_de_semana': 1.0, 'factor_franja_noche': 0.95, 'factor_global': 1.0, 'factor_movilidad_ciudad': 1.0, 'factor_obras_construccion': 1.0, 'factor_zona_norte': 1.0}"
RABASA DL,23,2026-04-28 23:00:00,ZONA_NORTE,noche,11.86,11.822,0.9969,0.85,-0.31,🟢 NORMAL,6.832,3.081,"{'factor_eventos': 1.0, 'factor_fin_de_semana': 1.0, 'factor_franja_noche': 0.95, 'factor_global': 1.0, 'factor_movilidad_ciudad': 1.0, 'factor_obras_construccion': 1.0, 'factor_zona_norte': 1.0}"
SANTO DOMINGO DL,0,2026-04-28 00:00:00,ZONA_NORTE,noche,9.409,9.38,0.9969,0.85,-0.31,🟢 NORMAL,6.384,2.834,"{'factor_eventos': 1.0, 'factor_fin_de_semana': 1.0, 'factor_franja_noche': 0.95, 'factor_global': 1.0, 'factor_movilidad_ciudad': 1.0, 'factor_obras_construccion': 1.0, 'factor_zona_norte': 1.0}"
SANTO DOMINGO DL,1,2026-04-28 01:00:00,ZONA_NORTE,noche,60.304,60.114,0.9969,0.85,-0.31,🟢 NORMAL,72.979,56.735,"{'factor_eventos': 1.0, 'factor_fin_de_semana': 1.0, 'factor_franja_noche': 0.95, 'factor_global': 1.0, 'factor_movilidad_ciudad': 1.0, 'factor_obras_construccion': 1.0, 'factor_zona_norte': 1.0}"
SANTO DOMINGO DL,2,2026-04-28 02:00:00,ZONA_NORTE,noche,0.1,0.1,0.9969,0.85,-0.31,🟢 NORMAL,63.18,51.267,"{'factor_eventos': 1.0, 'factor_fin_de_semana': 1.0, 'factor_franja_noche': 0.95, 'factor_global': 1.0, 'factor_movilidad_ciudad': 1.0, 'factor_obras_construccion': 1.0, 'factor_zona_norte': 1.0}"
SANTO DOMINGO DL,3,2026-04-28 03:00:00,ZONA_NORTE,noche,62.707,62.51,0.9969,0.85,-0.31,🟢 NORMAL,61.325,51.861,"{'factor_eventos': 1.0, 'factor_fin_de_semana': 1.0, 'factor_franja_noche': 0.95, 'factor_global': 1.0, 'factor_movilidad_ciudad': 1.0, 'factor_obras_construccion': 1.0, 'factor_zona_norte': 1.0}"
SANTO DOMINGO DL,4,2026-04-28 04:00:00,ZONA_NORTE,noche,58.139,57.956,0.9969,0.85,-0.31,🟢 NORMAL,55.268,48.276,"{'factor_eventos': 1.0, 'factor_fin_de_semana': 1.0, 'factor_franja_noche': 0.95, 'factor_global': 1.0, 'factor_movilidad_ciudad': 1.0, 'factor_obras_construccion': 1.0, 'factor_zona_norte': 1.0}"
SANTO DOMINGO DL,5,2026-04-28 05:00:00,ZONA_NORTE,noche,53.641,53.473,0.9969,0.85,-0.31,🟢 NORMAL,50.108,42.625,"{'factor_eventos': 1.0, 'factor_fin_de_semana': 1.0, 'factor_franja_noche': 0.95, 'factor_global': 1.0, 'factor_movilidad_ciudad': 1.0, 'factor_obras_construccion': 1.0, 'factor_zona_norte': 1.0}"
SANTO DOMINGO DL,6,2026-04-28 06:00:00,ZONA_NORTE,manana,56.982,56.982,1.0,0.85,0.0,🟢 NORMAL,53.086,43.585,"{'factor_eventos': 1.0, 'factor_fin_de_semana': 1.0, 'factor_franja_manana': 1.0, 'factor_global': 1.0, 'factor_movilidad_ciudad': 1.0, 'factor_obras_construccion': 1.0, 'factor_zona_norte': 1.0}"
SANTO DOMINGO DL,7,2026-04-28 07:00:00,ZONA_NORTE,manana,58.964,58.964,1.0,0.85,0.0,🟢 NORMAL,67.146,48.938,"{'factor_eventos': 1.0, 'factor_fin_de_semana': 1.0, 'factor_franja_manana': 1.0, 'factor_global': 1.0, 'factor_movilidad_ciudad': 1.0, 'factor_obras_construccion': 1.0, 'factor_zona_norte': 1.0}"
SANTO DOMINGO DL,8,2026-04-28 08:00:00,ZONA_NORTE,manana,75.075,75.075,1.0,0.85,0.0,🟢 NORMAL,86.606,57.627,"{'factor_eventos': 1.0, 'factor_fin_de_semana': 1.0, 'factor_franja_manana': 1.0, 'factor_global': 1.0, 'factor_movilidad_ciudad': 1.0, 'factor_obras_construccion': 1.0, 'factor_zona_norte': 1.0}"
SANTO DOMINGO DL,9,2026-04-28 09:00:00,ZONA_NORTE,manana,85.299,85.299,1.0,0.85,0.0,🟢 NORMAL,96.406,75.039,"{'factor_eventos': 1.0, 'factor_fin_de_semana': 1.0, 'factor_franja_manana': 1.0, 'factor_global': 1.0, 'factor_movilidad_ciudad': 1.0, 'factor_obras_construccion': 1.0, 'factor_zona_norte': 1.0}"
SANTO DOMINGO DL,10,2026-04-28 10:00:00,ZONA_NORTE,manana,55.186,55.186,1.0,0.85,0.0,🟢 NORMAL,95.622,84.81,"{'factor_eventos': 1.0, 'factor_fin_de_semana': 1.0, 'factor_franja_manana': 1.0, 'factor_global': 1.0, 'factor_movilidad_ciudad': 1.0, 'factor_obras_construccion': 1.0, 'factor_zona_norte': 1.0}"
SANTO DOMINGO DL,11,2026-04-28 11:00:00,ZONA_NORTE,manana,86.291,86.291,1.0,0.85,0.0,🟢 NORMAL,89.33,76.442,"{'factor_eventos': 1.0, 'factor_fin_de_semana': 1.0, 'factor_franja_manana': 1.0, 'factor_global': 1.0, 'factor_movilidad_ciudad': 1.0, 'factor_obras_construccion': 1.0, 'factor_zona_norte': 1.0}"
SANTO DOMINGO DL,12,2026-04-28 12:00:00,ZONA_NORTE,manana,78.912,78.912,1.0,0.85,0.0,🟢 NORMAL,81.947,66.179,"{'factor_eventos': 1.0, 'factor_fin_de_semana': 1.0, 'factor_franja_manana': 1.0, 'factor_global': 1.0, 'factor_movilidad_ciudad': 1.0, 'factor_obras_construccion': 1.0, 'factor_zona_norte': 1.0}"
SANTO DOMINGO DL,13,2026-04-28 13:00:00,ZONA_NORTE,manana,11.871,11.871,1.0,0.85,0.0,🟢 NORMAL,10.215,4.534,"{'factor_eventos': 1.0, 'factor_fin_de_semana': 1.0, 'factor_franja_manana': 1.0, 'factor_global': 1.0, 'factor_movilidad_ciudad': 1.0, 'factor_obras_construccion': 1.0, 'factor_zona_norte': 1.0}"
SANTO DOMINGO DL,14,2026-04-28 14:00:00,ZONA_NORTE,tarde,14.787,14.787,1.0,0.85,0.0,🟢 NORMAL,12.769,5.668,"{'factor_calor_acumulado': 1.0, 'factor_eventos': 1.0, 'factor_fin_de_semana': 1.0, 'factor_franja_tarde': 1.0, 'factor_global': 1.0, 'factor_movilidad_ciudad': 1.0, 'factor_obras_construccion': 1.0, 'factor_zona_norte': 1.0}"
SANTO DOMINGO DL,15,2026-04-28 15:00:00,ZONA_NORTE,tarde,14.168,14.168,1.0,0.85,0.0,🟢 NORMAL,11.492,5.1,"{'factor_calor_acumulado': 1.0, 'factor_eventos': 1.0, 'factor_fin_de_semana': 1.0, 'factor_franja_tarde': 1.0, 'factor_global': 1.0, 'factor_movilidad_ciudad': 1.0, 'factor_obras_construccion': 1.0, 'factor_zona_norte': 1.0}"
SANTO DOMINGO DL,16,2026-04-28 16:00:00,ZONA_NORTE,tarde,11.444,11.444,1.0,0.85,0.0,🟢 NORMAL,8.939,3.967,"{'factor_calor_acumulado': 1.0, 'factor_eventos': 1.0, 'factor_fin_de_semana': 1.0, 'factor_franja_tarde': 1.0, 'factor_global': 1.0, 'factor_movilidad_ciudad': 1.0, 'factor_obras_construccion': 1.0, 'factor_zona_norte': 1.0}"
SANTO DOMINGO DL,17,2026-04-28 17:00:00,ZONA_NORTE,tarde,11.444,11.444,1.0,0.85,0.0,🟢 NORMAL,7.661,3.4,"{'factor_calor_acumulado': 1.0, 'factor_eventos': 1.0, 'factor_fin_de_semana': 1.0, 'factor_franja_tarde': 1.0, 'factor_global': 1.0, 'factor_movilidad_ciudad': 1.0, 'factor_obras_construccion': 1.0, 'factor_zona_norte': 1.0}"
SANTO DOMINGO DL,18,2026-04-28 18:00:00,ZONA_NORTE,tarde,11.444,11.444,1.0,0.85,0.0,🟢 NORMAL,8.939,3.967,"{'factor_calor_acumulado': 1.0, 'factor_eventos': 1.0, 'factor_fin_de_semana': 1.0, 'factor_franja_tarde': 1.0, 'factor_global': 1.0, 'factor_movilidad_ciudad': 1.0, 'factor_obras_construccion': 1.0, 'factor_zona_norte': 1.0}"
SANTO DOMINGO DL,19,2026-04-28 19:00:00,ZONA_NORTE,tarde,14.168,14.168,1.0,0.85,0.0,🟢 NORMAL,11.492,5.1,"{'factor_calor_acumulado': 1.0, 'factor_eventos': 1.0, 'factor_fin_de_semana': 1.0, 'factor_franja_tarde': 1.0, 'factor_global': 1.0, 'factor_movilidad_ciudad': 1.0, 'factor_obras_construccion': 1.0, 'factor_zona_norte': 1.0}"
SANTO DOMINGO DL,20,2026-04-28 20:00:00,ZONA_NORTE,tarde,16.505,16.505,1.0,0.85,0.0,🟢 NORMAL,14.046,6.234,"{'factor_calor_acumulado': 1.0, 'factor_eventos': 1.0, 'factor_fin_de_semana': 1.0, 'factor_franja_tarde': 1.0, 'factor_global': 1.0, 'factor_movilidad_ciudad': 1.0, 'factor_obras_construccion': 1.0, 'factor_zona_norte': 1.0}"
SANTO DOMINGO DL,21,2026-04-28 21:00:00,ZONA_NORTE,tarde,17.927,17.927,1.0,0.85,0.0,🟢 NORMAL,15.322,6.801,"{'factor_calor_acumulado': 1.0, 'factor_eventos': 1.0, 'factor_fin_de_semana': 1.0, 'factor_franja_tarde': 1.0, 'factor_global': 1.0, 'factor_movilidad_ciudad': 1.0, 'factor_obras_construccion': 1.0, 'factor_zona_norte': 1.0}"
SANTO DOMINGO DL,22,2026-04-28 22:00:00,ZONA_NORTE,noche,14.583,14.537,0.9969,0.85,-0.31,🟢 NORMAL,11.492,5.1,"{'factor_eventos': 1.0, 'factor_fin_de_semana': 1.0, 'factor_franja_noche': 0.95, 'factor_global': 1.0, 'factor_movilidad_ciudad': 1.0, 'factor_obras_construccion': 1.0, 'factor_zona_norte': 1.0}"
SANTO DOMINGO DL,23,2026-04-28 23:00:00,ZONA_NORTE,noche,11.86,11.822,0.9969,0.85,-0.31,🟢 NORMAL,8.939,3.967,"{'factor_eventos': 1.0, 'factor_fin_de_semana': 1.0, 'factor_franja_noche': 0.95, 'factor_global': 1.0, 'factor_movilidad_ciudad': 1.0, 'factor_obras_construccion': 1.0, 'factor_zona_norte': 1.0}"
SH_Demo,0,2026-04-28 00:00:00,ZONA_NORTE,noche,50.204,50.046,0.9969,0.85,-0.31,🟢 NORMAL,49.092,30.382,"{'factor_eventos': 1.0, 'factor_fin_de_semana': 1.0, 'factor_franja_noche': 0.95, 'factor_global': 1.0, 'factor_movilidad_ciudad': 1.0, 'factor_obras_construccion': 1.0, 'factor_zona_norte': 1.0}"
SH_Demo,1,2026-04-28 01:00:00,ZONA_NORTE,noche,0.1,0.1,0.9969,0.85,-0.31,🟢 NORMAL,34.582,25.831,"{'factor_eventos': 1.0, 'factor_fin_de_semana': 1.0, 'factor_franja_noche': 0.95, 'factor_global': 1.0, 'factor_movilidad_ciudad': 1.0, 'factor_obras_construccion': 1.0, 'factor_zona_norte': 1.0}"
SH_Demo,2,2026-04-28 02:00:00,ZONA_NORTE,noche,0.1,0.1,0.9969,0.85,-0.31,🟢 NORMAL,30.579,24.899,"{'factor_eventos': 1.0, 'factor_fin_de_semana': 1.0, 'factor_franja_noche': 0.95, 'factor_global': 1.0, 'factor_movilidad_ciudad': 1.0, 'factor_obras_construccion': 1.0, 'factor_zona_norte': 1.0}"
SH_Demo,3,2026-04-28 03:00:00,ZONA_NORTE,noche,0.1,0.1,0.9969,0.85,-0.31,🟢 NORMAL,29.099,24.491,"{'factor_eventos': 1.0, 'factor_fin_de_semana': 1.0, 'factor_franja_noche': 0.95, 'factor_global': 1.0, 'factor_movilidad_ciudad': 1.0, 'factor_obras_construccion': 1.0, 'factor_zona_norte': 1.0}"
SH_Demo,4,2026-04-28 04:00:00,ZONA_NORTE,noche,16.773,16.72,0.9969,0.85,-0.31,🟢 NORMAL,26.757,22.41,"{'factor_eventos': 1.0, 'factor_fin_de_semana': 1.0, 'factor_franja_noche': 0.95, 'factor_global': 1.0, 'factor_movilidad_ciudad': 1.0, 'factor_obras_construccion': 1.0, 'factor_zona_norte': 1.0}"
SH_Demo,5,2026-04-28 05:00:00,ZONA_NORTE,noche,50.222,50.064,0.9969,0.85,-0.31,🟢 NORMAL,23.414,19.772,"{'factor_eventos': 1.0, 'factor_fin_de_semana': 1.0, 'factor_franja_noche': 0.95, 'factor_global': 1.0, 'factor_movilidad_ciudad': 1.0, 'factor_obras_construccion': 1.0, 'factor_zona_norte': 1.0}"
SH_Demo,6,2026-04-28 06:00:00,ZONA_NORTE,manana,17.322,17.322,1.0,0.85,0.0,🟢 NORMAL,25.975,21.084,"{'factor_eventos': 1.0, 'factor_fin_de_semana': 1.0, 'factor_franja_manana': 1.0, 'factor_global': 1.0, 'factor_movilidad_ciudad': 1.0, 'factor_obras_construccion': 1.0, 'factor_zona_norte': 1.0}"
SH_Demo,7,2026-04-28 07:00:00,ZONA_NORTE,manana,0.1,0.1,1.0,0.85,0.0,🟢 NORMAL,29.614,23.369,"{'factor_eventos': 1.0, 'factor_fin_de_semana': 1.0, 'factor_franja_manana': 1.0, 'factor_global': 1.0, 'factor_movilidad_ciudad': 1.0, 'factor_obras_construccion': 1.0, 'factor_zona_norte': 1.0}"
SH_Demo,8,2026-04-28 08:00:00,ZONA_NORTE,manana,27.016,27.016,1.0,0.85,0.0,🟢 NORMAL,39.371,27.646,"{'factor_eventos': 1.0, 'factor_fin_de_semana': 1.0, 'factor_franja_manana': 1.0, 'factor_global': 1.0, 'factor_movilidad_ciudad': 1.0, 'factor_obras_construccion': 1.0, 'factor_zona_norte': 1.0}"
SH_Demo,9,2026-04-28 09:00:00,ZONA_NORTE,manana,49.537,49.537,1.0,0.85,0.0,🟢 NORMAL,43.644,35.563,"{'factor_eventos': 1.0, 'factor_fin_de_semana': 1.0, 'factor_franja_manana': 1.0, 'factor_global': 1.0, 'factor_movilidad_ciudad': 1.0, 'factor_obras_construccion': 1.0, 'factor_zona_norte': 1.0}"
SH_Demo,10,2026-04-28 10:00:00,ZONA_NORTE,manana,14.443,14.443,1.0,0.85,0.0,🟢 NORMAL,43.272,38.951,"{'factor_eventos': 1.0, 'factor_fin_de_semana': 1.0, 'factor_franja_manana': 1.0, 'factor_global': 1.0, 'factor_movilidad_ciudad': 1.0, 'factor_obras_construccion': 1.0, 'factor_zona_norte': 1.0}"
SH_Demo,11,2026-04-28 11:00:00,ZONA_NORTE,manana,45.072,45.072,1.0,0.85,0.0,🟢 NORMAL,42.601,35.034,"{'factor_eventos': 1.0, 'factor_fin_de_semana': 1.0, 'factor_franja_manana': 1.0, 'factor_global': 1.0, 'factor_movilidad_ciudad': 1.0, 'factor_obras_construccion': 1.0, 'factor_zona_norte': 1.0}"
SH_Demo,12,2026-04-28 12:00:00,ZONA_NORTE,manana,27.915,27.915,1.0,0.85,0.0,🟢 NORMAL,39.188,30.302,"{'factor_eventos': 1.0, 'factor_fin_de_semana': 1.0, 'factor_franja_manana': 1.0, 'factor_global': 1.0, 'factor_movilidad_ciudad': 1.0, 'factor_obras_construccion': 1.0, 'factor_zona_norte': 1.0}"
SH_Demo,13,2026-04-28 13:00:00,ZONA_NORTE,manana,70.242,70.242,1.0,0.85,0.0,🟢 NORMAL,78.547,48.611,"{'factor_eventos': 1.0, 'factor_fin_de_semana': 1.0, 'factor_franja_manana': 1.0, 'factor_global': 1.0, 'factor_movilidad_ciudad': 1.0, 'factor_obras_construccion': 1.0, 'factor_zona_norte': 1.0}"
SH_Demo,14,2026-04-28 14:00:00,ZONA_NORTE,tarde,88.336,88.336,1.0,0.85,0.0,🟢 NORMAL,98.184,60.764,"{'factor_calor_acumulado': 1.0, 'factor_eventos': 1.0, 'factor_fin_de_semana': 1.0, 'factor_franja_tarde': 1.0, 'factor_global': 1.0, 'factor_movilidad_ciudad': 1.0, 'factor_obras_construccion': 1.0, 'factor_zona_norte': 1.0}"
SH_Demo,15,2026-04-28 15:00:00,ZONA_NORTE,tarde,81.395,81.395,1.0,0.85,0.0,🟢 NORMAL,88.366,54.687,"{'factor_calor_acumulado': 1.0, 'factor_eventos': 1.0, 'factor_fin_de_semana': 1.0, 'factor_franja_tarde': 1.0, 'factor_global': 1.0, 'factor_movilidad_ciudad': 1.0, 'factor_obras_construccion': 1.0, 'factor_zona_norte': 1.0}"
SH_Demo,16,2026-04-28 16:00:00,ZONA_NORTE,tarde,45.077,45.077,1.0,0.85,0.0,🟢 NORMAL,68.73,42.535,"{'factor_calor_acumulado': 1.0, 'factor_eventos': 1.0, 'factor_fin_de_semana': 1.0, 'factor_franja_tarde': 1.0, 'factor_global': 1.0, 'factor_movilidad_ciudad': 1.0, 'factor_obras_construccion': 1.0, 'factor_zona_norte': 1.0}"
SH_Demo,17,2026-04-28 17:00:00,ZONA_NORTE,tarde,59.109,59.109,1.0,0.85,0.0,🟢 NORMAL,58.911,36.458,"{'factor_calor_acumulado': 1.0, 'factor_eventos': 1.0, 'factor_fin_de_semana': 1.0, 'factor_franja_tarde': 1.0, 'factor_global': 1.0, 'factor_movilidad_ciudad': 1.0, 'factor_obras_construccion': 1.0, 'factor_zona_norte': 1.0}"
SH_Demo,18,2026-04-28 18:00:00,ZONA_NORTE,tarde,45.077,45.077,1.0,0.85,0.0,🟢 NORMAL,68.73,42.535,"{'factor_calor_acumulado': 1.0, 'factor_eventos': 1.0, 'factor_fin_de_semana': 1.0, 'factor_franja_tarde': 1.0, 'factor_global': 1.0, 'factor_movilidad_ciudad': 1.0, 'factor_obras_construccion': 1.0, 'factor_zona_norte': 1.0}"
SH_Demo,19,2026-04-28 19:00:00,ZONA_NORTE,tarde,81.395,81.395,1.0,0.85,0.0,🟢 NORMAL,88.366,54.687,"{'factor_calor_acumulado': 1.0, 'factor_eventos': 1.0, 'factor_fin_de_semana': 1.0, 'factor_franja_tarde': 1.0, 'factor_global': 1.0, 'factor_movilidad_ciudad': 1.0, 'factor_obras_construccion': 1.0, 'factor_zona_norte': 1.0}"
SH_Demo,20,2026-04-28 20:00:00,ZONA_NORTE,tarde,92.558,92.558,1.0,0.85,0.0,🟢 NORMAL,108.003,66.84,"{'factor_calor_acumulado': 1.0, 'factor_eventos': 1.0, 'factor_fin_de_semana': 1.0, 'factor_franja_tarde': 1.0, 'factor_global': 1.0, 'factor_movilidad_ciudad': 1.0, 'factor_obras_construccion': 1.0, 'factor_zona_norte': 1.0}"
SH_Demo,21,2026-04-28 21:00:00,ZONA_NORTE,tarde,103.52,103.52,1.0,0.85,0.0,🟢 NORMAL,117.822,72.916,"{'factor_calor_acumulado': 1.0, 'factor_eventos': 1.0, 'factor_fin_de_semana': 1.0, 'factor_franja_tarde': 1.0, 'factor_global': 1.0, 'factor_movilidad_ciudad': 1.0, 'factor_obras_construccion': 1.0, 'factor_zona_norte': 1.0}"
SH_Demo,22,2026-04-28 22:00:00,ZONA_NORTE,noche,79.669,79.418,0.9969,0.85,-0.31,🟢 NORMAL,88.366,54.687,"{'factor_eventos': 1.0, 'factor_fin_de_semana': 1.0, 'factor_franja_noche': 0.95, 'factor_global': 1.0, 'factor_movilidad_ciudad': 1.0, 'factor_obras_construccion': 1.0, 'factor_zona_norte': 1.0}"
SH_Demo,23,2026-04-28 23:00:00,ZONA_NORTE,noche,43.351,43.215,0.9969,0.85,-0.31,🟢 NORMAL,68.73,42.535,"{'factor_eventos': 1.0, 'factor_fin_de_semana': 1.0, 'factor_franja_noche': 0.95, 'factor_global': 1.0, 'factor_movilidad_ciudad': 1.0, 'factor_obras_construccion': 1.0, 'factor_zona_norte': 1.0}"
TOBO,0,2026-04-28 00:00:00,ZONA_NORTE,noche,60.829,60.638,0.9969,0.85,-0.31,🟢 NORMAL,79.403,28.684,"{'factor_eventos': 1.0, 'factor_fin_de_semana': 1.0, 'factor_franja_noche': 0.95, 'factor_global': 1.0, 'factor_movilidad_ciudad': 1.0, 'factor_obras_construccion': 1.0, 'factor_zona_norte': 1.0}"
TOBO,1,2026-04-28 01:00:00,ZONA_NORTE,noche,73.226,72.995,0.9969,0.85,-0.31,🟢 NORMAL,113.615,39.5,"{'factor_eventos': 1.0, 'factor_fin_de_semana': 1.0, 'factor_franja_noche': 0.95, 'factor_global': 1.0, 'factor_movilidad_ciudad': 1.0, 'factor_obras_construccion': 1.0, 'factor_zona_norte': 1.0}"
TOBO,2,2026-04-28 02:00:00,ZONA_NORTE,noche,67.374,67.162,0.9969,0.85,-0.31,🟢 NORMAL,114.465,35.24,"{'factor_eventos': 1.0, 'factor_fin_de_semana': 1.0, 'factor_franja_noche': 0.95, 'factor_global': 1.0, 'factor_movilidad_ciudad': 1.0, 'factor_obras_construccion': 1.0, 'factor_zona_norte': 1.0}"
TOBO,3,2026-04-28 03:00:00,ZONA_NORTE,noche,66.428,66.218,0.9969,0.85,-0.31,🟢 NORMAL,116.062,30.169,"{'factor_eventos': 1.0, 'factor_fin_de_semana': 1.0, 'factor_franja_noche': 0.95, 'factor_global': 1.0, 'factor_movilidad_ciudad': 1.0, 'factor_obras_construccion': 1.0, 'factor_zona_norte': 1.0}"
TOBO,4,2026-04-28 04:00:00,ZONA_NORTE,noche,64.282,64.08,0.9969,0.85,-0.31,🟢 NORMAL,107.83,31.067,"{'factor_eventos': 1.0, 'factor_fin_de_semana': 1.0, 'factor_franja_noche': 0.95, 'factor_global': 1.0, 'factor_movilidad_ciudad': 1.0, 'factor_obras_construccion': 1.0, 'factor_zona_norte': 1.0}"
TOBO,5,2026-04-28 05:00:00,ZONA_NORTE,noche,65.976,65.768,0.9969,0.85,-0.31,🟢 NORMAL,108.58,29.27,"{'factor_eventos': 1.0, 'factor_fin_de_semana': 1.0, 'factor_franja_noche': 0.95, 'factor_global': 1.0, 'factor_movilidad_ciudad': 1.0, 'factor_obras_construccion': 1.0, 'factor_zona_norte': 1.0}"
TOBO,6,2026-04-28 06:00:00,ZONA_NORTE,manana,65.976,65.976,1.0,0.85,0.0,🟢 NORMAL,106.695,30.697,"{'factor_eventos': 1.0, 'factor_fin_de_semana': 1.0, 'factor_franja_manana': 1.0, 'factor_global': 1.0, 'factor_movilidad_ciudad': 1.0, 'factor_obras_construccion': 1.0, 'factor_zona_norte': 1.0}"
TOBO,7,2026-04-28 07:00:00,ZONA_NORTE,manana,65.976,65.976,1.0,0.85,0.0,🟢 NORMAL,103.275,31.155,"{'factor_eventos': 1.0, 'factor_fin_de_semana': 1.0, 'factor_franja_manana': 1.0, 'factor_global': 1.0, 'factor_movilidad_ciudad': 1.0, 'factor_obras_construccion': 1.0, 'factor_zona_norte': 1.0}"
TOBO,8,2026-04-28 08:00:00,ZONA_NORTE,manana,71.848,71.848,1.0,0.85,0.0,🟢 NORMAL,107.81,40.213,"{'factor_eventos': 1.0, 'factor_fin_de_semana': 1.0, 'factor_franja_manana': 1.0, 'factor_global': 1.0, 'factor_movilidad_ciudad': 1.0, 'factor_obras_construccion': 1.0, 'factor_zona_norte': 1.0}"
TOBO,9,2026-04-28 09:00:00,ZONA_NORTE,manana,79.982,79.982,1.0,0.85,0.0,🟢 NORMAL,111.35,48.37,"{'factor_eventos': 1.0, 'factor_fin_de_semana': 1.0, 'factor_franja_manana': 1.0, 'factor_global': 1.0, 'factor_movilidad_ciudad': 1.0, 'factor_obras_construccion': 1.0, 'factor_zona_norte': 1.0}"
TOBO,10,2026-04-28 10:00:00,ZONA_NORTE,manana,48.313,48.313,1.0,0.85,0.0,🟢 NORMAL,113.135,51.3,"{'factor_eventos': 1.0, 'factor_fin_de_semana': 1.0, 'factor_franja_manana': 1.0, 'factor_global': 1.0, 'factor_movilidad_ciudad': 1.0, 'factor_obras_construccion': 1.0, 'factor_zona_norte': 1.0}"
TOBO,11,2026-04-28 11:00:00,ZONA_NORTE,manana,81.815,81.815,1.0,0.85,0.0,🟢 NORMAL,110.192,47.55,"{'factor_eventos': 1.0, 'factor_fin_de_semana': 1.0, 'factor_franja_manana': 1.0, 'factor_global': 1.0, 'factor_movilidad_ciudad': 1.0, 'factor_obras_construccion': 1.0, 'factor_zona_norte': 1.0}"
TOBO,12,2026-04-28 12:00:00,ZONA_NORTE,manana,79.977,79.977,1.0,0.85,0.0,🟢 NORMAL,110.955,44.253,"{'factor_eventos': 1.0, 'factor_fin_de_semana': 1.0, 'factor_franja_manana': 1.0, 'factor_global': 1.0, 'factor_movilidad_ciudad': 1.0, 'factor_obras_construccion': 1.0, 'factor_zona_norte': 1.0}"
TOBO,13,2026-04-28 13:00:00,ZONA_NORTE,manana,89.546,89.546,1.0,0.85,0.0,🟢 NORMAL,127.044,45.895,"{'factor_eventos': 1.0, 'factor_fin_de_semana': 1.0, 'factor_franja_manana': 1.0, 'factor_global': 1.0, 'factor_movilidad_ciudad': 1.0, 'factor_obras_construccion': 1.0, 'factor_zona_norte': 1.0}"
TOBO,14,2026-04-28 14:00:00,ZONA_NORTE,tarde,110.844,110.844,1.0,0.85,0.0,🟢 NORMAL,158.806,57.369,"{'factor_calor_acumulado': 1.0, 'factor_eventos': 1.0, 'factor_fin_de_semana': 1.0, 'factor_franja_tarde': 1.0, 'factor_global': 1.0, 'factor_movilidad_ciudad': 1.0, 'factor_obras_construccion': 1.0, 'factor_zona_norte': 1.0}"
TOBO,15,2026-04-28 15:00:00,ZONA_NORTE,tarde,96.698,96.698,1.0,0.85,0.0,🟢 NORMAL,142.925,51.632,"{'factor_calor_acumulado': 1.0, 'factor_eventos': 1.0, 'factor_fin_de_semana': 1.0, 'factor_franja_tarde': 1.0, 'factor_global': 1.0, 'factor_movilidad_ciudad': 1.0, 'factor_obras_construccion': 1.0, 'factor_zona_norte': 1.0}"
TOBO,16,2026-04-28 16:00:00,ZONA_NORTE,tarde,76.753,76.753,1.0,0.85,0.0,🟢 NORMAL,111.164,40.159,"{'factor_calor_acumulado': 1.0, 'factor_eventos': 1.0, 'factor_fin_de_semana': 1.0, 'factor_franja_tarde': 1.0, 'factor_global': 1.0, 'factor_movilidad_ciudad': 1.0, 'factor_obras_construccion': 1.0, 'factor_zona_norte': 1.0}"
TOBO,17,2026-04-28 17:00:00,ZONA_NORTE,tarde,69.029,69.029,1.0,0.85,0.0,🟢 NORMAL,95.284,34.422,"{'factor_calor_acumulado': 1.0, 'factor_eventos': 1.0, 'factor_fin_de_semana': 1.0, 'factor_franja_tarde': 1.0, 'factor_global': 1.0, 'factor_movilidad_ciudad': 1.0, 'factor_obras_construccion': 1.0, 'factor_zona_norte': 1.0}"
TOBO,18,2026-04-28 18:00:00,ZONA_NORTE,tarde,76.753,76.753,1.0,0.85,0.0,🟢 NORMAL,111.164,40.159,"{'factor_calor_acumulado': 1.0, 'factor_eventos': 1.0, 'factor_fin_de_semana': 1.0, 'factor_franja_tarde': 1.0, 'factor_global': 1.0, 'factor_movilidad_ciudad': 1.0, 'factor_obras_construccion': 1.0, 'factor_zona_norte': 1.0}"
TOBO,19,2026-04-28 19:00:00,ZONA_NORTE,tarde,96.698,96.698,1.0,0.85,0.0,🟢 NORMAL,142.925,51.632,"{'factor_calor_acumulado': 1.0, 'factor_eventos': 1.0, 'factor_fin_de_semana': 1.0, 'factor_franja_tarde': 1.0, 'factor_global': 1.0, 'factor_movilidad_ciudad': 1.0, 'factor_obras_construccion': 1.0, 'factor_zona_norte': 1.0}"
TOBO,20,2026-04-28 20:00:00,ZONA_NORTE,tarde,120.445,120.445,1.0,0.85,0.0,🟢 NORMAL,174.687,63.106,"{'factor_calor_acumulado': 1.0, 'factor_eventos': 1.0, 'factor_fin_de_semana': 1.0, 'factor_franja_tarde': 1.0, 'factor_global': 1.0, 'factor_movilidad_ciudad': 1.0, 'factor_obras_construccion': 1.0, 'factor_zona_norte': 1.0}"
TOBO,21,2026-04-28 21:00:00,ZONA_NORTE,tarde,127.46,127.46,1.0,0.85,0.0,🟢 NORMAL,190.567,68.843,"{'factor_calor_acumulado': 1.0, 'factor_eventos': 1.0, 'factor_fin_de_semana': 1.0, 'factor_franja_tarde': 1.0, 'factor_global': 1.0, 'factor_movilidad_ciudad': 1.0, 'factor_obras_construccion': 1.0, 'factor_zona_norte': 1.0}"
TOBO,22,2026-04-28 22:00:00,ZONA_NORTE,noche,94.972,94.673,0.9969,0.85,-0.31,🟢 NORMAL,142.925,51.632,"{'factor_eventos': 1.0, 'factor_fin_de_semana': 1.0, 'factor_franja_noche': 0.95, 'factor_global': 1.0, 'factor_movilidad_ciudad': 1.0, 'factor_obras_construccion': 1.0, 'factor_zona_norte': 1.0}"
TOBO,23,2026-04-28 23:00:00,ZONA_NORTE,noche,75.027,74.791,0.9969,0.85,-0.31,🟢 NORMAL,111.164,40.159,"{'factor_eventos': 1.0, 'factor_fin_de_semana': 1.0, 'factor_franja_noche': 0.95, 'factor_global': 1.0, 'factor_movilidad_ciudad': 1.0, 'factor_obras_construccion': 1.0, 'factor_zona_norte': 1.0}"
VALLONGA GLOBAL,0,2026-04-28 00:00:00,ZONA_NORTE,noche,18.662,18.604,0.9969,0.85,-0.31,🟢 NORMAL,16.999,6.644,"{'factor_eventos': 1.0, 'factor_fin_de_semana': 1.0, 'factor_franja_noche': 0.95, 'factor_global': 1.0, 'factor_movilidad_ciudad': 1.0, 'factor_obras_construccion': 1.0, 'factor_zona_norte': 1.0}"
VALLONGA GLOBAL,1,2026-04-28 01:00:00,ZONA_NORTE,noche,19.129,19.069,0.9969,0.85,-0.31,🟢 NORMAL,24.35,9.35,"{'factor_eventos': 1.0, 'factor_fin_de_semana': 1.0, 'factor_franja_noche': 0.95, 'factor_global': 1.0, 'factor_movilidad_ciudad': 1.0, 'factor_obras_construccion': 1.0, 'factor_zona_norte': 1.0}"
VALLONGA GLOBAL,2,2026-04-28 02:00:00,ZONA_NORTE,noche,19.129,19.069,0.9969,0.85,-0.31,🟢 NORMAL,24.49,9.04,"{'factor_eventos': 1.0, 'factor_fin_de_semana': 1.0, 'factor_franja_noche': 0.95, 'factor_global': 1.0, 'factor_movilidad_ciudad': 1.0, 'factor_obras_construccion': 1.0, 'factor_zona_norte': 1.0}"
VALLONGA GLOBAL,3,2026-04-28 03:00:00,ZONA_NORTE,noche,19.12,19.06,0.9969,0.85,-0.31,🟢 NORMAL,28.634,8.728,"{'factor_eventos': 1.0, 'factor_fin_de_semana': 1.0, 'factor_franja_noche': 0.95, 'factor_global': 1.0, 'factor_movilidad_ciudad': 1.0, 'factor_obras_construccion': 1.0, 'factor_zona_norte': 1.0}"
VALLONGA GLOBAL,4,2026-04-28 04:00:00,ZONA_NORTE,noche,19.129,19.069,0.9969,0.85,-0.31,🟢 NORMAL,24.1,8.44,"{'factor_eventos': 1.0, 'factor_fin_de_semana': 1.0, 'factor_franja_noche': 0.95, 'factor_global': 1.0, 'factor_movilidad_ciudad': 1.0, 'factor_obras_construccion': 1.0, 'factor_zona_norte': 1.0}"
VALLONGA GLOBAL,5,2026-04-28 05:00:00,ZONA_NORTE,noche,24.0,23.924,0.9969,0.85,-0.31,🟢 NORMAL,24.015,9.005,"{'factor_eventos': 1.0, 'factor_fin_de_semana': 1.0, 'factor_franja_noche': 0.95, 'factor_global': 1.0, 'factor_movilidad_ciudad': 1.0, 'factor_obras_construccion': 1.0, 'factor_zona_norte': 1.0}"
VALLONGA GLOBAL,6,2026-04-28 06:00:00,ZONA_NORTE,manana,24.0,24.0,1.0,0.85,0.0,🟢 NORMAL,23.45,8.159,"{'factor_eventos': 1.0, 'factor_fin_de_semana': 1.0, 'factor_franja_manana': 1.0, 'factor_global': 1.0, 'factor_movilidad_ciudad': 1.0, 'factor_obras_construccion': 1.0, 'factor_zona_norte': 1.0}"
VALLONGA GLOBAL,7,2026-04-28 07:00:00,ZONA_NORTE,manana,26.416,26.416,1.0,0.85,0.0,🟢 NORMAL,20.35,8.385,"{'factor_eventos': 1.0, 'factor_fin_de_semana': 1.0, 'factor_franja_manana': 1.0, 'factor_global': 1.0, 'factor_movilidad_ciudad': 1.0, 'factor_obras_construccion': 1.0, 'factor_zona_norte': 1.0}"
VALLONGA GLOBAL,8,2026-04-28 08:00:00,ZONA_NORTE,manana,22.374,22.374,1.0,0.85,0.0,🟢 NORMAL,22.94,9.22,"{'factor_eventos': 1.0, 'factor_fin_de_semana': 1.0, 'factor_franja_manana': 1.0, 'factor_global': 1.0, 'factor_movilidad_ciudad': 1.0, 'factor_obras_construccion': 1.0, 'factor_zona_norte': 1.0}"
VALLONGA GLOBAL,9,2026-04-28 09:00:00,ZONA_NORTE,manana,26.428,26.428,1.0,0.85,0.0,🟢 NORMAL,21.59,8.41,"{'factor_eventos': 1.0, 'factor_fin_de_semana': 1.0, 'factor_franja_manana': 1.0, 'factor_global': 1.0, 'factor_movilidad_ciudad': 1.0, 'factor_obras_construccion': 1.0, 'factor_zona_norte': 1.0}"
VALLONGA GLOBAL,10,2026-04-28 10:00:00,ZONA_NORTE,manana,0.1,0.1,1.0,0.85,0.0,🟢 NORMAL,23.15,9.66,"{'factor_eventos': 1.0, 'factor_fin_de_semana': 1.0, 'factor_franja_manana': 1.0, 'factor_global': 1.0, 'factor_movilidad_ciudad': 1.0, 'factor_obras_construccion': 1.0, 'factor_zona_norte': 1.0}"
VALLONGA GLOBAL,11,2026-04-28 11:00:00,ZONA_NORTE,manana,23.548,23.548,1.0,0.85,0.0,🟢 NORMAL,23.99,9.25,"{'factor_eventos': 1.0, 'factor_fin_de_semana': 1.0, 'factor_franja_manana': 1.0, 'factor_global': 1.0, 'factor_movilidad_ciudad': 1.0, 'factor_obras_construccion': 1.0, 'factor_zona_norte': 1.0}"
VALLONGA GLOBAL,12,2026-04-28 12:00:00,ZONA_NORTE,manana,23.917,23.917,1.0,0.85,0.0,🟢 NORMAL,26.09,9.6,"{'factor_eventos': 1.0, 'factor_fin_de_semana': 1.0, 'factor_franja_manana': 1.0, 'factor_global': 1.0, 'factor_movilidad_ciudad': 1.0, 'factor_obras_construccion': 1.0, 'factor_zona_norte': 1.0}"
VALLONGA GLOBAL,13,2026-04-28 13:00:00,ZONA_NORTE,manana,11.938,11.938,1.0,0.85,0.0,🟢 NORMAL,27.198,10.632,"{'factor_eventos': 1.0, 'factor_fin_de_semana': 1.0, 'factor_franja_manana': 1.0, 'factor_global': 1.0, 'factor_movilidad_ciudad': 1.0, 'factor_obras_construccion': 1.0, 'factor_zona_norte': 1.0}"
VALLONGA GLOBAL,14,2026-04-28 14:00:00,ZONA_NORTE,tarde,11.841,11.841,1.0,0.85,0.0,🟢 NORMAL,33.998,13.289,"{'factor_calor_acumulado': 1.0, 'factor_eventos': 1.0, 'factor_fin_de_semana': 1.0, 'factor_franja_tarde': 1.0, 'factor_global': 1.0, 'factor_movilidad_ciudad': 1.0, 'factor_obras_construccion': 1.0, 'factor_zona_norte': 1.0}"
VALLONGA GLOBAL,15,2026-04-28 15:00:00,ZONA_NORTE,tarde,20.043,20.043,1.0,0.85,0.0,🟢 NORMAL,30.598,11.96,"{'factor_calor_acumulado': 1.0, 'factor_eventos': 1.0, 'factor_fin_de_semana': 1.0, 'factor_franja_tarde': 1.0, 'factor_global': 1.0, 'factor_movilidad_ciudad': 1.0, 'factor_obras_construccion': 1.0, 'factor_zona_norte': 1.0}"
VALLONGA GLOBAL,16,2026-04-28 16:00:00,ZONA_NORTE,tarde,22.968,22.968,1.0,0.85,0.0,🟢 NORMAL,23.798,9.302,"{'factor_calor_acumulado': 1.0, 'factor_eventos': 1.0, 'factor_fin_de_semana': 1.0, 'factor_franja_tarde': 1.0, 'factor_global': 1.0, 'factor_movilidad_ciudad': 1.0, 'factor_obras_construccion': 1.0, 'factor_zona_norte': 1.0}"
VALLONGA GLOBAL,17,2026-04-28 17:00:00,ZONA_NORTE,tarde,25.384,25.384,1.0,0.85,0.0,🟢 NORMAL,20.399,7.974,"{'factor_calor_acumulado': 1.0, 'factor_eventos': 1.0, 'factor_fin_de_semana': 1.0, 'factor_franja_tarde': 1.0, 'factor_global': 1.0, 'factor_movilidad_ciudad': 1.0, 'factor_obras_construccion': 1.0, 'factor_zona_norte': 1.0}"
VALLONGA GLOBAL,18,2026-04-28 18:00:00,ZONA_NORTE,tarde,22.968,22.968,1.0,0.85,0.0,🟢 NORMAL,23.798,9.302,"{'factor_calor_acumulado': 1.0, 'factor_eventos': 1.0, 'factor_fin_de_semana': 1.0, 'factor_franja_tarde': 1.0, 'factor_global': 1.0, 'factor_movilidad_ciudad': 1.0, 'factor_obras_construccion': 1.0, 'factor_zona_norte': 1.0}"
VALLONGA GLOBAL,19,2026-04-28 19:00:00,ZONA_NORTE,tarde,20.043,20.043,1.0,0.85,0.0,🟢 NORMAL,30.598,11.96,"{'factor_calor_acumulado': 1.0, 'factor_eventos': 1.0, 'factor_fin_de_semana': 1.0, 'factor_franja_tarde': 1.0, 'factor_global': 1.0, 'factor_movilidad_ciudad': 1.0, 'factor_obras_construccion': 1.0, 'factor_zona_norte': 1.0}"
VALLONGA GLOBAL,20,2026-04-28 20:00:00,ZONA_NORTE,tarde,39.889,39.889,1.0,0.85,0.0,🟢 NORMAL,37.398,14.618,"{'factor_calor_acumulado': 1.0, 'factor_eventos': 1.0, 'factor_fin_de_semana': 1.0, 'factor_franja_tarde': 1.0, 'factor_global': 1.0, 'factor_movilidad_ciudad': 1.0, 'factor_obras_construccion': 1.0, 'factor_zona_norte': 1.0}"
VALLONGA GLOBAL,21,2026-04-28 21:00:00,ZONA_NORTE,tarde,0.1,0.1,1.0,0.85,0.0,🟢 NORMAL,40.797,15.947,"{'factor_calor_acumulado': 1.0, 'factor_eventos': 1.0, 'factor_fin_de_semana': 1.0, 'factor_franja_tarde': 1.0, 'factor_global': 1.0, 'factor_movilidad_ciudad': 1.0, 'factor_obras_construccion': 1.0, 'factor_zona_norte': 1.0}"
VALLONGA GLOBAL,22,2026-04-28 22:00:00,ZONA_NORTE,noche,19.536,19.475,0.9969,0.85,-0.31,🟢 NORMAL,30.598,11.96,"{'factor_eventos': 1.0, 'factor_fin_de_semana': 1.0, 'factor_franja_noche': 0.95, 'factor_global': 1.0, 'factor_movilidad_ciudad': 1.0, 'factor_obras_construccion': 1.0, 'factor_zona_norte': 1.0}"
VALLONGA GLOBAL,23,2026-04-28 23:00:00,ZONA_NORTE,noche,22.461,22.39,0.9969,0.85,-0.31,🟢 NORMAL,23.798,9.302,"{'factor_eventos': 1.0, 'factor_fin_de_semana': 1.0, 'factor_franja_noche': 0.95, 'factor_global': 1.0, 'factor_movilidad_ciudad': 1.0, 'factor_obras_construccion': 1.0, 'factor_zona_norte': 1.0}"
VALLONGA-TOLON DL,0,2026-04-28 00:00:00,ZONA_NORTE,noche,18.662,18.604,0.9969,0.85,-0.31,🟢 NORMAL,16.999,6.644,"{'factor_eventos': 1.0, 'factor_fin_de_semana': 1.0, 'factor_franja_noche': 0.95, 'factor_global': 1.0, 'factor_movilidad_ciudad': 1.0, 'factor_obras_construccion': 1.0, 'factor_zona_norte': 1.0}"
VALLONGA-TOLON DL,1,2026-04-28 01:00:00,ZONA_NORTE,noche,19.129,19.069,0.9969,0.85,-0.31,🟢 NORMAL,24.35,9.35,"{'factor_eventos': 1.0, 'factor_fin_de_semana': 1.0, 'factor_franja_noche': 0.95, 'factor_global': 1.0, 'factor_movilidad_ciudad': 1.0, 'factor_obras_construccion': 1.0, 'factor_zona_norte': 1.0}"
VALLONGA-TOLON DL,2,2026-04-28 02:00:00,ZONA_NORTE,noche,19.129,19.069,0.9969,0.85,-0.31,🟢 NORMAL,24.49,9.04,"{'factor_eventos': 1.0, 'factor_fin_de_semana': 1.0, 'factor_franja_noche': 0.95, 'factor_global': 1.0, 'factor_movilidad_ciudad': 1.0, 'factor_obras_construccion': 1.0, 'factor_zona_norte': 1.0}"
VALLONGA-TOLON DL,3,2026-04-28 03:00:00,ZONA_NORTE,noche,19.12,19.06,0.9969,0.85,-0.31,🟢 NORMAL,28.634,8.728,"{'factor_eventos': 1.0, 'factor_fin_de_semana': 1.0, 'factor_franja_noche': 0.95, 'factor_global': 1.0, 'factor_movilidad_ciudad': 1.0, 'factor_obras_construccion': 1.0, 'factor_zona_norte': 1.0}"
VALLONGA-TOLON DL,4,2026-04-28 04:00:00,ZONA_NORTE,noche,19.129,19.069,0.9969,0.85,-0.31,🟢 NORMAL,24.1,8.44,"{'factor_eventos': 1.0, 'factor_fin_de_semana': 1.0, 'factor_franja_noche': 0.95, 'factor_global': 1.0, 'factor_movilidad_ciudad': 1.0, 'factor_obras_construccion': 1.0, 'factor_zona_norte': 1.0}"
VALLONGA-TOLON DL,5,2026-04-28 05:00:00,ZONA_NORTE,noche,24.0,23.924,0.9969,0.85,-0.31,🟢 NORMAL,24.015,9.005,"{'factor_eventos': 1.0, 'factor_fin_de_semana': 1.0, 'factor_franja_noche': 0.95, 'factor_global': 1.0, 'factor_movilidad_ciudad': 1.0, 'factor_obras_construccion': 1.0, 'factor_zona_norte': 1.0}"
VALLONGA-TOLON DL,6,2026-04-28 06:00:00,ZONA_NORTE,manana,24.0,24.0,1.0,0.85,0.0,🟢 NORMAL,23.45,8.159,"{'factor_eventos': 1.0, 'factor_fin_de_semana': 1.0, 'factor_franja_manana': 1.0, 'factor_global': 1.0, 'factor_movilidad_ciudad': 1.0, 'factor_obras_construccion': 1.0, 'factor_zona_norte': 1.0}"
VALLONGA-TOLON DL,7,2026-04-28 07:00:00,ZONA_NORTE,manana,26.416,26.416,1.0,0.85,0.0,🟢 NORMAL,20.35,8.385,"{'factor_eventos': 1.0, 'factor_fin_de_semana': 1.0, 'factor_franja_manana': 1.0, 'factor_global': 1.0, 'factor_movilidad_ciudad': 1.0, 'factor_obras_construccion': 1.0, 'factor_zona_norte': 1.0}"
VALLONGA-TOLON DL,8,2026-04-28 08:00:00,ZONA_NORTE,manana,22.374,22.374,1.0,0.85,0.0,🟢 NORMAL,22.94,9.22,"{'factor_eventos': 1.0, 'factor_fin_de_semana': 1.0, 'factor_franja_manana': 1.0, 'factor_global': 1.0, 'factor_movilidad_ciudad': 1.0, 'factor_obras_construccion': 1.0, 'factor_zona_norte': 1.0}"
VALLONGA-TOLON DL,9,2026-04-28 09:00:00,ZONA_NORTE,manana,26.428,26.428,1.0,0.85,0.0,🟢 NORMAL,21.59,8.41,"{'factor_eventos': 1.0, 'factor_fin_de_semana': 1.0, 'factor_franja_manana': 1.0, 'factor_global': 1.0, 'factor_movilidad_ciudad': 1.0, 'factor_obras_construccion': 1.0, 'factor_zona_norte': 1.0}"
VALLONGA-TOLON DL,10,2026-04-28 10:00:00,ZONA_NORTE,manana,0.1,0.1,1.0,0.85,0.0,🟢 NORMAL,23.15,9.66,"{'factor_eventos': 1.0, 'factor_fin_de_semana': 1.0, 'factor_franja_manana': 1.0, 'factor_global': 1.0, 'factor_movilidad_ciudad': 1.0, 'factor_obras_construccion': 1.0, 'factor_zona_norte': 1.0}"
VALLONGA-TOLON DL,11,2026-04-28 11:00:00,ZONA_NORTE,manana,23.548,23.548,1.0,0.85,0.0,🟢 NORMAL,23.99,9.25,"{'factor_eventos': 1.0, 'factor_fin_de_semana': 1.0, 'factor_franja_manana': 1.0, 'factor_global': 1.0, 'factor_movilidad_ciudad': 1.0, 'factor_obras_construccion': 1.0, 'factor_zona_norte': 1.0}"
VALLONGA-TOLON DL,12,2026-04-28 12:00:00,ZONA_NORTE,manana,23.917,23.917,1.0,0.85,0.0,🟢 NORMAL,26.09,9.6,"{'factor_eventos': 1.0, 'factor_fin_de_semana': 1.0, 'factor_franja_manana': 1.0, 'factor_global': 1.0, 'factor_movilidad_ciudad': 1.0, 'factor_obras_construccion': 1.0, 'factor_zona_norte': 1.0}"
VALLONGA-TOLON DL,13,2026-04-28 13:00:00,ZONA_NORTE,manana,11.938,11.938,1.0,0.85,0.0,🟢 NORMAL,27.198,10.632,"{'factor_eventos': 1.0, 'factor_fin_de_semana': 1.0, 'factor_franja_manana': 1.0, 'factor_global': 1.0, 'factor_movilidad_ciudad': 1.0, 'factor_obras_construccion': 1.0, 'factor_zona_norte': 1.0}"
VALLONGA-TOLON DL,14,2026-04-28 14:00:00,ZONA_NORTE,tarde,11.841,11.841,1.0,0.85,0.0,🟢 NORMAL,33.998,13.289,"{'factor_calor_acumulado': 1.0, 'factor_eventos': 1.0, 'factor_fin_de_semana': 1.0, 'factor_franja_tarde': 1.0, 'factor_global': 1.0, 'factor_movilidad_ciudad': 1.0, 'factor_obras_construccion': 1.0, 'factor_zona_norte': 1.0}"
VALLONGA-TOLON DL,15,2026-04-28 15:00:00,ZONA_NORTE,tarde,20.043,20.043,1.0,0.85,0.0,🟢 NORMAL,30.598,11.96,"{'factor_calor_acumulado': 1.0, 'factor_eventos': 1.0, 'factor_fin_de_semana': 1.0, 'factor_franja_tarde': 1.0, 'factor_global': 1.0, 'factor_movilidad_ciudad': 1.0, 'factor_obras_construccion': 1.0, 'factor_zona_norte': 1.0}"
VALLONGA-TOLON DL,16,2026-04-28 16:00:00,ZONA_NORTE,tarde,22.968,22.968,1.0,0.85,0.0,🟢 NORMAL,23.798,9.302,"{'factor_calor_acumulado': 1.0, 'factor_eventos': 1.0, 'factor_fin_de_semana': 1.0, 'factor_franja_tarde': 1.0, 'factor_global': 1.0, 'factor_movilidad_ciudad': 1.0, 'factor_obras_construccion': 1.0, 'factor_zona_norte': 1.0}"
VALLONGA-TOLON DL,17,2026-04-28 17:00:00,ZONA_NORTE,tarde,25.384,25.384,1.0,0.85,0.0,🟢 NORMAL,20.399,7.974,"{'factor_calor_acumulado': 1.0, 'factor_eventos': 1.0, 'factor_fin_de_semana': 1.0, 'factor_franja_tarde': 1.0, 'factor_global': 1.0, 'factor_movilidad_ciudad': 1.0, 'factor_obras_construccion': 1.0, 'factor_zona_norte': 1.0}"
VALLONGA-TOLON DL,18,2026-04-28 18:00:00,ZONA_NORTE,tarde,22.968,22.968,1.0,0.85,0.0,🟢 NORMAL,23.798,9.302,"{'factor_calor_acumulado': 1.0, 'factor_eventos': 1.0, 'factor_fin_de_semana': 1.0, 'factor_franja_tarde': 1.0, 'factor_global': 1.0, 'factor_movilidad_ciudad': 1.0, 'factor_obras_construccion': 1.0, 'factor_zona_norte': 1.0}"
VALLONGA-TOLON DL,19,2026-04-28 19:00:00,ZONA_NORTE,tarde,20.043,20.043,1.0,0.85,0.0,🟢 NORMAL,30.598,11.96,"{'factor_calor_acumulado': 1.0, 'factor_eventos': 1.0, 'factor_fin_de_semana': 1.0, 'factor_franja_tarde': 1.0, 'factor_global': 1.0, 'factor_movilidad_ciudad': 1.0, 'factor_obras_construccion': 1.0, 'factor_zona_norte': 1.0}"
VALLONGA-TOLON DL,20,2026-04-28 20:00:00,ZONA_NORTE,tarde,39.889,39.889,1.0,0.85,0.0,🟢 NORMAL,37.398,14.618,"{'factor_calor_acumulado': 1.0, 'factor_eventos': 1.0, 'factor_fin_de_semana': 1.0, 'factor_franja_tarde': 1.0, 'factor_global': 1.0, 'factor_movilidad_ciudad': 1.0, 'factor_obras_construccion': 1.0, 'factor_zona_norte': 1.0}"
VALLONGA-TOLON DL,21,2026-04-28 21:00:00,ZONA_NORTE,tarde,0.1,0.1,1.0,0.85,0.0,🟢 NORMAL,40.797,15.947,"{'factor_calor_acumulado': 1.0, 'factor_eventos': 1.0, 'factor_fin_de_semana': 1.0, 'factor_franja_tarde': 1.0, 'factor_global': 1.0, 'factor_movilidad_ciudad': 1.0, 'factor_obras_construccion': 1.0, 'factor_zona_norte': 1.0}"
VALLONGA-TOLON DL,22,2026-04-28 22:00:00,ZONA_NORTE,noche,19.536,19.475,0.9969,0.85,-0.31,🟢 NORMAL,30.598,11.96,"{'factor_eventos': 1.0, 'factor_fin_de_semana': 1.0, 'factor_franja_noche': 0.95, 'factor_global': 1.0, 'factor_movilidad_ciudad': 1.0, 'factor_obras_construccion': 1.0, 'factor_zona_norte': 1.0}"
VALLONGA-TOLON DL,23,2026-04-28 23:00:00,ZONA_NORTE,noche,22.461,22.39,0.9969,0.85,-0.31,🟢 NORMAL,23.798,9.302,"{'factor_eventos': 1.0, 'factor_fin_de_semana': 1.0, 'factor_franja_noche': 0.95, 'factor_global': 1.0, 'factor_movilidad_ciudad': 1.0, 'factor_obras_construccion': 1.0, 'factor_zona_norte': 1.0}"
VILLAFRANQUEZA,0,2026-04-28 00:00:00,ZONA_NORTE,noche,53.344,53.176,0.9969,0.85,-0.31,🟢 NORMAL,29.879,14.7,"{'factor_eventos': 1.0, 'factor_fin_de_semana': 1.0, 'factor_franja_noche': 0.95, 'factor_global': 1.0, 'factor_movilidad_ciudad': 1.0, 'factor_obras_construccion': 1.0, 'factor_zona_norte': 1.0}"
VILLAFRANQUEZA,1,2026-04-28 01:00:00,ZONA_NORTE,noche,27.085,27.0,0.9969,0.85,-0.31,🟢 NORMAL,31.621,20.71,"{'factor_eventos': 1.0, 'factor_fin_de_semana': 1.0, 'factor_franja_noche': 0.95, 'factor_global': 1.0, 'factor_movilidad_ciudad': 1.0, 'factor_obras_construccion': 1.0, 'factor_zona_norte': 1.0}"
VILLAFRANQUEZA,2,2026-04-28 02:00:00,ZONA_NORTE,noche,17.123,17.069,0.9969,0.85,-0.31,🟢 NORMAL,28.111,20.788,"{'factor_eventos': 1.0, 'factor_fin_de_semana': 1.0, 'factor_franja_noche': 0.95, 'factor_global': 1.0, 'factor_movilidad_ciudad': 1.0, 'factor_obras_construccion': 1.0, 'factor_zona_norte': 1.0}"
VILLAFRANQUEZA,3,2026-04-28 03:00:00,ZONA_NORTE,noche,20.508,20.443,0.9969,0.85,-0.31,🟢 NORMAL,26.432,21.169,"{'factor_eventos': 1.0, 'factor_fin_de_semana': 1.0, 'factor_franja_noche': 0.95, 'factor_global': 1.0, 'factor_movilidad_ciudad': 1.0, 'factor_obras_construccion': 1.0, 'factor_zona_norte': 1.0}"
VILLAFRANQUEZA,4,2026-04-28 04:00:00,ZONA_NORTE,noche,19.827,19.765,0.9969,0.85,-0.31,🟢 NORMAL,25.936,19.677,"{'factor_eventos': 1.0, 'factor_fin_de_semana': 1.0, 'factor_franja_noche': 0.95, 'factor_global': 1.0, 'factor_movilidad_ciudad': 1.0, 'factor_obras_construccion': 1.0, 'factor_zona_norte': 1.0}"
VILLAFRANQUEZA,5,2026-04-28 05:00:00,ZONA_NORTE,noche,16.047,15.997,0.9969,0.85,-0.31,🟢 NORMAL,25.998,17.604,"{'factor_eventos': 1.0, 'factor_fin_de_semana': 1.0, 'factor_franja_noche': 0.95, 'factor_global': 1.0, 'factor_movilidad_ciudad': 1.0, 'factor_obras_construccion': 1.0, 'factor_zona_norte': 1.0}"
VILLAFRANQUEZA,6,2026-04-28 06:00:00,ZONA_NORTE,manana,16.033,16.033,1.0,0.85,0.0,🟢 NORMAL,27.42,18.988,"{'factor_eventos': 1.0, 'factor_fin_de_semana': 1.0, 'factor_franja_manana': 1.0, 'factor_global': 1.0, 'factor_movilidad_ciudad': 1.0, 'factor_obras_construccion': 1.0, 'factor_zona_norte': 1.0}"
VILLAFRANQUEZA,7,2026-04-28 07:00:00,ZONA_NORTE,manana,0.1,0.1,1.0,0.85,0.0,🟢 NORMAL,31.147,22.484,"{'factor_eventos': 1.0, 'factor_fin_de_semana': 1.0, 'factor_franja_manana': 1.0, 'factor_global': 1.0, 'factor_movilidad_ciudad': 1.0, 'factor_obras_construccion': 1.0, 'factor_zona_norte': 1.0}"
VILLAFRANQUEZA,8,2026-04-28 08:00:00,ZONA_NORTE,manana,23.305,23.305,1.0,0.85,0.0,🟢 NORMAL,37.05,25.918,"{'factor_eventos': 1.0, 'factor_fin_de_semana': 1.0, 'factor_franja_manana': 1.0, 'factor_global': 1.0, 'factor_movilidad_ciudad': 1.0, 'factor_obras_construccion': 1.0, 'factor_zona_norte': 1.0}"
VILLAFRANQUEZA,9,2026-04-28 09:00:00,ZONA_NORTE,manana,29.884,29.884,1.0,0.85,0.0,🟢 NORMAL,40.518,29.623,"{'factor_eventos': 1.0, 'factor_fin_de_semana': 1.0, 'factor_franja_manana': 1.0, 'factor_global': 1.0, 'factor_movilidad_ciudad': 1.0, 'factor_obras_construccion': 1.0, 'factor_zona_norte': 1.0}"
VILLAFRANQUEZA,10,2026-04-28 10:00:00,ZONA_NORTE,manana,0.1,0.1,1.0,0.85,0.0,🟢 NORMAL,40.441,28.868,"{'factor_eventos': 1.0, 'factor_fin_de_semana': 1.0, 'factor_franja_manana': 1.0, 'factor_global': 1.0, 'factor_movilidad_ciudad': 1.0, 'factor_obras_construccion': 1.0, 'factor_zona_norte': 1.0}"
VILLAFRANQUEZA,11,2026-04-28 11:00:00,ZONA_NORTE,manana,26.141,26.141,1.0,0.85,0.0,🟢 NORMAL,36.553,26.489,"{'factor_eventos': 1.0, 'factor_fin_de_semana': 1.0, 'factor_franja_manana': 1.0, 'factor_global': 1.0, 'factor_movilidad_ciudad': 1.0, 'factor_obras_construccion': 1.0, 'factor_zona_norte': 1.0}"
VILLAFRANQUEZA,12,2026-04-28 12:00:00,ZONA_NORTE,manana,0.1,0.1,1.0,0.85,0.0,🟢 NORMAL,34.953,23.348,"{'factor_eventos': 1.0, 'factor_fin_de_semana': 1.0, 'factor_franja_manana': 1.0, 'factor_global': 1.0, 'factor_movilidad_ciudad': 1.0, 'factor_obras_construccion': 1.0, 'factor_zona_norte': 1.0}"
VILLAFRANQUEZA,13,2026-04-28 13:00:00,ZONA_NORTE,manana,31.642,31.642,1.0,0.85,0.0,🟢 NORMAL,47.807,23.52,"{'factor_eventos': 1.0, 'factor_fin_de_semana': 1.0, 'factor_franja_manana': 1.0, 'factor_global': 1.0, 'factor_movilidad_ciudad': 1.0, 'factor_obras_construccion': 1.0, 'factor_zona_norte': 1.0}"
VILLAFRANQUEZA,14,2026-04-28 14:00:00,ZONA_NORTE,tarde,55.948,55.948,1.0,0.85,0.0,🟢 NORMAL,59.759,29.4,"{'factor_calor_acumulado': 1.0, 'factor_eventos': 1.0, 'factor_fin_de_semana': 1.0, 'factor_franja_tarde': 1.0, 'factor_global': 1.0, 'factor_movilidad_ciudad': 1.0, 'factor_obras_construccion': 1.0, 'factor_zona_norte': 1.0}"
VILLAFRANQUEZA,15,2026-04-28 15:00:00,ZONA_NORTE,tarde,50.118,50.118,1.0,0.85,0.0,🟢 NORMAL,53.783,26.46,"{'factor_calor_acumulado': 1.0, 'factor_eventos': 1.0, 'factor_fin_de_semana': 1.0, 'factor_franja_tarde': 1.0, 'factor_global': 1.0, 'factor_movilidad_ciudad': 1.0, 'factor_obras_construccion': 1.0, 'factor_zona_norte': 1.0}"
VILLAFRANQUEZA,16,2026-04-28 16:00:00,ZONA_NORTE,tarde,22.122,22.122,1.0,0.85,0.0,🟢 NORMAL,41.831,20.579,"{'factor_calor_acumulado': 1.0, 'factor_eventos': 1.0, 'factor_fin_de_semana': 1.0, 'factor_franja_tarde': 1.0, 'factor_global': 1.0, 'factor_movilidad_ciudad': 1.0, 'factor_obras_construccion': 1.0, 'factor_zona_norte': 1.0}"
VILLAFRANQUEZA,17,2026-04-28 17:00:00,ZONA_NORTE,tarde,15.541,15.541,1.0,0.85,0.0,🟢 NORMAL,35.855,17.639,"{'factor_calor_acumulado': 1.0, 'factor_eventos': 1.0, 'factor_fin_de_semana': 1.0, 'factor_franja_tarde': 1.0, 'factor_global': 1.0, 'factor_movilidad_ciudad': 1.0, 'factor_obras_construccion': 1.0, 'factor_zona_norte': 1.0}"
VILLAFRANQUEZA,18,2026-04-28 18:00:00,ZONA_NORTE,tarde,22.122,22.122,1.0,0.85,0.0,🟢 NORMAL,41.831,20.579,"{'factor_calor_acumulado': 1.0, 'factor_eventos': 1.0, 'factor_fin_de_semana': 1.0, 'factor_franja_tarde': 1.0, 'factor_global': 1.0, 'factor_movilidad_ciudad': 1.0, 'factor_obras_construccion': 1.0, 'factor_zona_norte': 1.0}"
VILLAFRANQUEZA,19,2026-04-28 19:00:00,ZONA_NORTE,tarde,50.118,50.118,1.0,0.85,0.0,🟢 NORMAL,53.783,26.46,"{'factor_calor_acumulado': 1.0, 'factor_eventos': 1.0, 'factor_fin_de_semana': 1.0, 'factor_franja_tarde': 1.0, 'factor_global': 1.0, 'factor_movilidad_ciudad': 1.0, 'factor_obras_construccion': 1.0, 'factor_zona_norte': 1.0}"
VILLAFRANQUEZA,20,2026-04-28 20:00:00,ZONA_NORTE,tarde,60.297,60.297,1.0,0.85,0.0,🟢 NORMAL,65.735,32.339,"{'factor_calor_acumulado': 1.0, 'factor_eventos': 1.0, 'factor_fin_de_semana': 1.0, 'factor_franja_tarde': 1.0, 'factor_global': 1.0, 'factor_movilidad_ciudad': 1.0, 'factor_obras_construccion': 1.0, 'factor_zona_norte': 1.0}"
VILLAFRANQUEZA,21,2026-04-28 21:00:00,ZONA_NORTE,tarde,63.174,63.174,1.0,0.85,0.0,🟢 NORMAL,71.71,35.279,"{'factor_calor_acumulado': 1.0, 'factor_eventos': 1.0, 'factor_fin_de_semana': 1.0, 'factor_franja_tarde': 1.0, 'factor_global': 1.0, 'factor_movilidad_ciudad': 1.0, 'factor_obras_construccion': 1.0, 'factor_zona_norte': 1.0}"
VILLAFRANQUEZA,22,2026-04-28 22:00:00,ZONA_NORTE,noche,49.106,48.952,0.9969,0.85,-0.31,🟢 NORMAL,53.783,26.46,"{'factor_eventos': 1.0, 'factor_fin_de_semana': 1.0, 'factor_franja_noche': 0.95, 'factor_global': 1.0, 'factor_movilidad_ciudad': 1.0, 'factor_obras_construccion': 1.0, 'factor_zona_norte': 1.0}"
VILLAFRANQUEZA,23,2026-04-28 23:00:00,ZONA_NORTE,noche,0.1,0.1,0.9969,0.85,-0.31,🟢 NORMAL,41.831,20.579,"{'factor_eventos': 1.0, 'factor_fin_de_semana': 1.0, 'factor_franja_noche': 0.95, 'factor_global': 1.0, 'factor_movilidad_ciudad': 1.0, 'factor_obras_construccion': 1.0, 'factor_zona_norte': 1.0}"
VIRGEN DEL CARMEN 1000 Viv,0,2026-04-28 00:00:00,ZONA_NORTE,noche,45.138,44.996,0.9969,0.85,-0.31,🟢 NORMAL,35.11,30.288,"{'factor_eventos': 1.0, 'factor_fin_de_semana': 1.0, 'factor_franja_noche': 0.95, 'factor_global': 1.0, 'factor_movilidad_ciudad': 1.0, 'factor_obras_construccion': 1.0, 'factor_zona_norte': 1.0}"
VIRGEN DEL CARMEN 1000 Viv,1,2026-04-28 01:00:00,ZONA_NORTE,noche,54.83,54.658,0.9969,0.85,-0.31,🟢 NORMAL,50.612,39.248,"{'factor_eventos': 1.0, 'factor_fin_de_semana': 1.0, 'factor_franja_noche': 0.95, 'factor_global': 1.0, 'factor_movilidad_ciudad': 1.0, 'factor_obras_construccion': 1.0, 'factor_zona_norte': 1.0}"
VIRGEN DEL CARMEN 1000 Viv,2,2026-04-28 02:00:00,ZONA_NORTE,noche,53.057,52.89,0.9969,0.85,-0.31,🟢 NORMAL,47.908,37.138,"{'factor_eventos': 1.0, 'factor_fin_de_semana': 1.0, 'factor_franja_noche': 0.95, 'factor_global': 1.0, 'factor_movilidad_ciudad': 1.0, 'factor_obras_construccion': 1.0, 'factor_zona_norte': 1.0}"
VIRGEN DEL CARMEN 1000 Viv,3,2026-04-28 03:00:00,ZONA_NORTE,noche,51.671,51.508,0.9969,0.85,-0.31,🟢 NORMAL,45.017,37.236,"{'factor_eventos': 1.0, 'factor_fin_de_semana': 1.0, 'factor_franja_noche': 0.95, 'factor_global': 1.0, 'factor_movilidad_ciudad': 1.0, 'factor_obras_construccion': 1.0, 'factor_zona_norte': 1.0}"
VIRGEN DEL CARMEN 1000 Viv,4,2026-04-28 04:00:00,ZONA_NORTE,noche,46.789,46.642,0.9969,0.85,-0.31,🟢 NORMAL,42.9,35.282,"{'factor_eventos': 1.0, 'factor_fin_de_semana': 1.0, 'factor_franja_noche': 0.95, 'factor_global': 1.0, 'factor_movilidad_ciudad': 1.0, 'factor_obras_construccion': 1.0, 'factor_zona_norte': 1.0}"
VIRGEN DEL CARMEN 1000 Viv,5,2026-04-28 05:00:00,ZONA_NORTE,noche,44.458,44.318,0.9969,0.85,-0.31,🟢 NORMAL,40.044,33.653,"{'factor_eventos': 1.0, 'factor_fin_de_semana': 1.0, 'factor_franja_noche': 0.95, 'factor_global': 1.0, 'factor_movilidad_ciudad': 1.0, 'factor_obras_construccion': 1.0, 'factor_zona_norte': 1.0}"
VIRGEN DEL CARMEN 1000 Viv,6,2026-04-28 06:00:00,ZONA_NORTE,manana,52.456,52.456,1.0,0.85,0.0,🟢 NORMAL,46.98,35.502,"{'factor_eventos': 1.0, 'factor_fin_de_semana': 1.0, 'factor_franja_manana': 1.0, 'factor_global': 1.0, 'factor_movilidad_ciudad': 1.0, 'factor_obras_construccion': 1.0, 'factor_zona_norte': 1.0}"
VIRGEN DEL CARMEN 1000 Viv,7,2026-04-28 07:00:00,ZONA_NORTE,manana,55.615,55.615,1.0,0.85,0.0,🟢 NORMAL,50.35,38.285,"{'factor_eventos': 1.0, 'factor_fin_de_semana': 1.0, 'factor_franja_manana': 1.0, 'factor_global': 1.0, 'factor_movilidad_ciudad': 1.0, 'factor_obras_construccion': 1.0, 'factor_zona_norte': 1.0}"
VIRGEN DEL CARMEN 1000 Viv,8,2026-04-28 08:00:00,ZONA_NORTE,manana,57.064,57.064,1.0,0.85,0.0,🟢 NORMAL,52.086,40.415,"{'factor_eventos': 1.0, 'factor_fin_de_semana': 1.0, 'factor_franja_manana': 1.0, 'factor_global': 1.0, 'factor_movilidad_ciudad': 1.0, 'factor_obras_construccion': 1.0, 'factor_zona_norte': 1.0}"
VIRGEN DEL CARMEN 1000 Viv,9,2026-04-28 09:00:00,ZONA_NORTE,manana,60.147,60.147,1.0,0.85,0.0,🟢 NORMAL,54.389,45.532,"{'factor_eventos': 1.0, 'factor_fin_de_semana': 1.0, 'factor_franja_manana': 1.0, 'factor_global': 1.0, 'factor_movilidad_ciudad': 1.0, 'factor_obras_construccion': 1.0, 'factor_zona_norte': 1.0}"
VIRGEN DEL CARMEN 1000 Viv,10,2026-04-28 10:00:00,ZONA_NORTE,manana,16.181,16.181,1.0,0.85,0.0,🟢 NORMAL,54.833,48.641,"{'factor_eventos': 1.0, 'factor_fin_de_semana': 1.0, 'factor_franja_manana': 1.0, 'factor_global': 1.0, 'factor_movilidad_ciudad': 1.0, 'factor_obras_construccion': 1.0, 'factor_zona_norte': 1.0}"
VIRGEN DEL CARMEN 1000 Viv,11,2026-04-28 11:00:00,ZONA_NORTE,manana,61.966,61.966,1.0,0.85,0.0,🟢 NORMAL,55.003,47.729,"{'factor_eventos': 1.0, 'factor_fin_de_semana': 1.0, 'factor_franja_manana': 1.0, 'factor_global': 1.0, 'factor_movilidad_ciudad': 1.0, 'factor_obras_construccion': 1.0, 'factor_zona_norte': 1.0}"
VIRGEN DEL CARMEN 1000 Viv,12,2026-04-28 12:00:00,ZONA_NORTE,manana,60.024,60.024,1.0,0.85,0.0,🟢 NORMAL,53.898,43.145,"{'factor_eventos': 1.0, 'factor_fin_de_semana': 1.0, 'factor_franja_manana': 1.0, 'factor_global': 1.0, 'factor_movilidad_ciudad': 1.0, 'factor_obras_construccion': 1.0, 'factor_zona_norte': 1.0}"
VIRGEN DEL CARMEN 1000 Viv,13,2026-04-28 13:00:00,ZONA_NORTE,manana,61.864,61.864,1.0,0.85,0.0,🟢 NORMAL,56.175,48.461,"{'factor_eventos': 1.0, 'factor_fin_de_semana': 1.0, 'factor_franja_manana': 1.0, 'factor_global': 1.0, 'factor_movilidad_ciudad': 1.0, 'factor_obras_construccion': 1.0, 'factor_zona_norte': 1.0}"
VIRGEN DEL CARMEN 1000 Viv,14,2026-04-28 14:00:00,ZONA_NORTE,tarde,71.918,71.918,1.0,0.85,0.0,🟢 NORMAL,70.219,60.576,"{'factor_calor_acumulado': 1.0, 'factor_eventos': 1.0, 'factor_fin_de_semana': 1.0, 'factor_franja_tarde': 1.0, 'factor_global': 1.0, 'factor_movilidad_ciudad': 1.0, 'factor_obras_construccion': 1.0, 'factor_zona_norte': 1.0}"
VIRGEN DEL CARMEN 1000 Viv,15,2026-04-28 15:00:00,ZONA_NORTE,tarde,55.282,55.282,1.0,0.85,0.0,🟢 NORMAL,63.197,54.518,"{'factor_calor_acumulado': 1.0, 'factor_eventos': 1.0, 'factor_fin_de_semana': 1.0, 'factor_franja_tarde': 1.0, 'factor_global': 1.0, 'factor_movilidad_ciudad': 1.0, 'factor_obras_construccion': 1.0, 'factor_zona_norte': 1.0}"
VIRGEN DEL CARMEN 1000 Viv,16,2026-04-28 16:00:00,ZONA_NORTE,tarde,56.968,56.968,1.0,0.85,0.0,🟢 NORMAL,49.153,42.403,"{'factor_calor_acumulado': 1.0, 'factor_eventos': 1.0, 'factor_fin_de_semana': 1.0, 'factor_franja_tarde': 1.0, 'factor_global': 1.0, 'factor_movilidad_ciudad': 1.0, 'factor_obras_construccion': 1.0, 'factor_zona_norte': 1.0}"
VIRGEN DEL CARMEN 1000 Viv,17,2026-04-28 17:00:00,ZONA_NORTE,tarde,48.047,48.047,1.0,0.85,0.0,🟢 NORMAL,42.131,36.345,"{'factor_calor_acumulado': 1.0, 'factor_eventos': 1.0, 'factor_fin_de_semana': 1.0, 'factor_franja_tarde': 1.0, 'factor_global': 1.0, 'factor_movilidad_ciudad': 1.0, 'factor_obras_construccion': 1.0, 'factor_zona_norte': 1.0}"
VIRGEN DEL CARMEN 1000 Viv,18,2026-04-28 18:00:00,ZONA_NORTE,tarde,56.968,56.968,1.0,0.85,0.0,🟢 NORMAL,49.153,42.403,"{'factor_calor_acumulado': 1.0, 'factor_eventos': 1.0, 'factor_fin_de_semana': 1.0, 'factor_franja_tarde': 1.0, 'factor_global': 1.0, 'factor_movilidad_ciudad': 1.0, 'factor_obras_construccion': 1.0, 'factor_zona_norte': 1.0}"
VIRGEN DEL CARMEN 1000 Viv,19,2026-04-28 19:00:00,ZONA_NORTE,tarde,55.282,55.282,1.0,0.85,0.0,🟢 NORMAL,63.197,54.518,"{'factor_calor_acumulado': 1.0, 'factor_eventos': 1.0, 'factor_fin_de_semana': 1.0, 'factor_franja_tarde': 1.0, 'factor_global': 1.0, 'factor_movilidad_ciudad': 1.0, 'factor_obras_construccion': 1.0, 'factor_zona_norte': 1.0}"
VIRGEN DEL CARMEN 1000 Viv,20,2026-04-28 20:00:00,ZONA_NORTE,tarde,77.808,77.808,1.0,0.85,0.0,🟢 NORMAL,77.241,66.634,"{'factor_calor_acumulado': 1.0, 'factor_eventos': 1.0, 'factor_fin_de_semana': 1.0, 'factor_franja_tarde': 1.0, 'factor_global': 1.0, 'factor_movilidad_ciudad': 1.0, 'factor_obras_construccion': 1.0, 'factor_zona_norte': 1.0}"
VIRGEN DEL CARMEN 1000 Viv,21,2026-04-28 21:00:00,ZONA_NORTE,tarde,85.941,85.941,1.0,0.85,0.0,🟢 NORMAL,84.263,72.691,"{'factor_calor_acumulado': 1.0, 'factor_eventos': 1.0, 'factor_fin_de_semana': 1.0, 'factor_franja_tarde': 1.0, 'factor_global': 1.0, 'factor_movilidad_ciudad': 1.0, 'factor_obras_construccion': 1.0, 'factor_zona_norte': 1.0}"
VIRGEN DEL CARMEN 1000 Viv,22,2026-04-28 22:00:00,ZONA_NORTE,noche,54.27,54.099,0.9969,0.85,-0.31,🟢 NORMAL,63.197,54.518,"{'factor_eventos': 1.0, 'factor_fin_de_semana': 1.0, 'factor_franja_noche': 0.95, 'factor_global': 1.0, 'factor_movilidad_ciudad': 1.0, 'factor_obras_construccion': 1.0, 'factor_zona_norte': 1.0}"
VIRGEN DEL CARMEN 1000 Viv,23,2026-04-28 23:00:00,ZONA_NORTE,noche,55.956,55.78,0.9969,0.85,-0.31,🟢 NORMAL,49.153,42.403,"{'factor_eventos': 1.0, 'factor_fin_de_semana': 1.0, 'factor_franja_noche': 0.95, 'factor_global': 1.0, 'factor_movilidad_ciudad': 1.0, 'factor_obras_construccion': 1.0, 'factor_zona_norte': 1.0}"
VIRGEN DEL REMEDIO,0,2026-04-28 00:00:00,ZONA_NORTE,noche,18.388,18.33,0.9969,0.85,-0.31,🟢 NORMAL,29.905,21.855,"{'factor_eventos': 1.0, 'factor_fin_de_semana': 1.0, 'factor_franja_noche': 0.95, 'factor_global': 1.0, 'factor_movilidad_ciudad': 1.0, 'factor_obras_construccion': 1.0, 'factor_zona_norte': 1.0}"
VIRGEN DEL REMEDIO,1,2026-04-28 01:00:00,ZONA_NORTE,noche,68.454,68.239,0.9969,0.85,-0.31,🟢 NORMAL,81.985,63.35,"{'factor_eventos': 1.0, 'factor_fin_de_semana': 1.0, 'factor_franja_noche': 0.95, 'factor_global': 1.0, 'factor_movilidad_ciudad': 1.0, 'factor_obras_construccion': 1.0, 'factor_zona_norte': 1.0}"
VIRGEN DEL REMEDIO,2,2026-04-28 02:00:00,ZONA_NORTE,noche,67.508,67.295,0.9969,0.85,-0.31,🟢 NORMAL,78.7,60.615,"{'factor_eventos': 1.0, 'factor_fin_de_semana': 1.0, 'factor_franja_noche': 0.95, 'factor_global': 1.0, 'factor_movilidad_ciudad': 1.0, 'factor_obras_construccion': 1.0, 'factor_zona_norte': 1.0}"
VIRGEN DEL REMEDIO,3,2026-04-28 03:00:00,ZONA_NORTE,noche,64.846,64.642,0.9969,0.85,-0.31,🟢 NORMAL,71.895,61.21,"{'factor_eventos': 1.0, 'factor_fin_de_semana': 1.0, 'factor_franja_noche': 0.95, 'factor_global': 1.0, 'factor_movilidad_ciudad': 1.0, 'factor_obras_construccion': 1.0, 'factor_zona_norte': 1.0}"
VIRGEN DEL REMEDIO,4,2026-04-28 04:00:00,ZONA_NORTE,noche,61.976,61.781,0.9969,0.85,-0.31,🟢 NORMAL,68.038,57.138,"{'factor_eventos': 1.0, 'factor_fin_de_semana': 1.0, 'factor_franja_noche': 0.95, 'factor_global': 1.0, 'factor_movilidad_ciudad': 1.0, 'factor_obras_construccion': 1.0, 'factor_zona_norte': 1.0}"
VIRGEN DEL REMEDIO,5,2026-04-28 05:00:00,ZONA_NORTE,noche,63.523,63.323,0.9969,0.85,-0.31,🟢 NORMAL,64.79,53.95,"{'factor_eventos': 1.0, 'factor_fin_de_semana': 1.0, 'factor_franja_noche': 0.95, 'factor_global': 1.0, 'factor_movilidad_ciudad': 1.0, 'factor_obras_construccion': 1.0, 'factor_zona_norte': 1.0}"
VIRGEN DEL REMEDIO,6,2026-04-28 06:00:00,ZONA_NORTE,manana,66.464,66.464,1.0,0.85,0.0,🟢 NORMAL,69.818,56.2,"{'factor_eventos': 1.0, 'factor_fin_de_semana': 1.0, 'factor_franja_manana': 1.0, 'factor_global': 1.0, 'factor_movilidad_ciudad': 1.0, 'factor_obras_construccion': 1.0, 'factor_zona_norte': 1.0}"
VIRGEN DEL REMEDIO,7,2026-04-28 07:00:00,ZONA_NORTE,manana,77.77,77.77,1.0,0.85,0.0,🟢 NORMAL,80.3,64.5,"{'factor_eventos': 1.0, 'factor_fin_de_semana': 1.0, 'factor_franja_manana': 1.0, 'factor_global': 1.0, 'factor_movilidad_ciudad': 1.0, 'factor_obras_construccion': 1.0, 'factor_zona_norte': 1.0}"
VIRGEN DEL REMEDIO,8,2026-04-28 08:00:00,ZONA_NORTE,manana,84.403,84.403,1.0,0.85,0.0,🟢 NORMAL,90.23,69.87,"{'factor_eventos': 1.0, 'factor_fin_de_semana': 1.0, 'factor_franja_manana': 1.0, 'factor_global': 1.0, 'factor_movilidad_ciudad': 1.0, 'factor_obras_construccion': 1.0, 'factor_zona_norte': 1.0}"
VIRGEN DEL REMEDIO,9,2026-04-28 09:00:00,ZONA_NORTE,manana,88.673,88.673,1.0,0.85,0.0,🟢 NORMAL,95.582,80.25,"{'factor_eventos': 1.0, 'factor_fin_de_semana': 1.0, 'factor_franja_manana': 1.0, 'factor_global': 1.0, 'factor_movilidad_ciudad': 1.0, 'factor_obras_construccion': 1.0, 'factor_zona_norte': 1.0}"
VIRGEN DEL REMEDIO,10,2026-04-28 10:00:00,ZONA_NORTE,manana,49.013,49.013,1.0,0.85,0.0,🟢 NORMAL,96.7,82.75,"{'factor_eventos': 1.0, 'factor_fin_de_semana': 1.0, 'factor_franja_manana': 1.0, 'factor_global': 1.0, 'factor_movilidad_ciudad': 1.0, 'factor_obras_construccion': 1.0, 'factor_zona_norte': 1.0}"
VIRGEN DEL REMEDIO,11,2026-04-28 11:00:00,ZONA_NORTE,manana,91.257,91.257,1.0,0.85,0.0,🟢 NORMAL,94.7,78.125,"{'factor_eventos': 1.0, 'factor_fin_de_semana': 1.0, 'factor_franja_manana': 1.0, 'factor_global': 1.0, 'factor_movilidad_ciudad': 1.0, 'factor_obras_construccion': 1.0, 'factor_zona_norte': 1.0}"
VIRGEN DEL REMEDIO,12,2026-04-28 12:00:00,ZONA_NORTE,manana,87.667,87.667,1.0,0.85,0.0,🟢 NORMAL,89.202,69.692,"{'factor_eventos': 1.0, 'factor_fin_de_semana': 1.0, 'factor_franja_manana': 1.0, 'factor_global': 1.0, 'factor_movilidad_ciudad': 1.0, 'factor_obras_construccion': 1.0, 'factor_zona_norte': 1.0}"
VIRGEN DEL REMEDIO,13,2026-04-28 13:00:00,ZONA_NORTE,manana,52.972,52.972,1.0,0.85,0.0,🟢 NORMAL,47.848,34.968,"{'factor_eventos': 1.0, 'factor_fin_de_semana': 1.0, 'factor_franja_manana': 1.0, 'factor_global': 1.0, 'factor_movilidad_ciudad': 1.0, 'factor_obras_construccion': 1.0, 'factor_zona_norte': 1.0}"
VIRGEN DEL REMEDIO,14,2026-04-28 14:00:00,ZONA_NORTE,tarde,61.062,61.062,1.0,0.85,0.0,🟢 NORMAL,59.81,43.71,"{'factor_calor_acumulado': 1.0, 'factor_eventos': 1.0, 'factor_fin_de_semana': 1.0, 'factor_franja_tarde': 1.0, 'factor_global': 1.0, 'factor_movilidad_ciudad': 1.0, 'factor_obras_construccion': 1.0, 'factor_zona_norte': 1.0}"
VIRGEN DEL REMEDIO,15,2026-04-28 15:00:00,ZONA_NORTE,tarde,56.968,56.968,1.0,0.85,0.0,🟢 NORMAL,53.83,39.339,"{'factor_calor_acumulado': 1.0, 'factor_eventos': 1.0, 'factor_fin_de_semana': 1.0, 'factor_franja_tarde': 1.0, 'factor_global': 1.0, 'factor_movilidad_ciudad': 1.0, 'factor_obras_construccion': 1.0, 'factor_zona_norte': 1.0}"
VIRGEN DEL REMEDIO,16,2026-04-28 16:00:00,ZONA_NORTE,tarde,31.113,31.113,1.0,0.85,0.0,🟢 NORMAL,41.867,30.597,"{'factor_calor_acumulado': 1.0, 'factor_eventos': 1.0, 'factor_fin_de_semana': 1.0, 'factor_franja_tarde': 1.0, 'factor_global': 1.0, 'factor_movilidad_ciudad': 1.0, 'factor_obras_construccion': 1.0, 'factor_zona_norte': 1.0}"
VIRGEN DEL REMEDIO,17,2026-04-28 17:00:00,ZONA_NORTE,tarde,23.785,23.785,1.0,0.85,0.0,🟢 NORMAL,35.886,26.226,"{'factor_calor_acumulado': 1.0, 'factor_eventos': 1.0, 'factor_fin_de_semana': 1.0, 'factor_franja_tarde': 1.0, 'factor_global': 1.0, 'factor_movilidad_ciudad': 1.0, 'factor_obras_construccion': 1.0, 'factor_zona_norte': 1.0}"
VIRGEN DEL REMEDIO,18,2026-04-28 18:00:00,ZONA_NORTE,tarde,31.113,31.113,1.0,0.85,0.0,🟢 NORMAL,41.867,30.597,"{'factor_calor_acumulado': 1.0, 'factor_eventos': 1.0, 'factor_fin_de_semana': 1.0, 'factor_franja_tarde': 1.0, 'factor_global': 1.0, 'factor_movilidad_ciudad': 1.0, 'factor_obras_construccion': 1.0, 'factor_zona_norte': 1.0}"
VIRGEN DEL REMEDIO,19,2026-04-28 19:00:00,ZONA_NORTE,tarde,56.968,56.968,1.0,0.85,0.0,🟢 NORMAL,53.83,39.339,"{'factor_calor_acumulado': 1.0, 'factor_eventos': 1.0, 'factor_fin_de_semana': 1.0, 'factor_franja_tarde': 1.0, 'factor_global': 1.0, 'factor_movilidad_ciudad': 1.0, 'factor_obras_construccion': 1.0, 'factor_zona_norte': 1.0}"
VIRGEN DEL REMEDIO,20,2026-04-28 20:00:00,ZONA_NORTE,tarde,66.181,66.181,1.0,0.85,0.0,🟢 NORMAL,65.791,48.081,"{'factor_calor_acumulado': 1.0, 'factor_eventos': 1.0, 'factor_fin_de_semana': 1.0, 'factor_franja_tarde': 1.0, 'factor_global': 1.0, 'factor_movilidad_ciudad': 1.0, 'factor_obras_construccion': 1.0, 'factor_zona_norte': 1.0}"
VIRGEN DEL REMEDIO,21,2026-04-28 21:00:00,ZONA_NORTE,tarde,68.402,68.402,1.0,0.85,0.0,🟢 NORMAL,71.773,52.453,"{'factor_calor_acumulado': 1.0, 'factor_eventos': 1.0, 'factor_fin_de_semana': 1.0, 'factor_franja_tarde': 1.0, 'factor_global': 1.0, 'factor_movilidad_ciudad': 1.0, 'factor_obras_construccion': 1.0, 'factor_zona_norte': 1.0}"
VIRGEN DEL REMEDIO,22,2026-04-28 22:00:00,ZONA_NORTE,noche,55.956,55.78,0.9969,0.85,-0.31,🟢 NORMAL,53.83,39.339,"{'factor_eventos': 1.0, 'factor_fin_de_semana': 1.0, 'factor_franja_noche': 0.95, 'factor_global': 1.0, 'factor_movilidad_ciudad': 1.0, 'factor_obras_construccion': 1.0, 'factor_zona_norte': 1.0}"
VIRGEN DEL REMEDIO,23,2026-04-28 23:00:00,ZONA_NORTE,noche,30.101,30.006,0.9969,0.85,-0.31,🟢 NORMAL,41.867,30.597,"{'factor_eventos': 1.0, 'factor_fin_de_semana': 1.0, 'factor_franja_noche': 0.95, 'factor_global': 1.0, 'factor_movilidad_ciudad': 1.0, 'factor_obras_construccion': 1.0, 'factor_zona_norte': 1.0}"
