sector,hora,timestamp,zona,tramo,consumo_base_m3,consumo_proyectado_m3,multiplicador_llm,confianza_llm,variacion_pct,alerta,p85_historico,p15_historico,factores_activos
1 CIUDAD JARDÍN,0,2026-04-29 00:00:00,ZONA_NORTE,noche,40.012,40.062,1.0013,0.85,0.13,🟢 NORMAL,22.618,13.729,"{'factor_eventos': 1.0, 'factor_fin_de_semana': 1.0, 'factor_franja_noche': 1.02, 'factor_global': 1.0, 'factor_movilidad_ciudad': 1.0, 'factor_obras_construccion': 1.0, 'factor_zona_norte': 1.0}"
1 CIUDAD JARDÍN,1,2026-04-29 01:00:00,ZONA_NORTE,noche,23.905,23.935,1.0013,0.85,0.13,🟢 NORMAL,33.475,17.2,"{'factor_eventos': 1.0, 'factor_fin_de_semana': 1.0, 'factor_franja_noche': 1.02, 'factor_global': 1.0, 'factor_movilidad_ciudad': 1.0, 'factor_obras_construccion': 1.0, 'factor_zona_norte': 1.0}"
1 CIUDAD JARDÍN,2,2026-04-29 02:00:00,ZONA_NORTE,noche,23.224,23.254,1.0013,0.85,0.13,🟢 NORMAL,32.81,16.45,"{'factor_eventos': 1.0, 'factor_fin_de_semana': 1.0, 'factor_franja_noche': 1.02, 'factor_global': 1.0, 'factor_movilidad_ciudad': 1.0, 'factor_obras_construccion': 1.0, 'factor_zona_norte': 1.0}"
1 CIUDAD JARDÍN,3,2026-04-29 03:00:00,ZONA_NORTE,noche,23.224,23.254,1.0013,0.85,0.13,🟢 NORMAL,32.02,15.6,"{'factor_eventos': 1.0, 'factor_fin_de_semana': 1.0, 'factor_franja_noche': 1.02, 'factor_global': 1.0, 'factor_movilidad_ciudad': 1.0, 'factor_obras_construccion': 1.0, 'factor_zona_norte': 1.0}"
1 CIUDAD JARDÍN,4,2026-04-29 04:00:00,ZONA_NORTE,noche,27.989,28.024,1.0013,0.85,0.13,🟢 NORMAL,22.65,14.5,"{'factor_eventos': 1.0, 'factor_fin_de_semana': 1.0, 'factor_franja_noche': 1.02, 'factor_global': 1.0, 'factor_movilidad_ciudad': 1.0, 'factor_obras_construccion': 1.0, 'factor_zona_norte': 1.0}"
1 CIUDAD JARDÍN,5,2026-04-29 05:00:00,ZONA_NORTE,noche,32.759,32.8,1.0013,0.85,0.13,🟢 NORMAL,21.2,13.035,"{'factor_eventos': 1.0, 'factor_fin_de_semana': 1.0, 'factor_franja_noche': 1.02, 'factor_global': 1.0, 'factor_movilidad_ciudad': 1.0, 'factor_obras_construccion': 1.0, 'factor_zona_norte': 1.0}"
1 CIUDAD JARDÍN,6,2026-04-29 06:00:00,ZONA_NORTE,manana,29.309,29.309,1.0,0.85,0.0,🟢 NORMAL,20.81,13.398,"{'factor_eventos': 1.0, 'factor_fin_de_semana': 1.0, 'factor_franja_manana': 1.0, 'factor_global': 1.0, 'factor_movilidad_ciudad': 1.0, 'factor_obras_construccion': 1.0, 'factor_zona_norte': 1.0}"
1 CIUDAD JARDÍN,7,2026-04-29 07:00:00,ZONA_NORTE,manana,16.204,16.204,1.0,0.85,0.0,🟢 NORMAL,30.935,16.455,"{'factor_eventos': 1.0, 'factor_fin_de_semana': 1.0, 'factor_franja_manana': 1.0, 'factor_global': 1.0, 'factor_movilidad_ciudad': 1.0, 'factor_obras_construccion': 1.0, 'factor_zona_norte': 1.0}"
1 CIUDAD JARDÍN,8,2026-04-29 08:00:00,ZONA_NORTE,manana,4.176,4.176,1.0,0.85,0.0,🟢 NORMAL,34.52,17.36,"{'factor_eventos': 1.0, 'factor_fin_de_semana': 1.0, 'factor_franja_manana': 1.0, 'factor_global': 1.0, 'factor_movilidad_ciudad': 1.0, 'factor_obras_construccion': 1.0, 'factor_zona_norte': 1.0}"
1 CIUDAD JARDÍN,9,2026-04-29 09:00:00,ZONA_NORTE,manana,102.127,102.127,1.0,0.85,0.0,🟢 NORMAL,46.45,20.85,"{'factor_eventos': 1.0, 'factor_fin_de_semana': 1.0, 'factor_franja_manana': 1.0, 'factor_global': 1.0, 'factor_movilidad_ciudad': 1.0, 'factor_obras_construccion': 1.0, 'factor_zona_norte': 1.0}"
1 CIUDAD JARDÍN,10,2026-04-29 10:00:00,ZONA_NORTE,manana,0.1,0.1,1.0,0.85,0.0,🟢 NORMAL,46.11,23.0,"{'factor_eventos': 1.0, 'factor_fin_de_semana': 1.0, 'factor_franja_manana': 1.0, 'factor_global': 1.0, 'factor_movilidad_ciudad': 1.0, 'factor_obras_construccion': 1.0, 'factor_zona_norte': 1.0}"
1 CIUDAD JARDÍN,11,2026-04-29 11:00:00,ZONA_NORTE,manana,23.031,23.031,1.0,0.85,0.0,🟢 NORMAL,42.81,21.7,"{'factor_eventos': 1.0, 'factor_fin_de_semana': 1.0, 'factor_franja_manana': 1.0, 'factor_global': 1.0, 'factor_movilidad_ciudad': 1.0, 'factor_obras_construccion': 1.0, 'factor_zona_norte': 1.0}"
1 CIUDAD JARDÍN,12,2026-04-29 12:00:00,ZONA_NORTE,manana,0.1,0.1,1.0,0.85,0.0,🟢 NORMAL,38.515,19.02,"{'factor_eventos': 1.0, 'factor_fin_de_semana': 1.0, 'factor_franja_manana': 1.0, 'factor_global': 1.0, 'factor_movilidad_ciudad': 1.0, 'factor_obras_construccion': 1.0, 'factor_zona_norte': 1.0}"
1 CIUDAD JARDÍN,13,2026-04-29 13:00:00,ZONA_NORTE,manana,0.1,0.1,1.0,0.85,0.0,🟢 NORMAL,36.189,21.967,"{'factor_eventos': 1.0, 'factor_fin_de_semana': 1.0, 'factor_franja_manana': 1.0, 'factor_global': 1.0, 'factor_movilidad_ciudad': 1.0, 'factor_obras_construccion': 1.0, 'factor_zona_norte': 1.0}"
1 CIUDAD JARDÍN,14,2026-04-29 14:00:00,ZONA_NORTE,tarde,39.472,39.544,1.0018,0.85,0.18,🟢 NORMAL,45.236,27.459,"{'factor_calor_acumulado': 1.0, 'factor_eventos': 1.0, 'factor_fin_de_semana': 1.0, 'factor_franja_tarde': 1.02, 'factor_global': 1.0, 'factor_movilidad_ciudad': 1.0, 'factor_obras_construccion': 1.0, 'factor_zona_norte': 1.0}"
1 CIUDAD JARDÍN,15,2026-04-29 15:00:00,ZONA_NORTE,tarde,26.317,26.365,1.0018,0.85,0.18,🟢 NORMAL,40.713,24.713,"{'factor_calor_acumulado': 1.0, 'factor_eventos': 1.0, 'factor_fin_de_semana': 1.0, 'factor_franja_tarde': 1.02, 'factor_global': 1.0, 'factor_movilidad_ciudad': 1.0, 'factor_obras_construccion': 1.0, 'factor_zona_norte': 1.0}"
1 CIUDAD JARDÍN,16,2026-04-29 16:00:00,ZONA_NORTE,tarde,3.246,3.252,1.0018,0.85,0.18,🟢 NORMAL,31.665,19.221,"{'factor_calor_acumulado': 1.0, 'factor_eventos': 1.0, 'factor_fin_de_semana': 1.0, 'factor_franja_tarde': 1.02, 'factor_global': 1.0, 'factor_movilidad_ciudad': 1.0, 'factor_obras_construccion': 1.0, 'factor_zona_norte': 1.0}"
1 CIUDAD JARDÍN,17,2026-04-29 17:00:00,ZONA_NORTE,tarde,16.061,16.09,1.0018,0.85,0.18,🟢 NORMAL,27.142,16.475,"{'factor_calor_acumulado': 1.0, 'factor_eventos': 1.0, 'factor_fin_de_semana': 1.0, 'factor_franja_tarde': 1.02, 'factor_global': 1.0, 'factor_movilidad_ciudad': 1.0, 'factor_obras_construccion': 1.0, 'factor_zona_norte': 1.0}"
1 CIUDAD JARDÍN,18,2026-04-29 18:00:00,ZONA_NORTE,tarde,3.246,3.252,1.0018,0.85,0.18,🟢 NORMAL,31.665,19.221,"{'factor_calor_acumulado': 1.0, 'factor_eventos': 1.0, 'factor_fin_de_semana': 1.0, 'factor_franja_tarde': 1.02, 'factor_global': 1.0, 'factor_movilidad_ciudad': 1.0, 'factor_obras_construccion': 1.0, 'factor_zona_norte': 1.0}"
1 CIUDAD JARDÍN,19,2026-04-29 19:00:00,ZONA_NORTE,tarde,26.317,26.365,1.0018,0.85,0.18,🟢 NORMAL,40.713,24.713,"{'factor_calor_acumulado': 1.0, 'factor_eventos': 1.0, 'factor_fin_de_semana': 1.0, 'factor_franja_tarde': 1.02, 'factor_global': 1.0, 'factor_movilidad_ciudad': 1.0, 'factor_obras_construccion': 1.0, 'factor_zona_norte': 1.0}"
1 CIUDAD JARDÍN,20,2026-04-29 20:00:00,ZONA_NORTE,tarde,42.945,43.023,1.0018,0.85,0.18,🟢 NORMAL,49.76,30.205,"{'factor_calor_acumulado': 1.0, 'factor_eventos': 1.0, 'factor_fin_de_semana': 1.0, 'factor_franja_tarde': 1.02, 'factor_global': 1.0, 'factor_movilidad_ciudad': 1.0, 'factor_obras_construccion': 1.0, 'factor_zona_norte': 1.0}"
1 CIUDAD JARDÍN,21,2026-04-29 21:00:00,ZONA_NORTE,tarde,45.561,45.644,1.0018,0.85,0.18,🟢 NORMAL,54.283,32.95,"{'factor_calor_acumulado': 1.0, 'factor_eventos': 1.0, 'factor_fin_de_semana': 1.0, 'factor_franja_tarde': 1.02, 'factor_global': 1.0, 'factor_movilidad_ciudad': 1.0, 'factor_obras_construccion': 1.0, 'factor_zona_norte': 1.0}"
1 CIUDAD JARDÍN,22,2026-04-29 22:00:00,ZONA_NORTE,noche,24.592,24.623,1.0013,0.85,0.13,🟢 NORMAL,40.713,24.713,"{'factor_eventos': 1.0, 'factor_fin_de_semana': 1.0, 'factor_franja_noche': 1.02, 'factor_global': 1.0, 'factor_movilidad_ciudad': 1.0, 'factor_obras_construccion': 1.0, 'factor_zona_norte': 1.0}"
1 CIUDAD JARDÍN,23,2026-04-29 23:00:00,ZONA_NORTE,noche,2.739,2.743,1.0013,0.85,0.13,🟢 NORMAL,31.665,19.221,"{'factor_eventos': 1.0, 'factor_fin_de_semana': 1.0, 'factor_franja_noche': 1.02, 'factor_global': 1.0, 'factor_movilidad_ciudad': 1.0, 'factor_obras_construccion': 1.0, 'factor_zona_norte': 1.0}"
ALIPARK DL,0,2026-04-29 00:00:00,ZONA_CENTRO,noche,15.414,15.058,0.9769,0.85,-2.31,🟢 NORMAL,1.408,1.141,"{'factor_cruceros': 1.0, 'factor_eventos': 1.0, 'factor_fin_de_semana': 1.0, 'factor_franja_noche': 1.02, 'factor_global': 1.0, 'factor_movilidad_ciudad': 1.0, 'factor_obras_construccion': 1.0, 'factor_ocupacion_hotelera': 0.8, 'factor_zona_centro': 1.0}"
ALIPARK DL,1,2026-04-29 01:00:00,ZONA_CENTRO,noche,15.463,15.106,0.9769,0.85,-2.31,🟢 NORMAL,9.55,7.6,"{'factor_cruceros': 1.0, 'factor_eventos': 1.0, 'factor_fin_de_semana': 1.0, 'factor_franja_noche': 1.02, 'factor_global': 1.0, 'factor_movilidad_ciudad': 1.0, 'factor_obras_construccion': 1.0, 'factor_ocupacion_hotelera': 0.8, 'factor_zona_centro': 1.0}"
ALIPARK DL,2,2026-04-29 02:00:00,ZONA_CENTRO,noche,14.869,14.526,0.9769,0.85,-2.31,🟢 NORMAL,9.122,7.4,"{'factor_cruceros': 1.0, 'factor_eventos': 1.0, 'factor_fin_de_semana': 1.0, 'factor_franja_noche': 1.02, 'factor_global': 1.0, 'factor_movilidad_ciudad': 1.0, 'factor_obras_construccion': 1.0, 'factor_ocupacion_hotelera': 0.8, 'factor_zona_centro': 1.0}"
ALIPARK DL,3,2026-04-29 03:00:00,ZONA_CENTRO,noche,14.869,14.526,0.9769,0.85,-2.31,🟢 NORMAL,8.45,7.0,"{'factor_cruceros': 1.0, 'factor_eventos': 1.0, 'factor_fin_de_semana': 1.0, 'factor_franja_noche': 1.02, 'factor_global': 1.0, 'factor_movilidad_ciudad': 1.0, 'factor_obras_construccion': 1.0, 'factor_ocupacion_hotelera': 0.8, 'factor_zona_centro': 1.0}"
ALIPARK DL,4,2026-04-29 04:00:00,ZONA_CENTRO,noche,14.442,14.109,0.9769,0.85,-2.31,🟢 NORMAL,8.1,6.55,"{'factor_cruceros': 1.0, 'factor_eventos': 1.0, 'factor_fin_de_semana': 1.0, 'factor_franja_noche': 1.02, 'factor_global': 1.0, 'factor_movilidad_ciudad': 1.0, 'factor_obras_construccion': 1.0, 'factor_ocupacion_hotelera': 0.8, 'factor_zona_centro': 1.0}"
ALIPARK DL,5,2026-04-29 05:00:00,ZONA_CENTRO,noche,20.972,20.487,0.9769,0.85,-2.31,🟢 NORMAL,9.5,6.15,"{'factor_cruceros': 1.0, 'factor_eventos': 1.0, 'factor_fin_de_semana': 1.0, 'factor_franja_noche': 1.02, 'factor_global': 1.0, 'factor_movilidad_ciudad': 1.0, 'factor_obras_construccion': 1.0, 'factor_ocupacion_hotelera': 0.8, 'factor_zona_centro': 1.0}"
ALIPARK DL,6,2026-04-29 06:00:00,ZONA_CENTRO,manana,17.095,16.691,0.9764,0.85,-2.36,🟢 NORMAL,8.9,5.8,"{'factor_cruceros': 1.0, 'factor_eventos': 1.0, 'factor_fin_de_semana': 1.0, 'factor_franja_manana': 1.0, 'factor_global': 1.0, 'factor_movilidad_ciudad': 1.0, 'factor_obras_construccion': 1.0, 'factor_ocupacion_hotelera': 0.8, 'factor_zona_centro': 1.0}"
ALIPARK DL,7,2026-04-29 07:00:00,ZONA_CENTRO,manana,18.116,17.688,0.9764,0.85,-2.36,🟢 NORMAL,10.1,7.065,"{'factor_cruceros': 1.0, 'factor_eventos': 1.0, 'factor_fin_de_semana': 1.0, 'factor_franja_manana': 1.0, 'factor_global': 1.0, 'factor_movilidad_ciudad': 1.0, 'factor_obras_construccion': 1.0, 'factor_ocupacion_hotelera': 0.8, 'factor_zona_centro': 1.0}"
ALIPARK DL,8,2026-04-29 08:00:00,ZONA_CENTRO,manana,20.438,19.955,0.9764,0.85,-2.36,🟢 NORMAL,11.925,7.9,"{'factor_cruceros': 1.0, 'factor_eventos': 1.0, 'factor_fin_de_semana': 1.0, 'factor_franja_manana': 1.0, 'factor_global': 1.0, 'factor_movilidad_ciudad': 1.0, 'factor_obras_construccion': 1.0, 'factor_ocupacion_hotelera': 0.8, 'factor_zona_centro': 1.0}"
ALIPARK DL,9,2026-04-29 09:00:00,ZONA_CENTRO,manana,23.402,22.85,0.9764,0.85,-2.36,🟢 NORMAL,13.45,10.6,"{'factor_cruceros': 1.0, 'factor_eventos': 1.0, 'factor_fin_de_semana': 1.0, 'factor_franja_manana': 1.0, 'factor_global': 1.0, 'factor_movilidad_ciudad': 1.0, 'factor_obras_construccion': 1.0, 'factor_ocupacion_hotelera': 0.8, 'factor_zona_centro': 1.0}"
ALIPARK DL,10,2026-04-29 10:00:00,ZONA_CENTRO,manana,0.1,0.098,0.9764,0.85,-2.36,🟢 NORMAL,13.0,11.15,"{'factor_cruceros': 1.0, 'factor_eventos': 1.0, 'factor_fin_de_semana': 1.0, 'factor_franja_manana': 1.0, 'factor_global': 1.0, 'factor_movilidad_ciudad': 1.0, 'factor_obras_construccion': 1.0, 'factor_ocupacion_hotelera': 0.8, 'factor_zona_centro': 1.0}"
ALIPARK DL,11,2026-04-29 11:00:00,ZONA_CENTRO,manana,18.708,18.266,0.9764,0.85,-2.36,🟢 NORMAL,12.05,10.15,"{'factor_cruceros': 1.0, 'factor_eventos': 1.0, 'factor_fin_de_semana': 1.0, 'factor_franja_manana': 1.0, 'factor_global': 1.0, 'factor_movilidad_ciudad': 1.0, 'factor_obras_construccion': 1.0, 'factor_ocupacion_hotelera': 0.8, 'factor_zona_centro': 1.0}"
ALIPARK DL,12,2026-04-29 12:00:00,ZONA_CENTRO,manana,17.837,17.416,0.9764,0.85,-2.36,🟢 NORMAL,10.8,8.75,"{'factor_cruceros': 1.0, 'factor_eventos': 1.0, 'factor_fin_de_semana': 1.0, 'factor_franja_manana': 1.0, 'factor_global': 1.0, 'factor_movilidad_ciudad': 1.0, 'factor_obras_construccion': 1.0, 'factor_ocupacion_hotelera': 0.8, 'factor_zona_centro': 1.0}"
ALIPARK DL,13,2026-04-29 13:00:00,ZONA_CENTRO,manana,28.42,27.749,0.9764,0.85,-2.36,🟢 NORMAL,14.081,11.41,"{'factor_cruceros': 1.0, 'factor_eventos': 1.0, 'factor_fin_de_semana': 1.0, 'factor_franja_manana': 1.0, 'factor_global': 1.0, 'factor_movilidad_ciudad': 1.0, 'factor_obras_construccion': 1.0, 'factor_ocupacion_hotelera': 0.8, 'factor_zona_centro': 1.0}"
ALIPARK DL,14,2026-04-29 14:00:00,ZONA_CENTRO,tarde,30.129,29.613,0.9829,0.85,-1.71,🟢 NORMAL,15.489,12.55,"{'factor_calor_acumulado': 1.0, 'factor_cruceros': 1.0, 'factor_eventos': 1.0, 'factor_fin_de_semana': 1.0, 'factor_franja_tarde': 1.02, 'factor_global': 1.0, 'factor_movilidad_ciudad': 1.0, 'factor_obras_construccion': 1.0, 'factor_ocupacion_hotelera': 0.8, 'factor_zona_centro': 1.0}"
ALIPARK DL,15,2026-04-29 15:00:00,ZONA_CENTRO,tarde,27.173,26.707,0.9829,0.85,-1.71,🟢 NORMAL,14.081,11.41,"{'factor_calor_acumulado': 1.0, 'factor_cruceros': 1.0, 'factor_eventos': 1.0, 'factor_fin_de_semana': 1.0, 'factor_franja_tarde': 1.02, 'factor_global': 1.0, 'factor_movilidad_ciudad': 1.0, 'factor_obras_construccion': 1.0, 'factor_ocupacion_hotelera': 0.8, 'factor_zona_centro': 1.0}"
ALIPARK DL,16,2026-04-29 16:00:00,ZONA_CENTRO,tarde,18.672,18.353,0.9829,0.85,-1.71,🟢 NORMAL,12.673,10.268,"{'factor_calor_acumulado': 1.0, 'factor_cruceros': 1.0, 'factor_eventos': 1.0, 'factor_fin_de_semana': 1.0, 'factor_franja_tarde': 1.02, 'factor_global': 1.0, 'factor_movilidad_ciudad': 1.0, 'factor_obras_construccion': 1.0, 'factor_ocupacion_hotelera': 0.8, 'factor_zona_centro': 1.0}"
ALIPARK DL,17,2026-04-29 17:00:00,ZONA_CENTRO,tarde,18.672,18.353,0.9829,0.85,-1.71,🟢 NORMAL,12.673,10.268,"{'factor_calor_acumulado': 1.0, 'factor_cruceros': 1.0, 'factor_eventos': 1.0, 'factor_fin_de_semana': 1.0, 'factor_franja_tarde': 1.02, 'factor_global': 1.0, 'factor_movilidad_ciudad': 1.0, 'factor_obras_construccion': 1.0, 'factor_ocupacion_hotelera': 0.8, 'factor_zona_centro': 1.0}"
ALIPARK DL,18,2026-04-29 18:00:00,ZONA_CENTRO,tarde,27.173,26.707,0.9829,0.85,-1.71,🟢 NORMAL,14.081,11.41,"{'factor_calor_acumulado': 1.0, 'factor_cruceros': 1.0, 'factor_eventos': 1.0, 'factor_fin_de_semana': 1.0, 'factor_franja_tarde': 1.02, 'factor_global': 1.0, 'factor_movilidad_ciudad': 1.0, 'factor_obras_construccion': 1.0, 'factor_ocupacion_hotelera': 0.8, 'factor_zona_centro': 1.0}"
ALIPARK DL,19,2026-04-29 19:00:00,ZONA_CENTRO,tarde,28.882,28.387,0.9829,0.85,-1.71,🟢 NORMAL,15.489,12.55,"{'factor_calor_acumulado': 1.0, 'factor_cruceros': 1.0, 'factor_eventos': 1.0, 'factor_fin_de_semana': 1.0, 'factor_franja_tarde': 1.02, 'factor_global': 1.0, 'factor_movilidad_ciudad': 1.0, 'factor_obras_construccion': 1.0, 'factor_ocupacion_hotelera': 0.8, 'factor_zona_centro': 1.0}"
ALIPARK DL,20,2026-04-29 20:00:00,ZONA_CENTRO,tarde,19.088,18.761,0.9829,0.85,-1.71,🟢 NORMAL,12.673,10.268,"{'factor_calor_acumulado': 1.0, 'factor_cruceros': 1.0, 'factor_eventos': 1.0, 'factor_fin_de_semana': 1.0, 'factor_franja_tarde': 1.02, 'factor_global': 1.0, 'factor_movilidad_ciudad': 1.0, 'factor_obras_construccion': 1.0, 'factor_ocupacion_hotelera': 0.8, 'factor_zona_centro': 1.0}"
ALIPARK DL,21,2026-04-29 21:00:00,ZONA_CENTRO,tarde,14.87,14.616,0.9829,0.85,-1.71,🟢 NORMAL,8.449,6.846,"{'factor_calor_acumulado': 1.0, 'factor_cruceros': 1.0, 'factor_eventos': 1.0, 'factor_fin_de_semana': 1.0, 'factor_franja_tarde': 1.02, 'factor_global': 1.0, 'factor_movilidad_ciudad': 1.0, 'factor_obras_construccion': 1.0, 'factor_ocupacion_hotelera': 0.8, 'factor_zona_centro': 1.0}"
ALIPARK DL,22,2026-04-29 22:00:00,ZONA_CENTRO,noche,14.443,14.11,0.9769,0.85,-2.31,🟢 NORMAL,7.04,5.704,"{'factor_cruceros': 1.0, 'factor_eventos': 1.0, 'factor_fin_de_semana': 1.0, 'factor_franja_noche': 1.02, 'factor_global': 1.0, 'factor_movilidad_ciudad': 1.0, 'factor_obras_construccion': 1.0, 'factor_ocupacion_hotelera': 0.8, 'factor_zona_centro': 1.0}"
ALIPARK DL,23,2026-04-29 23:00:00,ZONA_CENTRO,noche,14.443,14.11,0.9769,0.85,-2.31,🟢 NORMAL,4.224,3.423,"{'factor_cruceros': 1.0, 'factor_eventos': 1.0, 'factor_fin_de_semana': 1.0, 'factor_franja_noche': 1.02, 'factor_global': 1.0, 'factor_movilidad_ciudad': 1.0, 'factor_obras_construccion': 1.0, 'factor_ocupacion_hotelera': 0.8, 'factor_zona_centro': 1.0}"
ALTOZANO,0,2026-04-29 00:00:00,ZONA_NORTE,noche,37.723,37.77,1.0013,0.85,0.13,🟢 NORMAL,37.267,34.54,"{'factor_eventos': 1.0, 'factor_fin_de_semana': 1.0, 'factor_franja_noche': 1.02, 'factor_global': 1.0, 'factor_movilidad_ciudad': 1.0, 'factor_obras_construccion': 1.0, 'factor_zona_norte': 1.0}"
ALTOZANO,1,2026-04-29 01:00:00,ZONA_NORTE,noche,54.203,54.271,1.0013,0.85,0.13,🟢 NORMAL,55.895,42.755,"{'factor_eventos': 1.0, 'factor_fin_de_semana': 1.0, 'factor_franja_noche': 1.02, 'factor_global': 1.0, 'factor_movilidad_ciudad': 1.0, 'factor_obras_construccion': 1.0, 'factor_zona_norte': 1.0}"
ALTOZANO,2,2026-04-29 02:00:00,ZONA_NORTE,noche,48.344,48.405,1.0013,0.85,0.13,🟢 NORMAL,47.755,38.407,"{'factor_eventos': 1.0, 'factor_fin_de_semana': 1.0, 'factor_franja_noche': 1.02, 'factor_global': 1.0, 'factor_movilidad_ciudad': 1.0, 'factor_obras_construccion': 1.0, 'factor_zona_norte': 1.0}"
ALTOZANO,3,2026-04-29 03:00:00,ZONA_NORTE,noche,46.958,47.018,1.0013,0.85,0.13,🟢 NORMAL,43.044,37.844,"{'factor_eventos': 1.0, 'factor_fin_de_semana': 1.0, 'factor_franja_noche': 1.02, 'factor_global': 1.0, 'factor_movilidad_ciudad': 1.0, 'factor_obras_construccion': 1.0, 'factor_zona_norte': 1.0}"
ALTOZANO,4,2026-04-29 04:00:00,ZONA_NORTE,noche,43.499,43.554,1.0013,0.85,0.13,🟢 NORMAL,41.338,36.698,"{'factor_eventos': 1.0, 'factor_fin_de_semana': 1.0, 'factor_franja_noche': 1.02, 'factor_global': 1.0, 'factor_movilidad_ciudad': 1.0, 'factor_obras_construccion': 1.0, 'factor_zona_norte': 1.0}"
ALTOZANO,5,2026-04-29 05:00:00,ZONA_NORTE,noche,27.392,27.427,1.0013,0.85,0.13,🟢 NORMAL,38.215,32.517,"{'factor_eventos': 1.0, 'factor_fin_de_semana': 1.0, 'factor_franja_noche': 1.02, 'factor_global': 1.0, 'factor_movilidad_ciudad': 1.0, 'factor_obras_construccion': 1.0, 'factor_zona_norte': 1.0}"
ALTOZANO,6,2026-04-29 06:00:00,ZONA_NORTE,manana,41.058,41.058,1.0,0.85,0.0,🟢 NORMAL,43.637,34.253,"{'factor_eventos': 1.0, 'factor_fin_de_semana': 1.0, 'factor_franja_manana': 1.0, 'factor_global': 1.0, 'factor_movilidad_ciudad': 1.0, 'factor_obras_construccion': 1.0, 'factor_zona_norte': 1.0}"
ALTOZANO,7,2026-04-29 07:00:00,ZONA_NORTE,manana,47.676,47.676,1.0,0.85,0.0,🟢 NORMAL,49.416,37.538,"{'factor_eventos': 1.0, 'factor_fin_de_semana': 1.0, 'factor_franja_manana': 1.0, 'factor_global': 1.0, 'factor_movilidad_ciudad': 1.0, 'factor_obras_construccion': 1.0, 'factor_zona_norte': 1.0}"
ALTOZANO,8,2026-04-29 08:00:00,ZONA_NORTE,manana,56.108,56.108,1.0,0.85,0.0,🟢 NORMAL,62.226,42.825,"{'factor_eventos': 1.0, 'factor_fin_de_semana': 1.0, 'factor_franja_manana': 1.0, 'factor_global': 1.0, 'factor_movilidad_ciudad': 1.0, 'factor_obras_construccion': 1.0, 'factor_zona_norte': 1.0}"
ALTOZANO,9,2026-04-29 09:00:00,ZONA_NORTE,manana,51.22,51.22,1.0,0.85,0.0,🟢 NORMAL,68.795,55.373,"{'factor_eventos': 1.0, 'factor_fin_de_semana': 1.0, 'factor_franja_manana': 1.0, 'factor_global': 1.0, 'factor_movilidad_ciudad': 1.0, 'factor_obras_construccion': 1.0, 'factor_zona_norte': 1.0}"
ALTOZANO,10,2026-04-29 10:00:00,ZONA_NORTE,manana,2.601,2.601,1.0,0.85,0.0,🟢 NORMAL,70.382,62.872,"{'factor_eventos': 1.0, 'factor_fin_de_semana': 1.0, 'factor_franja_manana': 1.0, 'factor_global': 1.0, 'factor_movilidad_ciudad': 1.0, 'factor_obras_construccion': 1.0, 'factor_zona_norte': 1.0}"
ALTOZANO,11,2026-04-29 11:00:00,ZONA_NORTE,manana,52.126,52.126,1.0,0.85,0.0,🟢 NORMAL,67.23,57.659,"{'factor_eventos': 1.0, 'factor_fin_de_semana': 1.0, 'factor_franja_manana': 1.0, 'factor_global': 1.0, 'factor_movilidad_ciudad': 1.0, 'factor_obras_construccion': 1.0, 'factor_zona_norte': 1.0}"
ALTOZANO,12,2026-04-29 12:00:00,ZONA_NORTE,manana,55.174,55.174,1.0,0.85,0.0,🟢 NORMAL,62.072,49.027,"{'factor_eventos': 1.0, 'factor_fin_de_semana': 1.0, 'factor_franja_manana': 1.0, 'factor_global': 1.0, 'factor_movilidad_ciudad': 1.0, 'factor_obras_construccion': 1.0, 'factor_zona_norte': 1.0}"
ALTOZANO,13,2026-04-29 13:00:00,ZONA_NORTE,manana,115.472,115.472,1.0,0.85,0.0,🟢 NORMAL,59.627,55.264,"{'factor_eventos': 1.0, 'factor_fin_de_semana': 1.0, 'factor_franja_manana': 1.0, 'factor_global': 1.0, 'factor_movilidad_ciudad': 1.0, 'factor_obras_construccion': 1.0, 'factor_zona_norte': 1.0}"
ALTOZANO,14,2026-04-29 14:00:00,ZONA_NORTE,tarde,62.161,62.274,1.0018,0.85,0.18,🟢 NORMAL,74.535,69.08,"{'factor_calor_acumulado': 1.0, 'factor_eventos': 1.0, 'factor_fin_de_semana': 1.0, 'factor_franja_tarde': 1.02, 'factor_global': 1.0, 'factor_movilidad_ciudad': 1.0, 'factor_obras_construccion': 1.0, 'factor_zona_norte': 1.0}"
ALTOZANO,15,2026-04-29 15:00:00,ZONA_NORTE,tarde,55.492,55.593,1.0018,0.85,0.18,🟢 NORMAL,67.081,62.172,"{'factor_calor_acumulado': 1.0, 'factor_eventos': 1.0, 'factor_fin_de_semana': 1.0, 'factor_franja_tarde': 1.02, 'factor_global': 1.0, 'factor_movilidad_ciudad': 1.0, 'factor_obras_construccion': 1.0, 'factor_zona_norte': 1.0}"
ALTOZANO,16,2026-04-29 16:00:00,ZONA_NORTE,tarde,52.761,52.858,1.0018,0.85,0.18,🟢 NORMAL,52.174,48.356,"{'factor_calor_acumulado': 1.0, 'factor_eventos': 1.0, 'factor_fin_de_semana': 1.0, 'factor_franja_tarde': 1.02, 'factor_global': 1.0, 'factor_movilidad_ciudad': 1.0, 'factor_obras_construccion': 1.0, 'factor_zona_norte': 1.0}"
ALTOZANO,17,2026-04-29 17:00:00,ZONA_NORTE,tarde,46.456,46.541,1.0018,0.85,0.18,🟢 NORMAL,44.721,41.448,"{'factor_calor_acumulado': 1.0, 'factor_eventos': 1.0, 'factor_fin_de_semana': 1.0, 'factor_franja_tarde': 1.02, 'factor_global': 1.0, 'factor_movilidad_ciudad': 1.0, 'factor_obras_construccion': 1.0, 'factor_zona_norte': 1.0}"
ALTOZANO,18,2026-04-29 18:00:00,ZONA_NORTE,tarde,52.761,52.858,1.0018,0.85,0.18,🟢 NORMAL,52.174,48.356,"{'factor_calor_acumulado': 1.0, 'factor_eventos': 1.0, 'factor_fin_de_semana': 1.0, 'factor_franja_tarde': 1.02, 'factor_global': 1.0, 'factor_movilidad_ciudad': 1.0, 'factor_obras_construccion': 1.0, 'factor_zona_norte': 1.0}"
ALTOZANO,19,2026-04-29 19:00:00,ZONA_NORTE,tarde,55.492,55.593,1.0018,0.85,0.18,🟢 NORMAL,67.081,62.172,"{'factor_calor_acumulado': 1.0, 'factor_eventos': 1.0, 'factor_fin_de_semana': 1.0, 'factor_franja_tarde': 1.02, 'factor_global': 1.0, 'factor_movilidad_ciudad': 1.0, 'factor_obras_construccion': 1.0, 'factor_zona_norte': 1.0}"
ALTOZANO,20,2026-04-29 20:00:00,ZONA_NORTE,tarde,78.71,78.853,1.0018,0.85,0.18,🟢 NORMAL,81.988,75.988,"{'factor_calor_acumulado': 1.0, 'factor_eventos': 1.0, 'factor_fin_de_semana': 1.0, 'factor_franja_tarde': 1.02, 'factor_global': 1.0, 'factor_movilidad_ciudad': 1.0, 'factor_obras_construccion': 1.0, 'factor_zona_norte': 1.0}"
ALTOZANO,21,2026-04-29 21:00:00,ZONA_NORTE,tarde,83.982,84.135,1.0018,0.85,0.18,🟢 NORMAL,89.442,82.896,"{'factor_calor_acumulado': 1.0, 'factor_eventos': 1.0, 'factor_fin_de_semana': 1.0, 'factor_franja_tarde': 1.02, 'factor_global': 1.0, 'factor_movilidad_ciudad': 1.0, 'factor_obras_construccion': 1.0, 'factor_zona_norte': 1.0}"
ALTOZANO,22,2026-04-29 22:00:00,ZONA_NORTE,noche,53.766,53.834,1.0013,0.85,0.13,🟢 NORMAL,67.081,62.172,"{'factor_eventos': 1.0, 'factor_fin_de_semana': 1.0, 'factor_franja_noche': 1.02, 'factor_global': 1.0, 'factor_movilidad_ciudad': 1.0, 'factor_obras_construccion': 1.0, 'factor_zona_norte': 1.0}"
ALTOZANO,23,2026-04-29 23:00:00,ZONA_NORTE,noche,51.036,51.1,1.0013,0.85,0.13,🟢 NORMAL,52.174,48.356,"{'factor_eventos': 1.0, 'factor_fin_de_semana': 1.0, 'factor_franja_noche': 1.02, 'factor_global': 1.0, 'factor_movilidad_ciudad': 1.0, 'factor_obras_construccion': 1.0, 'factor_zona_norte': 1.0}"
BAHÍA LOS PINOS,0,2026-04-29 00:00:00,ZONA_NORTE,noche,698.888,699.768,1.0013,0.85,0.13,🟢 NORMAL,36.636,21.894,"{'factor_eventos': 1.0, 'factor_fin_de_semana': 1.0, 'factor_franja_noche': 1.02, 'factor_global': 1.0, 'factor_movilidad_ciudad': 1.0, 'factor_obras_construccion': 1.0, 'factor_zona_norte': 1.0}"
BAHÍA LOS PINOS,1,2026-04-29 01:00:00,ZONA_NORTE,noche,48.057,48.118,1.0013,0.85,0.13,🟢 NORMAL,51.03,32.635,"{'factor_eventos': 1.0, 'factor_fin_de_semana': 1.0, 'factor_franja_noche': 1.02, 'factor_global': 1.0, 'factor_movilidad_ciudad': 1.0, 'factor_obras_construccion': 1.0, 'factor_zona_norte': 1.0}"
BAHÍA LOS PINOS,2,2026-04-29 02:00:00,ZONA_NORTE,noche,48.057,48.118,1.0013,0.85,0.13,🟢 NORMAL,55.48,29.385,"{'factor_eventos': 1.0, 'factor_fin_de_semana': 1.0, 'factor_franja_noche': 1.02, 'factor_global': 1.0, 'factor_movilidad_ciudad': 1.0, 'factor_obras_construccion': 1.0, 'factor_zona_norte': 1.0}"
BAHÍA LOS PINOS,3,2026-04-29 03:00:00,ZONA_NORTE,noche,43.499,43.554,1.0013,0.85,0.13,🟢 NORMAL,54.715,24.2,"{'factor_eventos': 1.0, 'factor_fin_de_semana': 1.0, 'factor_franja_noche': 1.02, 'factor_global': 1.0, 'factor_movilidad_ciudad': 1.0, 'factor_obras_construccion': 1.0, 'factor_zona_norte': 1.0}"
BAHÍA LOS PINOS,4,2026-04-29 04:00:00,ZONA_NORTE,noche,41.439,41.491,1.0013,0.85,0.13,🟢 NORMAL,54.61,22.435,"{'factor_eventos': 1.0, 'factor_fin_de_semana': 1.0, 'factor_franja_noche': 1.02, 'factor_global': 1.0, 'factor_movilidad_ciudad': 1.0, 'factor_obras_construccion': 1.0, 'factor_zona_norte': 1.0}"
BAHÍA LOS PINOS,5,2026-04-29 05:00:00,ZONA_NORTE,noche,21.936,21.964,1.0013,0.85,0.13,🟢 NORMAL,44.172,20.3,"{'factor_eventos': 1.0, 'factor_fin_de_semana': 1.0, 'factor_franja_noche': 1.02, 'factor_global': 1.0, 'factor_movilidad_ciudad': 1.0, 'factor_obras_construccion': 1.0, 'factor_zona_norte': 1.0}"
BAHÍA LOS PINOS,6,2026-04-29 06:00:00,ZONA_NORTE,manana,4.912,4.912,1.0,0.85,0.0,🟢 NORMAL,40.272,20.828,"{'factor_eventos': 1.0, 'factor_fin_de_semana': 1.0, 'factor_franja_manana': 1.0, 'factor_global': 1.0, 'factor_movilidad_ciudad': 1.0, 'factor_obras_construccion': 1.0, 'factor_zona_norte': 1.0}"
BAHÍA LOS PINOS,7,2026-04-29 07:00:00,ZONA_NORTE,manana,15.902,15.902,1.0,0.85,0.0,🟢 NORMAL,38.535,21.755,"{'factor_eventos': 1.0, 'factor_fin_de_semana': 1.0, 'factor_franja_manana': 1.0, 'factor_global': 1.0, 'factor_movilidad_ciudad': 1.0, 'factor_obras_construccion': 1.0, 'factor_zona_norte': 1.0}"
BAHÍA LOS PINOS,8,2026-04-29 08:00:00,ZONA_NORTE,manana,44.118,44.118,1.0,0.85,0.0,🟢 NORMAL,52.155,27.798,"{'factor_eventos': 1.0, 'factor_fin_de_semana': 1.0, 'factor_franja_manana': 1.0, 'factor_global': 1.0, 'factor_movilidad_ciudad': 1.0, 'factor_obras_construccion': 1.0, 'factor_zona_norte': 1.0}"
BAHÍA LOS PINOS,9,2026-04-29 09:00:00,ZONA_NORTE,manana,51.761,51.761,1.0,0.85,0.0,🟢 NORMAL,61.58,35.09,"{'factor_eventos': 1.0, 'factor_fin_de_semana': 1.0, 'factor_franja_manana': 1.0, 'factor_global': 1.0, 'factor_movilidad_ciudad': 1.0, 'factor_obras_construccion': 1.0, 'factor_zona_norte': 1.0}"
BAHÍA LOS PINOS,10,2026-04-29 10:00:00,ZONA_NORTE,manana,0.1,0.1,1.0,0.85,0.0,🟢 NORMAL,59.768,38.982,"{'factor_eventos': 1.0, 'factor_fin_de_semana': 1.0, 'factor_franja_manana': 1.0, 'factor_global': 1.0, 'factor_movilidad_ciudad': 1.0, 'factor_obras_construccion': 1.0, 'factor_zona_norte': 1.0}"
BAHÍA LOS PINOS,11,2026-04-29 11:00:00,ZONA_NORTE,manana,47.019,47.019,1.0,0.85,0.0,🟢 NORMAL,55.25,37.34,"{'factor_eventos': 1.0, 'factor_fin_de_semana': 1.0, 'factor_franja_manana': 1.0, 'factor_global': 1.0, 'factor_movilidad_ciudad': 1.0, 'factor_obras_construccion': 1.0, 'factor_zona_norte': 1.0}"
BAHÍA LOS PINOS,12,2026-04-29 12:00:00,ZONA_NORTE,manana,44.501,44.501,1.0,0.85,0.0,🟢 NORMAL,50.445,35.2,"{'factor_eventos': 1.0, 'factor_fin_de_semana': 1.0, 'factor_franja_manana': 1.0, 'factor_global': 1.0, 'factor_movilidad_ciudad': 1.0, 'factor_obras_construccion': 1.0, 'factor_zona_norte': 1.0}"
BAHÍA LOS PINOS,13,2026-04-29 13:00:00,ZONA_NORTE,manana,49.914,49.914,1.0,0.85,0.0,🟢 NORMAL,58.618,35.03,"{'factor_eventos': 1.0, 'factor_fin_de_semana': 1.0, 'factor_franja_manana': 1.0, 'factor_global': 1.0, 'factor_movilidad_ciudad': 1.0, 'factor_obras_construccion': 1.0, 'factor_zona_norte': 1.0}"
BAHÍA LOS PINOS,14,2026-04-29 14:00:00,ZONA_NORTE,tarde,50.535,50.627,1.0018,0.85,0.18,🟢 NORMAL,73.273,43.787,"{'factor_calor_acumulado': 1.0, 'factor_eventos': 1.0, 'factor_fin_de_semana': 1.0, 'factor_franja_tarde': 1.02, 'factor_global': 1.0, 'factor_movilidad_ciudad': 1.0, 'factor_obras_construccion': 1.0, 'factor_zona_norte': 1.0}"
BAHÍA LOS PINOS,15,2026-04-29 15:00:00,ZONA_NORTE,tarde,55.49,55.591,1.0018,0.85,0.18,🟢 NORMAL,65.946,39.409,"{'factor_calor_acumulado': 1.0, 'factor_eventos': 1.0, 'factor_fin_de_semana': 1.0, 'factor_franja_tarde': 1.02, 'factor_global': 1.0, 'factor_movilidad_ciudad': 1.0, 'factor_obras_construccion': 1.0, 'factor_zona_norte': 1.0}"
BAHÍA LOS PINOS,16,2026-04-29 16:00:00,ZONA_NORTE,tarde,45.07,45.152,1.0018,0.85,0.18,🟢 NORMAL,51.291,30.651,"{'factor_calor_acumulado': 1.0, 'factor_eventos': 1.0, 'factor_fin_de_semana': 1.0, 'factor_franja_tarde': 1.02, 'factor_global': 1.0, 'factor_movilidad_ciudad': 1.0, 'factor_obras_construccion': 1.0, 'factor_zona_norte': 1.0}"
BAHÍA LOS PINOS,17,2026-04-29 17:00:00,ZONA_NORTE,tarde,24.496,24.54,1.0018,0.85,0.18,🟢 NORMAL,43.964,26.272,"{'factor_calor_acumulado': 1.0, 'factor_eventos': 1.0, 'factor_fin_de_semana': 1.0, 'factor_franja_tarde': 1.02, 'factor_global': 1.0, 'factor_movilidad_ciudad': 1.0, 'factor_obras_construccion': 1.0, 'factor_zona_norte': 1.0}"
BAHÍA LOS PINOS,18,2026-04-29 18:00:00,ZONA_NORTE,tarde,45.07,45.152,1.0018,0.85,0.18,🟢 NORMAL,51.291,30.651,"{'factor_calor_acumulado': 1.0, 'factor_eventos': 1.0, 'factor_fin_de_semana': 1.0, 'factor_franja_tarde': 1.02, 'factor_global': 1.0, 'factor_movilidad_ciudad': 1.0, 'factor_obras_construccion': 1.0, 'factor_zona_norte': 1.0}"
BAHÍA LOS PINOS,19,2026-04-29 19:00:00,ZONA_NORTE,tarde,55.49,55.591,1.0018,0.85,0.18,🟢 NORMAL,65.946,39.409,"{'factor_calor_acumulado': 1.0, 'factor_eventos': 1.0, 'factor_fin_de_semana': 1.0, 'factor_franja_tarde': 1.02, 'factor_global': 1.0, 'factor_movilidad_ciudad': 1.0, 'factor_obras_construccion': 1.0, 'factor_zona_norte': 1.0}"
BAHÍA LOS PINOS,20,2026-04-29 20:00:00,ZONA_NORTE,tarde,53.766,53.864,1.0018,0.85,0.18,🟢 NORMAL,80.6,48.166,"{'factor_calor_acumulado': 1.0, 'factor_eventos': 1.0, 'factor_fin_de_semana': 1.0, 'factor_franja_tarde': 1.02, 'factor_global': 1.0, 'factor_movilidad_ciudad': 1.0, 'factor_obras_construccion': 1.0, 'factor_zona_norte': 1.0}"
BAHÍA LOS PINOS,21,2026-04-29 21:00:00,ZONA_NORTE,tarde,58.986,59.093,1.0018,0.85,0.18,🟢 NORMAL,87.927,52.545,"{'factor_calor_acumulado': 1.0, 'factor_eventos': 1.0, 'factor_fin_de_semana': 1.0, 'factor_franja_tarde': 1.02, 'factor_global': 1.0, 'factor_movilidad_ciudad': 1.0, 'factor_obras_construccion': 1.0, 'factor_zona_norte': 1.0}"
BAHÍA LOS PINOS,22,2026-04-29 22:00:00,ZONA_NORTE,noche,53.764,53.832,1.0013,0.85,0.13,🟢 NORMAL,65.946,39.409,"{'factor_eventos': 1.0, 'factor_fin_de_semana': 1.0, 'factor_franja_noche': 1.02, 'factor_global': 1.0, 'factor_movilidad_ciudad': 1.0, 'factor_obras_construccion': 1.0, 'factor_zona_norte': 1.0}"
BAHÍA LOS PINOS,23,2026-04-29 23:00:00,ZONA_NORTE,noche,43.344,43.399,1.0013,0.85,0.13,🟢 NORMAL,51.291,30.651,"{'factor_eventos': 1.0, 'factor_fin_de_semana': 1.0, 'factor_franja_noche': 1.02, 'factor_global': 1.0, 'factor_movilidad_ciudad': 1.0, 'factor_obras_construccion': 1.0, 'factor_zona_norte': 1.0}"
BENALÚA DL,0,2026-04-29 00:00:00,ZONA_CENTRO,noche,24.877,24.303,0.9769,0.85,-2.31,🟢 NORMAL,26.366,22.578,"{'factor_cruceros': 1.0, 'factor_eventos': 1.0, 'factor_fin_de_semana': 1.0, 'factor_franja_noche': 1.02, 'factor_global': 1.0, 'factor_movilidad_ciudad': 1.0, 'factor_obras_construccion': 1.0, 'factor_ocupacion_hotelera': 0.8, 'factor_zona_centro': 1.0}"
BENALÚA DL,1,2026-04-29 01:00:00,ZONA_CENTRO,noche,54.203,52.951,0.9769,0.85,-2.31,🟢 NORMAL,55.895,42.755,"{'factor_cruceros': 1.0, 'factor_eventos': 1.0, 'factor_fin_de_semana': 1.0, 'factor_franja_noche': 1.02, 'factor_global': 1.0, 'factor_movilidad_ciudad': 1.0, 'factor_obras_construccion': 1.0, 'factor_ocupacion_hotelera': 0.8, 'factor_zona_centro': 1.0}"
BENALÚA DL,2,2026-04-29 02:00:00,ZONA_CENTRO,noche,48.344,47.228,0.9769,0.85,-2.31,🟢 NORMAL,47.755,38.407,"{'factor_cruceros': 1.0, 'factor_eventos': 1.0, 'factor_fin_de_semana': 1.0, 'factor_franja_noche': 1.02, 'factor_global': 1.0, 'factor_movilidad_ciudad': 1.0, 'factor_obras_construccion': 1.0, 'factor_ocupacion_hotelera': 0.8, 'factor_zona_centro': 1.0}"
BENALÚA DL,3,2026-04-29 03:00:00,ZONA_CENTRO,noche,46.958,45.874,0.9769,0.85,-2.31,🟢 NORMAL,43.044,37.844,"{'factor_cruceros': 1.0, 'factor_eventos': 1.0, 'factor_fin_de_semana': 1.0, 'factor_franja_noche': 1.02, 'factor_global': 1.0, 'factor_movilidad_ciudad': 1.0, 'factor_obras_construccion': 1.0, 'factor_ocupacion_hotelera': 0.8, 'factor_zona_centro': 1.0}"
BENALÚA DL,4,2026-04-29 04:00:00,ZONA_CENTRO,noche,43.499,42.495,0.9769,0.85,-2.31,🟢 NORMAL,41.338,36.698,"{'factor_cruceros': 1.0, 'factor_eventos': 1.0, 'factor_fin_de_semana': 1.0, 'factor_franja_noche': 1.02, 'factor_global': 1.0, 'factor_movilidad_ciudad': 1.0, 'factor_obras_construccion': 1.0, 'factor_ocupacion_hotelera': 0.8, 'factor_zona_centro': 1.0}"
BENALÚA DL,5,2026-04-29 05:00:00,ZONA_CENTRO,noche,27.392,26.76,0.9769,0.85,-2.31,🟢 NORMAL,38.215,32.517,"{'factor_cruceros': 1.0, 'factor_eventos': 1.0, 'factor_fin_de_semana': 1.0, 'factor_franja_noche': 1.02, 'factor_global': 1.0, 'factor_movilidad_ciudad': 1.0, 'factor_obras_construccion': 1.0, 'factor_ocupacion_hotelera': 0.8, 'factor_zona_centro': 1.0}"
BENALÚA DL,6,2026-04-29 06:00:00,ZONA_CENTRO,manana,41.058,40.088,0.9764,0.85,-2.36,🟢 NORMAL,43.637,34.253,"{'factor_cruceros': 1.0, 'factor_eventos': 1.0, 'factor_fin_de_semana': 1.0, 'factor_franja_manana': 1.0, 'factor_global': 1.0, 'factor_movilidad_ciudad': 1.0, 'factor_obras_construccion': 1.0, 'factor_ocupacion_hotelera': 0.8, 'factor_zona_centro': 1.0}"
BENALÚA DL,7,2026-04-29 07:00:00,ZONA_CENTRO,manana,47.676,46.551,0.9764,0.85,-2.36,🟢 NORMAL,49.416,37.538,"{'factor_cruceros': 1.0, 'factor_eventos': 1.0, 'factor_fin_de_semana': 1.0, 'factor_franja_manana': 1.0, 'factor_global': 1.0, 'factor_movilidad_ciudad': 1.0, 'factor_obras_construccion': 1.0, 'factor_ocupacion_hotelera': 0.8, 'factor_zona_centro': 1.0}"
BENALÚA DL,8,2026-04-29 08:00:00,ZONA_CENTRO,manana,56.108,54.784,0.9764,0.85,-2.36,🟢 NORMAL,62.226,42.825,"{'factor_cruceros': 1.0, 'factor_eventos': 1.0, 'factor_fin_de_semana': 1.0, 'factor_franja_manana': 1.0, 'factor_global': 1.0, 'factor_movilidad_ciudad': 1.0, 'factor_obras_construccion': 1.0, 'factor_ocupacion_hotelera': 0.8, 'factor_zona_centro': 1.0}"
BENALÚA DL,9,2026-04-29 09:00:00,ZONA_CENTRO,manana,51.22,50.01,0.9764,0.85,-2.36,🟢 NORMAL,68.795,55.373,"{'factor_cruceros': 1.0, 'factor_eventos': 1.0, 'factor_fin_de_semana': 1.0, 'factor_franja_manana': 1.0, 'factor_global': 1.0, 'factor_movilidad_ciudad': 1.0, 'factor_obras_construccion': 1.0, 'factor_ocupacion_hotelera': 0.8, 'factor_zona_centro': 1.0}"
BENALÚA DL,10,2026-04-29 10:00:00,ZONA_CENTRO,manana,2.601,2.54,0.9764,0.85,-2.36,🟢 NORMAL,70.382,62.872,"{'factor_cruceros': 1.0, 'factor_eventos': 1.0, 'factor_fin_de_semana': 1.0, 'factor_franja_manana': 1.0, 'factor_global': 1.0, 'factor_movilidad_ciudad': 1.0, 'factor_obras_construccion': 1.0, 'factor_ocupacion_hotelera': 0.8, 'factor_zona_centro': 1.0}"
BENALÚA DL,11,2026-04-29 11:00:00,ZONA_CENTRO,manana,52.126,50.895,0.9764,0.85,-2.36,🟢 NORMAL,67.23,57.659,"{'factor_cruceros': 1.0, 'factor_eventos': 1.0, 'factor_fin_de_semana': 1.0, 'factor_franja_manana': 1.0, 'factor_global': 1.0, 'factor_movilidad_ciudad': 1.0, 'factor_obras_construccion': 1.0, 'factor_ocupacion_hotelera': 0.8, 'factor_zona_centro': 1.0}"
BENALÚA DL,12,2026-04-29 12:00:00,ZONA_CENTRO,manana,55.174,53.871,0.9764,0.85,-2.36,🟢 NORMAL,62.072,49.027,"{'factor_cruceros': 1.0, 'factor_eventos': 1.0, 'factor_fin_de_semana': 1.0, 'factor_franja_manana': 1.0, 'factor_global': 1.0, 'factor_movilidad_ciudad': 1.0, 'factor_obras_construccion': 1.0, 'factor_ocupacion_hotelera': 0.8, 'factor_zona_centro': 1.0}"
BENALÚA DL,13,2026-04-29 13:00:00,ZONA_CENTRO,manana,42.209,41.212,0.9764,0.85,-2.36,🟢 NORMAL,42.187,36.126,"{'factor_cruceros': 1.0, 'factor_eventos': 1.0, 'factor_fin_de_semana': 1.0, 'factor_franja_manana': 1.0, 'factor_global': 1.0, 'factor_movilidad_ciudad': 1.0, 'factor_obras_construccion': 1.0, 'factor_ocupacion_hotelera': 0.8, 'factor_zona_centro': 1.0}"
BENALÚA DL,14,2026-04-29 14:00:00,ZONA_CENTRO,tarde,52.55,51.65,0.9829,0.85,-1.71,🟢 NORMAL,52.733,45.157,"{'factor_calor_acumulado': 1.0, 'factor_cruceros': 1.0, 'factor_eventos': 1.0, 'factor_fin_de_semana': 1.0, 'factor_franja_tarde': 1.02, 'factor_global': 1.0, 'factor_movilidad_ciudad': 1.0, 'factor_obras_construccion': 1.0, 'factor_ocupacion_hotelera': 0.8, 'factor_zona_centro': 1.0}"
BENALÚA DL,15,2026-04-29 15:00:00,ZONA_CENTRO,tarde,46.456,45.661,0.9829,0.85,-1.71,🟢 NORMAL,47.46,40.641,"{'factor_calor_acumulado': 1.0, 'factor_cruceros': 1.0, 'factor_eventos': 1.0, 'factor_fin_de_semana': 1.0, 'factor_franja_tarde': 1.02, 'factor_global': 1.0, 'factor_movilidad_ciudad': 1.0, 'factor_obras_construccion': 1.0, 'factor_ocupacion_hotelera': 0.8, 'factor_zona_centro': 1.0}"
BENALÚA DL,16,2026-04-29 16:00:00,ZONA_CENTRO,tarde,24.479,24.059,0.9829,0.85,-1.71,🟢 NORMAL,36.914,31.61,"{'factor_calor_acumulado': 1.0, 'factor_cruceros': 1.0, 'factor_eventos': 1.0, 'factor_fin_de_semana': 1.0, 'factor_franja_tarde': 1.02, 'factor_global': 1.0, 'factor_movilidad_ciudad': 1.0, 'factor_obras_construccion': 1.0, 'factor_ocupacion_hotelera': 0.8, 'factor_zona_centro': 1.0}"
BENALÚA DL,17,2026-04-29 17:00:00,ZONA_CENTRO,tarde,704.764,692.696,0.9829,0.85,-1.71,🟢 NORMAL,31.64,27.094,"{'factor_calor_acumulado': 1.0, 'factor_cruceros': 1.0, 'factor_eventos': 1.0, 'factor_fin_de_semana': 1.0, 'factor_franja_tarde': 1.02, 'factor_global': 1.0, 'factor_movilidad_ciudad': 1.0, 'factor_obras_construccion': 1.0, 'factor_ocupacion_hotelera': 0.8, 'factor_zona_centro': 1.0}"
BENALÚA DL,18,2026-04-29 18:00:00,ZONA_CENTRO,tarde,24.479,24.059,0.9829,0.85,-1.71,🟢 NORMAL,36.914,31.61,"{'factor_calor_acumulado': 1.0, 'factor_cruceros': 1.0, 'factor_eventos': 1.0, 'factor_fin_de_semana': 1.0, 'factor_franja_tarde': 1.02, 'factor_global': 1.0, 'factor_movilidad_ciudad': 1.0, 'factor_obras_construccion': 1.0, 'factor_ocupacion_hotelera': 0.8, 'factor_zona_centro': 1.0}"
BENALÚA DL,19,2026-04-29 19:00:00,ZONA_CENTRO,tarde,46.456,45.661,0.9829,0.85,-1.71,🟢 NORMAL,47.46,40.641,"{'factor_calor_acumulado': 1.0, 'factor_cruceros': 1.0, 'factor_eventos': 1.0, 'factor_fin_de_semana': 1.0, 'factor_franja_tarde': 1.02, 'factor_global': 1.0, 'factor_movilidad_ciudad': 1.0, 'factor_obras_construccion': 1.0, 'factor_ocupacion_hotelera': 0.8, 'factor_zona_centro': 1.0}"
BENALÚA DL,20,2026-04-29 20:00:00,ZONA_CENTRO,tarde,54.368,53.437,0.9829,0.85,-1.71,🟢 NORMAL,58.007,49.673,"{'factor_calor_acumulado': 1.0, 'factor_cruceros': 1.0, 'factor_eventos': 1.0, 'factor_fin_de_semana': 1.0, 'factor_franja_tarde': 1.02, 'factor_global': 1.0, 'factor_movilidad_ciudad': 1.0, 'factor_obras_construccion': 1.0, 'factor_ocupacion_hotelera': 0.8, 'factor_zona_centro': 1.0}"
BENALÚA DL,21,2026-04-29 21:00:00,ZONA_CENTRO,tarde,193.91,190.589,0.9829,0.85,-1.71,🟢 NORMAL,63.28,54.188,"{'factor_calor_acumulado': 1.0, 'factor_cruceros': 1.0, 'factor_eventos': 1.0, 'factor_fin_de_semana': 1.0, 'factor_franja_tarde': 1.02, 'factor_global': 1.0, 'factor_movilidad_ciudad': 1.0, 'factor_obras_construccion': 1.0, 'factor_ocupacion_hotelera': 0.8, 'factor_zona_centro': 1.0}"
BENALÚA DL,22,2026-04-29 22:00:00,ZONA_CENTRO,noche,44.73,43.697,0.9769,0.85,-2.31,🟢 NORMAL,47.46,40.641,"{'factor_cruceros': 1.0, 'factor_eventos': 1.0, 'factor_fin_de_semana': 1.0, 'factor_franja_noche': 1.02, 'factor_global': 1.0, 'factor_movilidad_ciudad': 1.0, 'factor_obras_construccion': 1.0, 'factor_ocupacion_hotelera': 0.8, 'factor_zona_centro': 1.0}"
BENALÚA DL,23,2026-04-29 23:00:00,ZONA_CENTRO,noche,22.753,22.227,0.9769,0.85,-2.31,🟢 NORMAL,36.914,31.61,"{'factor_cruceros': 1.0, 'factor_eventos': 1.0, 'factor_fin_de_semana': 1.0, 'factor_franja_noche': 1.02, 'factor_global': 1.0, 'factor_movilidad_ciudad': 1.0, 'factor_obras_construccion': 1.0, 'factor_ocupacion_hotelera': 0.8, 'factor_zona_centro': 1.0}"
Bº GRANADA 1,0,2026-04-29 00:00:00,ZONA_NORTE,noche,21.721,21.749,1.0013,0.85,0.13,🟢 NORMAL,16.676,7.071,"{'factor_eventos': 1.0, 'factor_fin_de_semana': 1.0, 'factor_franja_noche': 1.02, 'factor_global': 1.0, 'factor_movilidad_ciudad': 1.0, 'factor_obras_construccion': 1.0, 'factor_zona_norte': 1.0}"
Bº GRANADA 1,1,2026-04-29 01:00:00,ZONA_NORTE,noche,27.665,27.7,1.0013,0.85,0.13,🟢 NORMAL,26.565,6.92,"{'factor_eventos': 1.0, 'factor_fin_de_semana': 1.0, 'factor_franja_noche': 1.02, 'factor_global': 1.0, 'factor_movilidad_ciudad': 1.0, 'factor_obras_construccion': 1.0, 'factor_zona_norte': 1.0}"
Bº GRANADA 1,2,2026-04-29 02:00:00,ZONA_NORTE,noche,27.665,27.7,1.0013,0.85,0.13,🟢 NORMAL,27.385,7.75,"{'factor_eventos': 1.0, 'factor_fin_de_semana': 1.0, 'factor_franja_noche': 1.02, 'factor_global': 1.0, 'factor_movilidad_ciudad': 1.0, 'factor_obras_construccion': 1.0, 'factor_zona_norte': 1.0}"
Bº GRANADA 1,3,2026-04-29 03:00:00,ZONA_NORTE,noche,27.665,27.7,1.0013,0.85,0.13,🟢 NORMAL,26.98,6.435,"{'factor_eventos': 1.0, 'factor_fin_de_semana': 1.0, 'factor_franja_noche': 1.02, 'factor_global': 1.0, 'factor_movilidad_ciudad': 1.0, 'factor_obras_construccion': 1.0, 'factor_zona_norte': 1.0}"
Bº GRANADA 1,4,2026-04-29 04:00:00,ZONA_NORTE,noche,31.719,31.759,1.0013,0.85,0.13,🟢 NORMAL,24.545,5.95,"{'factor_eventos': 1.0, 'factor_fin_de_semana': 1.0, 'factor_franja_noche': 1.02, 'factor_global': 1.0, 'factor_movilidad_ciudad': 1.0, 'factor_obras_construccion': 1.0, 'factor_zona_norte': 1.0}"
Bº GRANADA 1,5,2026-04-29 05:00:00,ZONA_NORTE,noche,36.011,36.056,1.0013,0.85,0.13,🟢 NORMAL,23.62,5.75,"{'factor_eventos': 1.0, 'factor_fin_de_semana': 1.0, 'factor_franja_noche': 1.02, 'factor_global': 1.0, 'factor_movilidad_ciudad': 1.0, 'factor_obras_construccion': 1.0, 'factor_zona_norte': 1.0}"
Bº GRANADA 1,6,2026-04-29 06:00:00,ZONA_NORTE,manana,33.364,33.364,1.0,0.85,0.0,🟢 NORMAL,25.055,6.4,"{'factor_eventos': 1.0, 'factor_fin_de_semana': 1.0, 'factor_franja_manana': 1.0, 'factor_global': 1.0, 'factor_movilidad_ciudad': 1.0, 'factor_obras_construccion': 1.0, 'factor_zona_norte': 1.0}"
Bº GRANADA 1,7,2026-04-29 07:00:00,ZONA_NORTE,manana,32.561,32.561,1.0,0.85,0.0,🟢 NORMAL,22.65,6.132,"{'factor_eventos': 1.0, 'factor_fin_de_semana': 1.0, 'factor_franja_manana': 1.0, 'factor_global': 1.0, 'factor_movilidad_ciudad': 1.0, 'factor_obras_construccion': 1.0, 'factor_zona_norte': 1.0}"
Bº GRANADA 1,8,2026-04-29 08:00:00,ZONA_NORTE,manana,33.364,33.364,1.0,0.85,0.0,🟢 NORMAL,25.525,7.175,"{'factor_eventos': 1.0, 'factor_fin_de_semana': 1.0, 'factor_franja_manana': 1.0, 'factor_global': 1.0, 'factor_movilidad_ciudad': 1.0, 'factor_obras_construccion': 1.0, 'factor_zona_norte': 1.0}"
Bº GRANADA 1,9,2026-04-29 09:00:00,ZONA_NORTE,manana,29.309,29.309,1.0,0.85,0.0,🟢 NORMAL,28.53,8.568,"{'factor_eventos': 1.0, 'factor_fin_de_semana': 1.0, 'factor_franja_manana': 1.0, 'factor_global': 1.0, 'factor_movilidad_ciudad': 1.0, 'factor_obras_construccion': 1.0, 'factor_zona_norte': 1.0}"
Bº GRANADA 1,10,2026-04-29 10:00:00,ZONA_NORTE,manana,0.1,0.1,1.0,0.85,0.0,🟢 NORMAL,28.16,9.55,"{'factor_eventos': 1.0, 'factor_fin_de_semana': 1.0, 'factor_franja_manana': 1.0, 'factor_global': 1.0, 'factor_movilidad_ciudad': 1.0, 'factor_obras_construccion': 1.0, 'factor_zona_norte': 1.0}"
Bº GRANADA 1,11,2026-04-29 11:00:00,ZONA_NORTE,manana,27.466,27.466,1.0,0.85,0.0,🟢 NORMAL,27.13,8.45,"{'factor_eventos': 1.0, 'factor_fin_de_semana': 1.0, 'factor_franja_manana': 1.0, 'factor_global': 1.0, 'factor_movilidad_ciudad': 1.0, 'factor_obras_construccion': 1.0, 'factor_zona_norte': 1.0}"
Bº GRANADA 1,12,2026-04-29 12:00:00,ZONA_NORTE,manana,26.208,26.208,1.0,0.85,0.0,🟢 NORMAL,29.015,8.4,"{'factor_eventos': 1.0, 'factor_fin_de_semana': 1.0, 'factor_franja_manana': 1.0, 'factor_global': 1.0, 'factor_movilidad_ciudad': 1.0, 'factor_obras_construccion': 1.0, 'factor_zona_norte': 1.0}"
Bº GRANADA 1,13,2026-04-29 13:00:00,ZONA_NORTE,manana,26.956,26.956,1.0,0.85,0.0,🟢 NORMAL,26.683,11.314,"{'factor_eventos': 1.0, 'factor_fin_de_semana': 1.0, 'factor_franja_manana': 1.0, 'factor_global': 1.0, 'factor_movilidad_ciudad': 1.0, 'factor_obras_construccion': 1.0, 'factor_zona_norte': 1.0}"
Bº GRANADA 1,14,2026-04-29 14:00:00,ZONA_NORTE,tarde,19.207,19.242,1.0018,0.85,0.18,🟢 NORMAL,33.353,14.142,"{'factor_calor_acumulado': 1.0, 'factor_eventos': 1.0, 'factor_fin_de_semana': 1.0, 'factor_franja_tarde': 1.02, 'factor_global': 1.0, 'factor_movilidad_ciudad': 1.0, 'factor_obras_construccion': 1.0, 'factor_zona_norte': 1.0}"
Bº GRANADA 1,15,2026-04-29 15:00:00,ZONA_NORTE,tarde,16.061,16.09,1.0018,0.85,0.18,🟢 NORMAL,30.018,12.727,"{'factor_calor_acumulado': 1.0, 'factor_eventos': 1.0, 'factor_fin_de_semana': 1.0, 'factor_franja_tarde': 1.02, 'factor_global': 1.0, 'factor_movilidad_ciudad': 1.0, 'factor_obras_construccion': 1.0, 'factor_zona_norte': 1.0}"
Bº GRANADA 1,16,2026-04-29 16:00:00,ZONA_NORTE,tarde,28.013,28.064,1.0018,0.85,0.18,🟢 NORMAL,23.348,9.899,"{'factor_calor_acumulado': 1.0, 'factor_eventos': 1.0, 'factor_fin_de_semana': 1.0, 'factor_franja_tarde': 1.02, 'factor_global': 1.0, 'factor_movilidad_ciudad': 1.0, 'factor_obras_construccion': 1.0, 'factor_zona_norte': 1.0}"
Bº GRANADA 1,17,2026-04-29 17:00:00,ZONA_NORTE,tarde,31.265,31.322,1.0018,0.85,0.18,🟢 NORMAL,20.012,8.485,"{'factor_calor_acumulado': 1.0, 'factor_eventos': 1.0, 'factor_fin_de_semana': 1.0, 'factor_franja_tarde': 1.02, 'factor_global': 1.0, 'factor_movilidad_ciudad': 1.0, 'factor_obras_construccion': 1.0, 'factor_zona_norte': 1.0}"
Bº GRANADA 1,18,2026-04-29 18:00:00,ZONA_NORTE,tarde,28.013,28.064,1.0018,0.85,0.18,🟢 NORMAL,23.348,9.899,"{'factor_calor_acumulado': 1.0, 'factor_eventos': 1.0, 'factor_fin_de_semana': 1.0, 'factor_franja_tarde': 1.02, 'factor_global': 1.0, 'factor_movilidad_ciudad': 1.0, 'factor_obras_construccion': 1.0, 'factor_zona_norte': 1.0}"
Bº GRANADA 1,19,2026-04-29 19:00:00,ZONA_NORTE,tarde,16.061,16.09,1.0018,0.85,0.18,🟢 NORMAL,30.018,12.727,"{'factor_calor_acumulado': 1.0, 'factor_eventos': 1.0, 'factor_fin_de_semana': 1.0, 'factor_franja_tarde': 1.02, 'factor_global': 1.0, 'factor_movilidad_ciudad': 1.0, 'factor_obras_construccion': 1.0, 'factor_zona_norte': 1.0}"
Bº GRANADA 1,20,2026-04-29 20:00:00,ZONA_NORTE,tarde,0.415,0.416,1.0018,0.85,0.18,🟢 NORMAL,36.688,15.556,"{'factor_calor_acumulado': 1.0, 'factor_eventos': 1.0, 'factor_fin_de_semana': 1.0, 'factor_franja_tarde': 1.02, 'factor_global': 1.0, 'factor_movilidad_ciudad': 1.0, 'factor_obras_construccion': 1.0, 'factor_zona_norte': 1.0}"
Bº GRANADA 1,21,2026-04-29 21:00:00,ZONA_NORTE,tarde,688.868,690.123,1.0018,0.85,0.18,🟢 NORMAL,40.024,16.97,"{'factor_calor_acumulado': 1.0, 'factor_eventos': 1.0, 'factor_fin_de_semana': 1.0, 'factor_franja_tarde': 1.02, 'factor_global': 1.0, 'factor_movilidad_ciudad': 1.0, 'factor_obras_construccion': 1.0, 'factor_zona_norte': 1.0}"
Bº GRANADA 1,22,2026-04-29 22:00:00,ZONA_NORTE,noche,15.554,15.573,1.0013,0.85,0.13,🟢 NORMAL,30.018,12.727,"{'factor_eventos': 1.0, 'factor_fin_de_semana': 1.0, 'factor_franja_noche': 1.02, 'factor_global': 1.0, 'factor_movilidad_ciudad': 1.0, 'factor_obras_construccion': 1.0, 'factor_zona_norte': 1.0}"
Bº GRANADA 1,23,2026-04-29 23:00:00,ZONA_NORTE,noche,28.428,28.464,1.0013,0.85,0.13,🟢 NORMAL,23.348,9.899,"{'factor_eventos': 1.0, 'factor_fin_de_semana': 1.0, 'factor_franja_noche': 1.02, 'factor_global': 1.0, 'factor_movilidad_ciudad': 1.0, 'factor_obras_construccion': 1.0, 'factor_zona_norte': 1.0}"
Bº LOS ÁNGELES,0,2026-04-29 00:00:00,ZONA_NORTE,noche,26.003,26.035,1.0013,0.85,0.13,🟢 NORMAL,15.159,9.984,"{'factor_eventos': 1.0, 'factor_fin_de_semana': 1.0, 'factor_franja_noche': 1.02, 'factor_global': 1.0, 'factor_movilidad_ciudad': 1.0, 'factor_obras_construccion': 1.0, 'factor_zona_norte': 1.0}"
Bº LOS ÁNGELES,1,2026-04-29 01:00:00,ZONA_NORTE,noche,0.1,0.1,1.0013,0.85,0.13,🟢 NORMAL,34.582,25.831,"{'factor_eventos': 1.0, 'factor_fin_de_semana': 1.0, 'factor_franja_noche': 1.02, 'factor_global': 1.0, 'factor_movilidad_ciudad': 1.0, 'factor_obras_construccion': 1.0, 'factor_zona_norte': 1.0}"
Bº LOS ÁNGELES,2,2026-04-29 02:00:00,ZONA_NORTE,noche,0.1,0.1,1.0013,0.85,0.13,🟢 NORMAL,30.579,24.899,"{'factor_eventos': 1.0, 'factor_fin_de_semana': 1.0, 'factor_franja_noche': 1.02, 'factor_global': 1.0, 'factor_movilidad_ciudad': 1.0, 'factor_obras_construccion': 1.0, 'factor_zona_norte': 1.0}"
Bº LOS ÁNGELES,3,2026-04-29 03:00:00,ZONA_NORTE,noche,0.1,0.1,1.0013,0.85,0.13,🟢 NORMAL,29.099,24.491,"{'factor_eventos': 1.0, 'factor_fin_de_semana': 1.0, 'factor_franja_noche': 1.02, 'factor_global': 1.0, 'factor_movilidad_ciudad': 1.0, 'factor_obras_construccion': 1.0, 'factor_zona_norte': 1.0}"
Bº LOS ÁNGELES,4,2026-04-29 04:00:00,ZONA_NORTE,noche,6.721,6.729,1.0013,0.85,0.13,🟢 NORMAL,26.757,22.41,"{'factor_eventos': 1.0, 'factor_fin_de_semana': 1.0, 'factor_franja_noche': 1.02, 'factor_global': 1.0, 'factor_movilidad_ciudad': 1.0, 'factor_obras_construccion': 1.0, 'factor_zona_norte': 1.0}"
Bº LOS ÁNGELES,5,2026-04-29 05:00:00,ZONA_NORTE,noche,49.29,49.352,1.0013,0.85,0.13,🟢 NORMAL,23.414,19.772,"{'factor_eventos': 1.0, 'factor_fin_de_semana': 1.0, 'factor_franja_noche': 1.02, 'factor_global': 1.0, 'factor_movilidad_ciudad': 1.0, 'factor_obras_construccion': 1.0, 'factor_zona_norte': 1.0}"
Bº LOS ÁNGELES,6,2026-04-29 06:00:00,ZONA_NORTE,manana,16.885,16.885,1.0,0.85,0.0,🟢 NORMAL,25.975,21.084,"{'factor_eventos': 1.0, 'factor_fin_de_semana': 1.0, 'factor_franja_manana': 1.0, 'factor_global': 1.0, 'factor_movilidad_ciudad': 1.0, 'factor_obras_construccion': 1.0, 'factor_zona_norte': 1.0}"
Bº LOS ÁNGELES,7,2026-04-29 07:00:00,ZONA_NORTE,manana,0.1,0.1,1.0,0.85,0.0,🟢 NORMAL,29.614,23.369,"{'factor_eventos': 1.0, 'factor_fin_de_semana': 1.0, 'factor_franja_manana': 1.0, 'factor_global': 1.0, 'factor_movilidad_ciudad': 1.0, 'factor_obras_construccion': 1.0, 'factor_zona_norte': 1.0}"
Bº LOS ÁNGELES,8,2026-04-29 08:00:00,ZONA_NORTE,manana,23.943,23.943,1.0,0.85,0.0,🟢 NORMAL,39.371,27.646,"{'factor_eventos': 1.0, 'factor_fin_de_semana': 1.0, 'factor_franja_manana': 1.0, 'factor_global': 1.0, 'factor_movilidad_ciudad': 1.0, 'factor_obras_construccion': 1.0, 'factor_zona_norte': 1.0}"
Bº LOS ÁNGELES,9,2026-04-29 09:00:00,ZONA_NORTE,manana,44.118,44.118,1.0,0.85,0.0,🟢 NORMAL,43.644,35.563,"{'factor_eventos': 1.0, 'factor_fin_de_semana': 1.0, 'factor_franja_manana': 1.0, 'factor_global': 1.0, 'factor_movilidad_ciudad': 1.0, 'factor_obras_construccion': 1.0, 'factor_zona_norte': 1.0}"
Bº LOS ÁNGELES,10,2026-04-29 10:00:00,ZONA_NORTE,manana,0.1,0.1,1.0,0.85,0.0,🟢 NORMAL,43.272,38.951,"{'factor_eventos': 1.0, 'factor_fin_de_semana': 1.0, 'factor_franja_manana': 1.0, 'factor_global': 1.0, 'factor_movilidad_ciudad': 1.0, 'factor_obras_construccion': 1.0, 'factor_zona_norte': 1.0}"
Bº LOS ÁNGELES,11,2026-04-29 11:00:00,ZONA_NORTE,manana,39.517,39.517,1.0,0.85,0.0,🟢 NORMAL,42.601,35.034,"{'factor_eventos': 1.0, 'factor_fin_de_semana': 1.0, 'factor_franja_manana': 1.0, 'factor_global': 1.0, 'factor_movilidad_ciudad': 1.0, 'factor_obras_construccion': 1.0, 'factor_zona_norte': 1.0}"
Bº LOS ÁNGELES,12,2026-04-29 12:00:00,ZONA_NORTE,manana,23.283,23.283,1.0,0.85,0.0,🟢 NORMAL,39.188,30.302,"{'factor_eventos': 1.0, 'factor_fin_de_semana': 1.0, 'factor_franja_manana': 1.0, 'factor_global': 1.0, 'factor_movilidad_ciudad': 1.0, 'factor_obras_construccion': 1.0, 'factor_zona_norte': 1.0}"
Bº LOS ÁNGELES,13,2026-04-29 13:00:00,ZONA_NORTE,manana,22.42,22.42,1.0,0.85,0.0,🟢 NORMAL,24.255,15.973,"{'factor_eventos': 1.0, 'factor_fin_de_semana': 1.0, 'factor_franja_manana': 1.0, 'factor_global': 1.0, 'factor_movilidad_ciudad': 1.0, 'factor_obras_construccion': 1.0, 'factor_zona_norte': 1.0}"
Bº LOS ÁNGELES,14,2026-04-29 14:00:00,ZONA_NORTE,tarde,1.712,1.715,1.0018,0.85,0.18,🟢 NORMAL,30.319,19.967,"{'factor_calor_acumulado': 1.0, 'factor_eventos': 1.0, 'factor_fin_de_semana': 1.0, 'factor_franja_tarde': 1.02, 'factor_global': 1.0, 'factor_movilidad_ciudad': 1.0, 'factor_obras_construccion': 1.0, 'factor_zona_norte': 1.0}"
Bº LOS ÁNGELES,15,2026-04-29 15:00:00,ZONA_NORTE,tarde,19.992,20.028,1.0018,0.85,0.18,🟢 NORMAL,27.287,17.97,"{'factor_calor_acumulado': 1.0, 'factor_eventos': 1.0, 'factor_fin_de_semana': 1.0, 'factor_franja_tarde': 1.02, 'factor_global': 1.0, 'factor_movilidad_ciudad': 1.0, 'factor_obras_construccion': 1.0, 'factor_zona_norte': 1.0}"
Bº LOS ÁNGELES,16,2026-04-29 16:00:00,ZONA_NORTE,tarde,28.013,28.064,1.0018,0.85,0.18,🟢 NORMAL,21.223,13.977,"{'factor_calor_acumulado': 1.0, 'factor_eventos': 1.0, 'factor_fin_de_semana': 1.0, 'factor_franja_tarde': 1.02, 'factor_global': 1.0, 'factor_movilidad_ciudad': 1.0, 'factor_obras_construccion': 1.0, 'factor_zona_norte': 1.0}"
Bº LOS ÁNGELES,17,2026-04-29 17:00:00,ZONA_NORTE,tarde,32.067,32.126,1.0018,0.85,0.18,🟢 NORMAL,18.191,11.98,"{'factor_calor_acumulado': 1.0, 'factor_eventos': 1.0, 'factor_fin_de_semana': 1.0, 'factor_franja_tarde': 1.02, 'factor_global': 1.0, 'factor_movilidad_ciudad': 1.0, 'factor_obras_construccion': 1.0, 'factor_zona_norte': 1.0}"
Bº LOS ÁNGELES,18,2026-04-29 18:00:00,ZONA_NORTE,tarde,28.013,28.064,1.0018,0.85,0.18,🟢 NORMAL,21.223,13.977,"{'factor_calor_acumulado': 1.0, 'factor_eventos': 1.0, 'factor_fin_de_semana': 1.0, 'factor_franja_tarde': 1.02, 'factor_global': 1.0, 'factor_movilidad_ciudad': 1.0, 'factor_obras_construccion': 1.0, 'factor_zona_norte': 1.0}"
Bº LOS ÁNGELES,19,2026-04-29 19:00:00,ZONA_NORTE,tarde,19.992,20.028,1.0018,0.85,0.18,🟢 NORMAL,27.287,17.97,"{'factor_calor_acumulado': 1.0, 'factor_eventos': 1.0, 'factor_fin_de_semana': 1.0, 'factor_franja_tarde': 1.02, 'factor_global': 1.0, 'factor_movilidad_ciudad': 1.0, 'factor_obras_construccion': 1.0, 'factor_zona_norte': 1.0}"
Bº LOS ÁNGELES,20,2026-04-29 20:00:00,ZONA_NORTE,tarde,0.1,0.1,1.0018,0.85,0.18,🟢 NORMAL,33.351,21.963,"{'factor_calor_acumulado': 1.0, 'factor_eventos': 1.0, 'factor_fin_de_semana': 1.0, 'factor_franja_tarde': 1.02, 'factor_global': 1.0, 'factor_movilidad_ciudad': 1.0, 'factor_obras_construccion': 1.0, 'factor_zona_norte': 1.0}"
Bº LOS ÁNGELES,21,2026-04-29 21:00:00,ZONA_NORTE,tarde,855.843,857.402,1.0018,0.85,0.18,🟢 NORMAL,36.382,23.96,"{'factor_calor_acumulado': 1.0, 'factor_eventos': 1.0, 'factor_fin_de_semana': 1.0, 'factor_franja_tarde': 1.02, 'factor_global': 1.0, 'factor_movilidad_ciudad': 1.0, 'factor_obras_construccion': 1.0, 'factor_zona_norte': 1.0}"
Bº LOS ÁNGELES,22,2026-04-29 22:00:00,ZONA_NORTE,noche,19.485,19.51,1.0013,0.85,0.13,🟢 NORMAL,27.287,17.97,"{'factor_eventos': 1.0, 'factor_fin_de_semana': 1.0, 'factor_franja_noche': 1.02, 'factor_global': 1.0, 'factor_movilidad_ciudad': 1.0, 'factor_obras_construccion': 1.0, 'factor_zona_norte': 1.0}"
Bº LOS ÁNGELES,23,2026-04-29 23:00:00,ZONA_NORTE,noche,28.428,28.464,1.0013,0.85,0.13,🟢 NORMAL,21.223,13.977,"{'factor_eventos': 1.0, 'factor_fin_de_semana': 1.0, 'factor_franja_noche': 1.02, 'factor_global': 1.0, 'factor_movilidad_ciudad': 1.0, 'factor_obras_construccion': 1.0, 'factor_zona_norte': 1.0}"
CABO HUERTAS - PLAYA,0,2026-04-29 00:00:00,PLAYA_SAN_JUAN,noche,76.316,74.89,0.9813,0.85,-1.87,🟢 NORMAL,95.135,67.38,"{'factor_calor_acumulado': 1.0, 'factor_fin_de_semana': 1.0, 'factor_franja_noche': 1.02, 'factor_global': 1.0, 'factor_ocupacion_hotelera': 0.8, 'factor_playa_san_juan': 1.0, 'factor_vacaciones_escolares': 1.0, 'factor_vuelos_turismo': 1.0}"
CABO HUERTAS - PLAYA,1,2026-04-29 01:00:00,PLAYA_SAN_JUAN,noche,35.962,35.29,0.9813,0.85,-1.87,🟢 NORMAL,48.09,22.7,"{'factor_calor_acumulado': 1.0, 'factor_fin_de_semana': 1.0, 'factor_franja_noche': 1.02, 'factor_global': 1.0, 'factor_ocupacion_hotelera': 0.8, 'factor_playa_san_juan': 1.0, 'factor_vacaciones_escolares': 1.0, 'factor_vuelos_turismo': 1.0}"
CABO HUERTAS - PLAYA,2,2026-04-29 02:00:00,PLAYA_SAN_JUAN,noche,40.419,39.663,0.9813,0.85,-1.87,🟢 NORMAL,44.695,22.555,"{'factor_calor_acumulado': 1.0, 'factor_fin_de_semana': 1.0, 'factor_franja_noche': 1.02, 'factor_global': 1.0, 'factor_ocupacion_hotelera': 0.8, 'factor_playa_san_juan': 1.0, 'factor_vacaciones_escolares': 1.0, 'factor_vuelos_turismo': 1.0}"
CABO HUERTAS - PLAYA,3,2026-04-29 03:00:00,PLAYA_SAN_JUAN,noche,37.892,37.184,0.9813,0.85,-1.87,🟢 NORMAL,44.55,20.748,"{'factor_calor_acumulado': 1.0, 'factor_fin_de_semana': 1.0, 'factor_franja_noche': 1.02, 'factor_global': 1.0, 'factor_ocupacion_hotelera': 0.8, 'factor_playa_san_juan': 1.0, 'factor_vacaciones_escolares': 1.0, 'factor_vuelos_turismo': 1.0}"
CABO HUERTAS - PLAYA,4,2026-04-29 04:00:00,PLAYA_SAN_JUAN,noche,0.1,0.098,0.9813,0.85,-1.87,🟢 NORMAL,40.015,18.65,"{'factor_calor_acumulado': 1.0, 'factor_fin_de_semana': 1.0, 'factor_franja_noche': 1.02, 'factor_global': 1.0, 'factor_ocupacion_hotelera': 0.8, 'factor_playa_san_juan': 1.0, 'factor_vacaciones_escolares': 1.0, 'factor_vuelos_turismo': 1.0}"
CABO HUERTAS - PLAYA,5,2026-04-29 05:00:00,PLAYA_SAN_JUAN,noche,0.1,0.098,0.9813,0.85,-1.87,🟢 NORMAL,42.18,15.9,"{'factor_calor_acumulado': 1.0, 'factor_fin_de_semana': 1.0, 'factor_franja_noche': 1.02, 'factor_global': 1.0, 'factor_ocupacion_hotelera': 0.8, 'factor_playa_san_juan': 1.0, 'factor_vacaciones_escolares': 1.0, 'factor_vuelos_turismo': 1.0}"
CABO HUERTAS - PLAYA,6,2026-04-29 06:00:00,PLAYA_SAN_JUAN,manana,16.204,15.822,0.9764,0.85,-2.36,🟢 NORMAL,31.255,14.798,"{'factor_calor_acumulado': 1.0, 'factor_fin_de_semana': 1.0, 'factor_franja_manana': 1.0, 'factor_global': 1.0, 'factor_ocupacion_hotelera': 0.8, 'factor_playa_san_juan': 1.0, 'factor_vacaciones_escolares': 1.0, 'factor_vuelos_turismo': 1.0}"
CABO HUERTAS - PLAYA,7,2026-04-29 07:00:00,PLAYA_SAN_JUAN,manana,149.335,145.809,0.9764,0.85,-2.36,🟢 NORMAL,34.435,16.4,"{'factor_calor_acumulado': 1.0, 'factor_fin_de_semana': 1.0, 'factor_franja_manana': 1.0, 'factor_global': 1.0, 'factor_ocupacion_hotelera': 0.8, 'factor_playa_san_juan': 1.0, 'factor_vacaciones_escolares': 1.0, 'factor_vuelos_turismo': 1.0}"
CABO HUERTAS - PLAYA,8,2026-04-29 08:00:00,PLAYA_SAN_JUAN,manana,16.337,15.952,0.9764,0.85,-2.36,🟢 NORMAL,41.51,21.395,"{'factor_calor_acumulado': 1.0, 'factor_fin_de_semana': 1.0, 'factor_franja_manana': 1.0, 'factor_global': 1.0, 'factor_ocupacion_hotelera': 0.8, 'factor_playa_san_juan': 1.0, 'factor_vacaciones_escolares': 1.0, 'factor_vuelos_turismo': 1.0}"
CABO HUERTAS - PLAYA,9,2026-04-29 09:00:00,PLAYA_SAN_JUAN,manana,37.114,36.238,0.9764,0.85,-2.36,🟢 NORMAL,48.875,24.7,"{'factor_calor_acumulado': 1.0, 'factor_fin_de_semana': 1.0, 'factor_franja_manana': 1.0, 'factor_global': 1.0, 'factor_ocupacion_hotelera': 0.8, 'factor_playa_san_juan': 1.0, 'factor_vacaciones_escolares': 1.0, 'factor_vuelos_turismo': 1.0}"
CABO HUERTAS - PLAYA,10,2026-04-29 10:00:00,PLAYA_SAN_JUAN,manana,0.1,0.098,0.9764,0.85,-2.36,🟢 NORMAL,47.8,25.712,"{'factor_calor_acumulado': 1.0, 'factor_fin_de_semana': 1.0, 'factor_franja_manana': 1.0, 'factor_global': 1.0, 'factor_ocupacion_hotelera': 0.8, 'factor_playa_san_juan': 1.0, 'factor_vacaciones_escolares': 1.0, 'factor_vuelos_turismo': 1.0}"
CABO HUERTAS - PLAYA,11,2026-04-29 11:00:00,PLAYA_SAN_JUAN,manana,23.283,22.733,0.9764,0.85,-2.36,🟢 NORMAL,46.15,25.975,"{'factor_calor_acumulado': 1.0, 'factor_fin_de_semana': 1.0, 'factor_franja_manana': 1.0, 'factor_global': 1.0, 'factor_ocupacion_hotelera': 0.8, 'factor_playa_san_juan': 1.0, 'factor_vacaciones_escolares': 1.0, 'factor_vuelos_turismo': 1.0}"
CABO HUERTAS - PLAYA,12,2026-04-29 12:00:00,PLAYA_SAN_JUAN,manana,23.266,22.717,0.9764,0.85,-2.36,🟢 NORMAL,43.99,25.08,"{'factor_calor_acumulado': 1.0, 'factor_fin_de_semana': 1.0, 'factor_franja_manana': 1.0, 'factor_global': 1.0, 'factor_ocupacion_hotelera': 0.8, 'factor_playa_san_juan': 1.0, 'factor_vacaciones_escolares': 1.0, 'factor_vuelos_turismo': 1.0}"
CABO HUERTAS - PLAYA,13,2026-04-29 13:00:00,PLAYA_SAN_JUAN,manana,130.409,127.329,0.9764,0.85,-2.36,🟢 NORMAL,152.216,107.808,"{'factor_calor_acumulado': 1.0, 'factor_fin_de_semana': 1.0, 'factor_franja_manana': 1.0, 'factor_global': 1.0, 'factor_ocupacion_hotelera': 0.8, 'factor_playa_san_juan': 1.0, 'factor_vacaciones_escolares': 1.0, 'factor_vuelos_turismo': 1.0}"
CABO HUERTAS - PLAYA,14,2026-04-29 14:00:00,PLAYA_SAN_JUAN,tarde,158.902,156.181,0.9829,0.85,-1.71,🟢 NORMAL,190.27,134.759,"{'factor_calor_acumulado': 1.0, 'factor_fin_de_semana': 1.0, 'factor_franja_tarde': 1.02, 'factor_global': 1.0, 'factor_ocupacion_hotelera': 0.8, 'factor_playa_san_juan': 1.0, 'factor_vacaciones_escolares': 1.0, 'factor_vuelos_turismo': 1.0}"
CABO HUERTAS - PLAYA,15,2026-04-29 15:00:00,PLAYA_SAN_JUAN,tarde,149.109,146.555,0.9829,0.85,-1.71,🟢 NORMAL,171.243,121.284,"{'factor_calor_acumulado': 1.0, 'factor_fin_de_semana': 1.0, 'factor_franja_tarde': 1.02, 'factor_global': 1.0, 'factor_ocupacion_hotelera': 0.8, 'factor_playa_san_juan': 1.0, 'factor_vacaciones_escolares': 1.0, 'factor_vuelos_turismo': 1.0}"
CABO HUERTAS - PLAYA,16,2026-04-29 16:00:00,PLAYA_SAN_JUAN,tarde,116.118,114.129,0.9829,0.85,-1.71,🟢 NORMAL,133.189,94.332,"{'factor_calor_acumulado': 1.0, 'factor_fin_de_semana': 1.0, 'factor_franja_tarde': 1.02, 'factor_global': 1.0, 'factor_ocupacion_hotelera': 0.8, 'factor_playa_san_juan': 1.0, 'factor_vacaciones_escolares': 1.0, 'factor_vuelos_turismo': 1.0}"
CABO HUERTAS - PLAYA,17,2026-04-29 17:00:00,PLAYA_SAN_JUAN,tarde,95.117,93.489,0.9829,0.85,-1.71,🟢 NORMAL,114.162,80.856,"{'factor_calor_acumulado': 1.0, 'factor_fin_de_semana': 1.0, 'factor_franja_tarde': 1.02, 'factor_global': 1.0, 'factor_ocupacion_hotelera': 0.8, 'factor_playa_san_juan': 1.0, 'factor_vacaciones_escolares': 1.0, 'factor_vuelos_turismo': 1.0}"
CABO HUERTAS - PLAYA,18,2026-04-29 18:00:00,PLAYA_SAN_JUAN,tarde,116.118,114.129,0.9829,0.85,-1.71,🟢 NORMAL,133.189,94.332,"{'factor_calor_acumulado': 1.0, 'factor_fin_de_semana': 1.0, 'factor_franja_tarde': 1.02, 'factor_global': 1.0, 'factor_ocupacion_hotelera': 0.8, 'factor_playa_san_juan': 1.0, 'factor_vacaciones_escolares': 1.0, 'factor_vuelos_turismo': 1.0}"
CABO HUERTAS - PLAYA,19,2026-04-29 19:00:00,PLAYA_SAN_JUAN,tarde,149.109,146.555,0.9829,0.85,-1.71,🟢 NORMAL,171.243,121.284,"{'factor_calor_acumulado': 1.0, 'factor_fin_de_semana': 1.0, 'factor_franja_tarde': 1.02, 'factor_global': 1.0, 'factor_ocupacion_hotelera': 0.8, 'factor_playa_san_juan': 1.0, 'factor_vacaciones_escolares': 1.0, 'factor_vuelos_turismo': 1.0}"
CABO HUERTAS - PLAYA,20,2026-04-29 20:00:00,PLAYA_SAN_JUAN,tarde,169.564,166.661,0.9829,0.85,-1.71,🟢 NORMAL,209.297,148.236,"{'factor_calor_acumulado': 1.0, 'factor_fin_de_semana': 1.0, 'factor_franja_tarde': 1.02, 'factor_global': 1.0, 'factor_ocupacion_hotelera': 0.8, 'factor_playa_san_juan': 1.0, 'factor_vacaciones_escolares': 1.0, 'factor_vuelos_turismo': 1.0}"
CABO HUERTAS - PLAYA,21,2026-04-29 21:00:00,PLAYA_SAN_JUAN,tarde,187.57,184.358,0.9829,0.85,-1.71,🟢 NORMAL,228.324,161.712,"{'factor_calor_acumulado': 1.0, 'factor_fin_de_semana': 1.0, 'factor_franja_tarde': 1.02, 'factor_global': 1.0, 'factor_ocupacion_hotelera': 0.8, 'factor_playa_san_juan': 1.0, 'factor_vacaciones_escolares': 1.0, 'factor_vuelos_turismo': 1.0}"
CABO HUERTAS - PLAYA,22,2026-04-29 22:00:00,PLAYA_SAN_JUAN,noche,147.383,144.629,0.9813,0.85,-1.87,🟢 NORMAL,171.243,121.284,"{'factor_calor_acumulado': 1.0, 'factor_fin_de_semana': 1.0, 'factor_franja_noche': 1.02, 'factor_global': 1.0, 'factor_ocupacion_hotelera': 0.8, 'factor_playa_san_juan': 1.0, 'factor_vacaciones_escolares': 1.0, 'factor_vuelos_turismo': 1.0}"
CABO HUERTAS - PLAYA,23,2026-04-29 23:00:00,PLAYA_SAN_JUAN,noche,114.392,112.254,0.9813,0.85,-1.87,🟢 NORMAL,133.189,94.332,"{'factor_calor_acumulado': 1.0, 'factor_fin_de_semana': 1.0, 'factor_franja_noche': 1.02, 'factor_global': 1.0, 'factor_ocupacion_hotelera': 0.8, 'factor_playa_san_juan': 1.0, 'factor_vacaciones_escolares': 1.0, 'factor_vuelos_turismo': 1.0}"
CENTRO COMERCIAL GRAN VÍA,0,2026-04-29 00:00:00,ZONA_CENTRO,noche,15.414,15.058,0.9769,0.85,-2.31,🟢 NORMAL,3.949,2.85,"{'factor_cruceros': 1.0, 'factor_eventos': 1.0, 'factor_fin_de_semana': 1.0, 'factor_franja_noche': 1.02, 'factor_global': 1.0, 'factor_movilidad_ciudad': 1.0, 'factor_obras_construccion': 1.0, 'factor_ocupacion_hotelera': 0.8, 'factor_zona_centro': 1.0}"
CENTRO COMERCIAL GRAN VÍA,1,2026-04-29 01:00:00,ZONA_CENTRO,noche,16.36,15.982,0.9769,0.85,-2.31,🟢 NORMAL,31.025,19.827,"{'factor_cruceros': 1.0, 'factor_eventos': 1.0, 'factor_fin_de_semana': 1.0, 'factor_franja_noche': 1.02, 'factor_global': 1.0, 'factor_movilidad_ciudad': 1.0, 'factor_obras_construccion': 1.0, 'factor_ocupacion_hotelera': 0.8, 'factor_zona_centro': 1.0}"
CENTRO COMERCIAL GRAN VÍA,2,2026-04-29 02:00:00,ZONA_CENTRO,noche,7.269,7.101,0.9769,0.85,-2.31,🟢 NORMAL,31.49,17.775,"{'factor_cruceros': 1.0, 'factor_eventos': 1.0, 'factor_fin_de_semana': 1.0, 'factor_franja_noche': 1.02, 'factor_global': 1.0, 'factor_movilidad_ciudad': 1.0, 'factor_obras_construccion': 1.0, 'factor_ocupacion_hotelera': 0.8, 'factor_zona_centro': 1.0}"
CENTRO COMERCIAL GRAN VÍA,3,2026-04-29 03:00:00,ZONA_CENTRO,noche,24.286,23.725,0.9769,0.85,-2.31,🟢 NORMAL,25.718,14.798,"{'factor_cruceros': 1.0, 'factor_eventos': 1.0, 'factor_fin_de_semana': 1.0, 'factor_franja_noche': 1.02, 'factor_global': 1.0, 'factor_movilidad_ciudad': 1.0, 'factor_obras_construccion': 1.0, 'factor_ocupacion_hotelera': 0.8, 'factor_zona_centro': 1.0}"
CENTRO COMERCIAL GRAN VÍA,4,2026-04-29 04:00:00,ZONA_CENTRO,noche,27.665,27.026,0.9769,0.85,-2.31,🟢 NORMAL,20.669,12.898,"{'factor_cruceros': 1.0, 'factor_eventos': 1.0, 'factor_fin_de_semana': 1.0, 'factor_franja_noche': 1.02, 'factor_global': 1.0, 'factor_movilidad_ciudad': 1.0, 'factor_obras_construccion': 1.0, 'factor_ocupacion_hotelera': 0.8, 'factor_zona_centro': 1.0}"
CENTRO COMERCIAL GRAN VÍA,5,2026-04-29 05:00:00,ZONA_CENTRO,noche,32.759,32.003,0.9769,0.85,-2.31,🟢 NORMAL,23.075,11.828,"{'factor_cruceros': 1.0, 'factor_eventos': 1.0, 'factor_fin_de_semana': 1.0, 'factor_franja_noche': 1.02, 'factor_global': 1.0, 'factor_movilidad_ciudad': 1.0, 'factor_obras_construccion': 1.0, 'factor_ocupacion_hotelera': 0.8, 'factor_zona_centro': 1.0}"
CENTRO COMERCIAL GRAN VÍA,6,2026-04-29 06:00:00,ZONA_CENTRO,manana,28.051,27.389,0.9764,0.85,-2.36,🟢 NORMAL,23.824,12.255,"{'factor_cruceros': 1.0, 'factor_eventos': 1.0, 'factor_fin_de_semana': 1.0, 'factor_franja_manana': 1.0, 'factor_global': 1.0, 'factor_movilidad_ciudad': 1.0, 'factor_obras_construccion': 1.0, 'factor_ocupacion_hotelera': 0.8, 'factor_zona_centro': 1.0}"
CENTRO COMERCIAL GRAN VÍA,7,2026-04-29 07:00:00,ZONA_CENTRO,manana,12.669,12.37,0.9764,0.85,-2.36,🟢 NORMAL,29.294,14.322,"{'factor_cruceros': 1.0, 'factor_eventos': 1.0, 'factor_fin_de_semana': 1.0, 'factor_franja_manana': 1.0, 'factor_global': 1.0, 'factor_movilidad_ciudad': 1.0, 'factor_obras_construccion': 1.0, 'factor_ocupacion_hotelera': 0.8, 'factor_zona_centro': 1.0}"
CENTRO COMERCIAL GRAN VÍA,8,2026-04-29 08:00:00,ZONA_CENTRO,manana,9.801,9.569,0.9764,0.85,-2.36,🟢 NORMAL,31.699,16.677,"{'factor_cruceros': 1.0, 'factor_eventos': 1.0, 'factor_fin_de_semana': 1.0, 'factor_franja_manana': 1.0, 'factor_global': 1.0, 'factor_movilidad_ciudad': 1.0, 'factor_obras_construccion': 1.0, 'factor_ocupacion_hotelera': 0.8, 'factor_zona_centro': 1.0}"
CENTRO COMERCIAL GRAN VÍA,9,2026-04-29 09:00:00,ZONA_CENTRO,manana,0.1,0.098,0.9764,0.85,-2.36,🟢 NORMAL,32.785,20.495,"{'factor_cruceros': 1.0, 'factor_eventos': 1.0, 'factor_fin_de_semana': 1.0, 'factor_franja_manana': 1.0, 'factor_global': 1.0, 'factor_movilidad_ciudad': 1.0, 'factor_obras_construccion': 1.0, 'factor_ocupacion_hotelera': 0.8, 'factor_zona_centro': 1.0}"
CENTRO COMERCIAL GRAN VÍA,10,2026-04-29 10:00:00,ZONA_CENTRO,manana,0.1,0.098,0.9764,0.85,-2.36,🟢 NORMAL,31.16,22.696,"{'factor_cruceros': 1.0, 'factor_eventos': 1.0, 'factor_fin_de_semana': 1.0, 'factor_franja_manana': 1.0, 'factor_global': 1.0, 'factor_movilidad_ciudad': 1.0, 'factor_obras_construccion': 1.0, 'factor_ocupacion_hotelera': 0.8, 'factor_zona_centro': 1.0}"
CENTRO COMERCIAL GRAN VÍA,11,2026-04-29 11:00:00,ZONA_CENTRO,manana,0.1,0.098,0.9764,0.85,-2.36,🟢 NORMAL,32.681,22.837,"{'factor_cruceros': 1.0, 'factor_eventos': 1.0, 'factor_fin_de_semana': 1.0, 'factor_franja_manana': 1.0, 'factor_global': 1.0, 'factor_movilidad_ciudad': 1.0, 'factor_obras_construccion': 1.0, 'factor_ocupacion_hotelera': 0.8, 'factor_zona_centro': 1.0}"
CENTRO COMERCIAL GRAN VÍA,12,2026-04-29 12:00:00,ZONA_CENTRO,manana,0.1,0.098,0.9764,0.85,-2.36,🟢 NORMAL,29.257,20.497,"{'factor_cruceros': 1.0, 'factor_eventos': 1.0, 'factor_fin_de_semana': 1.0, 'factor_franja_manana': 1.0, 'factor_global': 1.0, 'factor_movilidad_ciudad': 1.0, 'factor_obras_construccion': 1.0, 'factor_ocupacion_hotelera': 0.8, 'factor_zona_centro': 1.0}"
CENTRO COMERCIAL GRAN VÍA,13,2026-04-29 13:00:00,ZONA_CENTRO,manana,25.456,24.855,0.9764,0.85,-2.36,🟢 NORMAL,39.494,28.495,"{'factor_cruceros': 1.0, 'factor_eventos': 1.0, 'factor_fin_de_semana': 1.0, 'factor_franja_manana': 1.0, 'factor_global': 1.0, 'factor_movilidad_ciudad': 1.0, 'factor_obras_construccion': 1.0, 'factor_ocupacion_hotelera': 0.8, 'factor_zona_centro': 1.0}"
CENTRO COMERCIAL GRAN VÍA,14,2026-04-29 14:00:00,ZONA_CENTRO,tarde,40.528,39.834,0.9829,0.85,-1.71,🟢 NORMAL,43.444,31.344,"{'factor_calor_acumulado': 1.0, 'factor_cruceros': 1.0, 'factor_eventos': 1.0, 'factor_fin_de_semana': 1.0, 'factor_franja_tarde': 1.02, 'factor_global': 1.0, 'factor_movilidad_ciudad': 1.0, 'factor_obras_construccion': 1.0, 'factor_ocupacion_hotelera': 0.8, 'factor_zona_centro': 1.0}"
CENTRO COMERCIAL GRAN VÍA,15,2026-04-29 15:00:00,ZONA_CENTRO,tarde,24.479,24.059,0.9829,0.85,-1.71,🟢 NORMAL,39.494,28.495,"{'factor_calor_acumulado': 1.0, 'factor_cruceros': 1.0, 'factor_eventos': 1.0, 'factor_fin_de_semana': 1.0, 'factor_franja_tarde': 1.02, 'factor_global': 1.0, 'factor_movilidad_ciudad': 1.0, 'factor_obras_construccion': 1.0, 'factor_ocupacion_hotelera': 0.8, 'factor_zona_centro': 1.0}"
CENTRO COMERCIAL GRAN VÍA,16,2026-04-29 16:00:00,ZONA_CENTRO,tarde,18.692,18.372,0.9829,0.85,-1.71,🟢 NORMAL,35.544,25.646,"{'factor_calor_acumulado': 1.0, 'factor_cruceros': 1.0, 'factor_eventos': 1.0, 'factor_fin_de_semana': 1.0, 'factor_franja_tarde': 1.02, 'factor_global': 1.0, 'factor_movilidad_ciudad': 1.0, 'factor_obras_construccion': 1.0, 'factor_ocupacion_hotelera': 0.8, 'factor_zona_centro': 1.0}"
CENTRO COMERCIAL GRAN VÍA,17,2026-04-29 17:00:00,ZONA_CENTRO,tarde,18.692,18.372,0.9829,0.85,-1.71,🟢 NORMAL,35.544,25.646,"{'factor_calor_acumulado': 1.0, 'factor_cruceros': 1.0, 'factor_eventos': 1.0, 'factor_fin_de_semana': 1.0, 'factor_franja_tarde': 1.02, 'factor_global': 1.0, 'factor_movilidad_ciudad': 1.0, 'factor_obras_construccion': 1.0, 'factor_ocupacion_hotelera': 0.8, 'factor_zona_centro': 1.0}"
CENTRO COMERCIAL GRAN VÍA,18,2026-04-29 18:00:00,ZONA_CENTRO,tarde,24.479,24.059,0.9829,0.85,-1.71,🟢 NORMAL,39.494,28.495,"{'factor_calor_acumulado': 1.0, 'factor_cruceros': 1.0, 'factor_eventos': 1.0, 'factor_fin_de_semana': 1.0, 'factor_franja_tarde': 1.02, 'factor_global': 1.0, 'factor_movilidad_ciudad': 1.0, 'factor_obras_construccion': 1.0, 'factor_ocupacion_hotelera': 0.8, 'factor_zona_centro': 1.0}"
CENTRO COMERCIAL GRAN VÍA,19,2026-04-29 19:00:00,ZONA_CENTRO,tarde,39.551,38.873,0.9829,0.85,-1.71,🟢 NORMAL,43.444,31.344,"{'factor_calor_acumulado': 1.0, 'factor_cruceros': 1.0, 'factor_eventos': 1.0, 'factor_fin_de_semana': 1.0, 'factor_franja_tarde': 1.02, 'factor_global': 1.0, 'factor_movilidad_ciudad': 1.0, 'factor_obras_construccion': 1.0, 'factor_ocupacion_hotelera': 0.8, 'factor_zona_centro': 1.0}"
CENTRO COMERCIAL GRAN VÍA,20,2026-04-29 20:00:00,ZONA_CENTRO,tarde,14.912,14.656,0.9829,0.85,-1.71,🟢 NORMAL,35.544,25.646,"{'factor_calor_acumulado': 1.0, 'factor_cruceros': 1.0, 'factor_eventos': 1.0, 'factor_fin_de_semana': 1.0, 'factor_franja_tarde': 1.02, 'factor_global': 1.0, 'factor_movilidad_ciudad': 1.0, 'factor_obras_construccion': 1.0, 'factor_ocupacion_hotelera': 0.8, 'factor_zona_centro': 1.0}"
CENTRO COMERCIAL GRAN VÍA,21,2026-04-29 21:00:00,ZONA_CENTRO,tarde,10.851,10.665,0.9829,0.85,-1.71,🟢 NORMAL,23.697,17.097,"{'factor_calor_acumulado': 1.0, 'factor_cruceros': 1.0, 'factor_eventos': 1.0, 'factor_fin_de_semana': 1.0, 'factor_franja_tarde': 1.02, 'factor_global': 1.0, 'factor_movilidad_ciudad': 1.0, 'factor_obras_construccion': 1.0, 'factor_ocupacion_hotelera': 0.8, 'factor_zona_centro': 1.0}"
CENTRO COMERCIAL GRAN VÍA,22,2026-04-29 22:00:00,ZONA_CENTRO,noche,28.428,27.772,0.9769,0.85,-2.31,🟢 NORMAL,19.747,14.247,"{'factor_cruceros': 1.0, 'factor_eventos': 1.0, 'factor_fin_de_semana': 1.0, 'factor_franja_noche': 1.02, 'factor_global': 1.0, 'factor_movilidad_ciudad': 1.0, 'factor_obras_construccion': 1.0, 'factor_ocupacion_hotelera': 0.8, 'factor_zona_centro': 1.0}"
CENTRO COMERCIAL GRAN VÍA,23,2026-04-29 23:00:00,ZONA_CENTRO,noche,17.786,17.375,0.9769,0.85,-2.31,🟢 NORMAL,11.848,8.549,"{'factor_cruceros': 1.0, 'factor_eventos': 1.0, 'factor_fin_de_semana': 1.0, 'factor_franja_noche': 1.02, 'factor_global': 1.0, 'factor_movilidad_ciudad': 1.0, 'factor_obras_construccion': 1.0, 'factor_ocupacion_hotelera': 0.8, 'factor_zona_centro': 1.0}"
CIUDAD DEPORTIVA DL,0,2026-04-29 00:00:00,ZONA_NORTE,noche,55.255,55.325,1.0013,0.85,0.13,🟢 NORMAL,58.127,41.082,"{'factor_eventos': 1.0, 'factor_fin_de_semana': 1.0, 'factor_franja_noche': 1.02, 'factor_global': 1.0, 'factor_movilidad_ciudad': 1.0, 'factor_obras_construccion': 1.0, 'factor_zona_norte': 1.0}"
CIUDAD DEPORTIVA DL,1,2026-04-29 01:00:00,ZONA_NORTE,noche,7.269,7.278,1.0013,0.85,0.13,🟢 NORMAL,28.595,20.185,"{'factor_eventos': 1.0, 'factor_fin_de_semana': 1.0, 'factor_franja_noche': 1.02, 'factor_global': 1.0, 'factor_movilidad_ciudad': 1.0, 'factor_obras_construccion': 1.0, 'factor_zona_norte': 1.0}"
CIUDAD DEPORTIVA DL,2,2026-04-29 02:00:00,ZONA_NORTE,noche,23.905,23.935,1.0013,0.85,0.13,🟢 NORMAL,28.53,19.0,"{'factor_eventos': 1.0, 'factor_fin_de_semana': 1.0, 'factor_franja_noche': 1.02, 'factor_global': 1.0, 'factor_movilidad_ciudad': 1.0, 'factor_obras_construccion': 1.0, 'factor_zona_norte': 1.0}"
CIUDAD DEPORTIVA DL,3,2026-04-29 03:00:00,ZONA_NORTE,noche,19.293,19.317,1.0013,0.85,0.13,🟢 NORMAL,25.23,17.535,"{'factor_eventos': 1.0, 'factor_fin_de_semana': 1.0, 'factor_franja_noche': 1.02, 'factor_global': 1.0, 'factor_movilidad_ciudad': 1.0, 'factor_obras_construccion': 1.0, 'factor_zona_norte': 1.0}"
CIUDAD DEPORTIVA DL,4,2026-04-29 04:00:00,ZONA_NORTE,noche,19.689,19.713,1.0013,0.85,0.13,🟢 NORMAL,25.272,16.678,"{'factor_eventos': 1.0, 'factor_fin_de_semana': 1.0, 'factor_franja_noche': 1.02, 'factor_global': 1.0, 'factor_movilidad_ciudad': 1.0, 'factor_obras_construccion': 1.0, 'factor_zona_norte': 1.0}"
CIUDAD DEPORTIVA DL,5,2026-04-29 05:00:00,ZONA_NORTE,noche,29.246,29.282,1.0013,0.85,0.13,🟢 NORMAL,22.765,14.87,"{'factor_eventos': 1.0, 'factor_fin_de_semana': 1.0, 'factor_franja_noche': 1.02, 'factor_global': 1.0, 'factor_movilidad_ciudad': 1.0, 'factor_obras_construccion': 1.0, 'factor_zona_norte': 1.0}"
CIUDAD DEPORTIVA DL,6,2026-04-29 06:00:00,ZONA_NORTE,manana,22.907,22.907,1.0,0.85,0.0,🟢 NORMAL,24.467,15.35,"{'factor_eventos': 1.0, 'factor_fin_de_semana': 1.0, 'factor_franja_manana': 1.0, 'factor_global': 1.0, 'factor_movilidad_ciudad': 1.0, 'factor_obras_construccion': 1.0, 'factor_zona_norte': 1.0}"
CIUDAD DEPORTIVA DL,7,2026-04-29 07:00:00,ZONA_NORTE,manana,16.885,16.885,1.0,0.85,0.0,🟢 NORMAL,28.85,17.515,"{'factor_eventos': 1.0, 'factor_fin_de_semana': 1.0, 'factor_franja_manana': 1.0, 'factor_global': 1.0, 'factor_movilidad_ciudad': 1.0, 'factor_obras_construccion': 1.0, 'factor_zona_norte': 1.0}"
CIUDAD DEPORTIVA DL,8,2026-04-29 08:00:00,ZONA_NORTE,manana,0.1,0.1,1.0,0.85,0.0,🟢 NORMAL,36.232,18.902,"{'factor_eventos': 1.0, 'factor_fin_de_semana': 1.0, 'factor_franja_manana': 1.0, 'factor_global': 1.0, 'factor_movilidad_ciudad': 1.0, 'factor_obras_construccion': 1.0, 'factor_zona_norte': 1.0}"
CIUDAD DEPORTIVA DL,9,2026-04-29 09:00:00,ZONA_NORTE,manana,17.396,17.396,1.0,0.85,0.0,🟢 NORMAL,36.775,23.5,"{'factor_eventos': 1.0, 'factor_fin_de_semana': 1.0, 'factor_franja_manana': 1.0, 'factor_global': 1.0, 'factor_movilidad_ciudad': 1.0, 'factor_obras_construccion': 1.0, 'factor_zona_norte': 1.0}"
CIUDAD DEPORTIVA DL,10,2026-04-29 10:00:00,ZONA_NORTE,manana,0.1,0.1,1.0,0.85,0.0,🟢 NORMAL,35.075,27.175,"{'factor_eventos': 1.0, 'factor_fin_de_semana': 1.0, 'factor_franja_manana': 1.0, 'factor_global': 1.0, 'factor_movilidad_ciudad': 1.0, 'factor_obras_construccion': 1.0, 'factor_zona_norte': 1.0}"
CIUDAD DEPORTIVA DL,11,2026-04-29 11:00:00,ZONA_NORTE,manana,18.419,18.419,1.0,0.85,0.0,🟢 NORMAL,36.632,25.9,"{'factor_eventos': 1.0, 'factor_fin_de_semana': 1.0, 'factor_franja_manana': 1.0, 'factor_global': 1.0, 'factor_movilidad_ciudad': 1.0, 'factor_obras_construccion': 1.0, 'factor_zona_norte': 1.0}"
CIUDAD DEPORTIVA DL,12,2026-04-29 12:00:00,ZONA_NORTE,manana,0.668,0.668,1.0,0.85,0.0,🟢 NORMAL,30.165,21.535,"{'factor_eventos': 1.0, 'factor_fin_de_semana': 1.0, 'factor_franja_manana': 1.0, 'factor_global': 1.0, 'factor_movilidad_ciudad': 1.0, 'factor_obras_construccion': 1.0, 'factor_zona_norte': 1.0}"
CIUDAD DEPORTIVA DL,13,2026-04-29 13:00:00,ZONA_NORTE,manana,80.671,80.671,1.0,0.85,0.0,🟢 NORMAL,93.004,65.731,"{'factor_eventos': 1.0, 'factor_fin_de_semana': 1.0, 'factor_franja_manana': 1.0, 'factor_global': 1.0, 'factor_movilidad_ciudad': 1.0, 'factor_obras_construccion': 1.0, 'factor_zona_norte': 1.0}"
CIUDAD DEPORTIVA DL,14,2026-04-29 14:00:00,ZONA_NORTE,tarde,95.353,95.526,1.0018,0.85,0.18,🟢 NORMAL,116.255,82.163,"{'factor_calor_acumulado': 1.0, 'factor_eventos': 1.0, 'factor_fin_de_semana': 1.0, 'factor_franja_tarde': 1.02, 'factor_global': 1.0, 'factor_movilidad_ciudad': 1.0, 'factor_obras_construccion': 1.0, 'factor_zona_norte': 1.0}"
CIUDAD DEPORTIVA DL,15,2026-04-29 15:00:00,ZONA_NORTE,tarde,86.387,86.544,1.0018,0.85,0.18,🟢 NORMAL,104.629,73.947,"{'factor_calor_acumulado': 1.0, 'factor_eventos': 1.0, 'factor_fin_de_semana': 1.0, 'factor_franja_tarde': 1.02, 'factor_global': 1.0, 'factor_movilidad_ciudad': 1.0, 'factor_obras_construccion': 1.0, 'factor_zona_norte': 1.0}"
CIUDAD DEPORTIVA DL,16,2026-04-29 16:00:00,ZONA_NORTE,tarde,59.165,59.273,1.0018,0.85,0.18,🟢 NORMAL,81.378,57.514,"{'factor_calor_acumulado': 1.0, 'factor_eventos': 1.0, 'factor_fin_de_semana': 1.0, 'factor_franja_tarde': 1.02, 'factor_global': 1.0, 'factor_movilidad_ciudad': 1.0, 'factor_obras_construccion': 1.0, 'factor_zona_norte': 1.0}"
CIUDAD DEPORTIVA DL,17,2026-04-29 17:00:00,ZONA_NORTE,tarde,50.3,50.391,1.0018,0.85,0.18,🟢 NORMAL,69.752,49.298,"{'factor_calor_acumulado': 1.0, 'factor_eventos': 1.0, 'factor_fin_de_semana': 1.0, 'factor_franja_tarde': 1.02, 'factor_global': 1.0, 'factor_movilidad_ciudad': 1.0, 'factor_obras_construccion': 1.0, 'factor_zona_norte': 1.0}"
CIUDAD DEPORTIVA DL,18,2026-04-29 18:00:00,ZONA_NORTE,tarde,59.165,59.273,1.0018,0.85,0.18,🟢 NORMAL,81.378,57.514,"{'factor_calor_acumulado': 1.0, 'factor_eventos': 1.0, 'factor_fin_de_semana': 1.0, 'factor_franja_tarde': 1.02, 'factor_global': 1.0, 'factor_movilidad_ciudad': 1.0, 'factor_obras_construccion': 1.0, 'factor_zona_norte': 1.0}"
CIUDAD DEPORTIVA DL,19,2026-04-29 19:00:00,ZONA_NORTE,tarde,86.387,86.544,1.0018,0.85,0.18,🟢 NORMAL,104.629,73.947,"{'factor_calor_acumulado': 1.0, 'factor_eventos': 1.0, 'factor_fin_de_semana': 1.0, 'factor_franja_tarde': 1.02, 'factor_global': 1.0, 'factor_movilidad_ciudad': 1.0, 'factor_obras_construccion': 1.0, 'factor_zona_norte': 1.0}"
CIUDAD DEPORTIVA DL,20,2026-04-29 20:00:00,ZONA_NORTE,tarde,106.025,106.218,1.0018,0.85,0.18,🟢 NORMAL,127.88,90.38,"{'factor_calor_acumulado': 1.0, 'factor_eventos': 1.0, 'factor_fin_de_semana': 1.0, 'factor_franja_tarde': 1.02, 'factor_global': 1.0, 'factor_movilidad_ciudad': 1.0, 'factor_obras_construccion': 1.0, 'factor_zona_norte': 1.0}"
CIUDAD DEPORTIVA DL,21,2026-04-29 21:00:00,ZONA_NORTE,tarde,116.54,116.752,1.0018,0.85,0.18,🟢 NORMAL,139.506,98.596,"{'factor_calor_acumulado': 1.0, 'factor_eventos': 1.0, 'factor_fin_de_semana': 1.0, 'factor_franja_tarde': 1.02, 'factor_global': 1.0, 'factor_movilidad_ciudad': 1.0, 'factor_obras_construccion': 1.0, 'factor_zona_norte': 1.0}"
CIUDAD DEPORTIVA DL,22,2026-04-29 22:00:00,ZONA_NORTE,noche,84.661,84.768,1.0013,0.85,0.13,🟢 NORMAL,104.629,73.947,"{'factor_eventos': 1.0, 'factor_fin_de_semana': 1.0, 'factor_franja_noche': 1.02, 'factor_global': 1.0, 'factor_movilidad_ciudad': 1.0, 'factor_obras_construccion': 1.0, 'factor_zona_norte': 1.0}"
CIUDAD DEPORTIVA DL,23,2026-04-29 23:00:00,ZONA_NORTE,noche,57.44,57.512,1.0013,0.85,0.13,🟢 NORMAL,81.378,57.514,"{'factor_eventos': 1.0, 'factor_fin_de_semana': 1.0, 'factor_franja_noche': 1.02, 'factor_global': 1.0, 'factor_movilidad_ciudad': 1.0, 'factor_obras_construccion': 1.0, 'factor_zona_norte': 1.0}"
COLONIA REQUENA,0,2026-04-29 00:00:00,ZONA_NORTE,noche,95.992,96.113,1.0013,0.85,0.13,🟢 NORMAL,111.216,98.671,"{'factor_eventos': 1.0, 'factor_fin_de_semana': 1.0, 'factor_franja_noche': 1.02, 'factor_global': 1.0, 'factor_movilidad_ciudad': 1.0, 'factor_obras_construccion': 1.0, 'factor_zona_norte': 1.0}"
COLONIA REQUENA,1,2026-04-29 01:00:00,ZONA_NORTE,noche,127.494,127.654,1.0013,0.85,0.13,🟢 NORMAL,159.18,126.94,"{'factor_eventos': 1.0, 'factor_fin_de_semana': 1.0, 'factor_franja_noche': 1.02, 'factor_global': 1.0, 'factor_movilidad_ciudad': 1.0, 'factor_obras_construccion': 1.0, 'factor_zona_norte': 1.0}"
COLONIA REQUENA,2,2026-04-29 02:00:00,ZONA_NORTE,noche,123.849,124.005,1.0013,0.85,0.13,🟢 NORMAL,151.26,120.54,"{'factor_eventos': 1.0, 'factor_fin_de_semana': 1.0, 'factor_franja_noche': 1.02, 'factor_global': 1.0, 'factor_movilidad_ciudad': 1.0, 'factor_obras_construccion': 1.0, 'factor_zona_norte': 1.0}"
COLONIA REQUENA,3,2026-04-29 03:00:00,ZONA_NORTE,noche,117.854,118.002,1.0013,0.85,0.13,🟢 NORMAL,139.49,121.41,"{'factor_eventos': 1.0, 'factor_fin_de_semana': 1.0, 'factor_franja_noche': 1.02, 'factor_global': 1.0, 'factor_movilidad_ciudad': 1.0, 'factor_obras_construccion': 1.0, 'factor_zona_norte': 1.0}"
COLONIA REQUENA,4,2026-04-29 04:00:00,ZONA_NORTE,noche,111.734,111.874,1.0013,0.85,0.13,🟢 NORMAL,132.49,115.755,"{'factor_eventos': 1.0, 'factor_fin_de_semana': 1.0, 'factor_franja_noche': 1.02, 'factor_global': 1.0, 'factor_movilidad_ciudad': 1.0, 'factor_obras_construccion': 1.0, 'factor_zona_norte': 1.0}"
COLONIA REQUENA,5,2026-04-29 05:00:00,ZONA_NORTE,noche,110.622,110.761,1.0013,0.85,0.13,🟢 NORMAL,125.4,108.955,"{'factor_eventos': 1.0, 'factor_fin_de_semana': 1.0, 'factor_franja_noche': 1.02, 'factor_global': 1.0, 'factor_movilidad_ciudad': 1.0, 'factor_obras_construccion': 1.0, 'factor_zona_norte': 1.0}"
COLONIA REQUENA,6,2026-04-29 06:00:00,ZONA_NORTE,manana,124.938,124.938,1.0,0.85,0.0,🟢 NORMAL,134.9,114.665,"{'factor_eventos': 1.0, 'factor_fin_de_semana': 1.0, 'factor_franja_manana': 1.0, 'factor_global': 1.0, 'factor_movilidad_ciudad': 1.0, 'factor_obras_construccion': 1.0, 'factor_zona_norte': 1.0}"
COLONIA REQUENA,7,2026-04-29 07:00:00,ZONA_NORTE,manana,137.648,137.648,1.0,0.85,0.0,🟢 NORMAL,154.02,127.2,"{'factor_eventos': 1.0, 'factor_fin_de_semana': 1.0, 'factor_franja_manana': 1.0, 'factor_global': 1.0, 'factor_movilidad_ciudad': 1.0, 'factor_obras_construccion': 1.0, 'factor_zona_norte': 1.0}"
COLONIA REQUENA,8,2026-04-29 08:00:00,ZONA_NORTE,manana,147.186,147.186,1.0,0.85,0.0,🟢 NORMAL,170.4,134.0,"{'factor_eventos': 1.0, 'factor_fin_de_semana': 1.0, 'factor_franja_manana': 1.0, 'factor_global': 1.0, 'factor_movilidad_ciudad': 1.0, 'factor_obras_construccion': 1.0, 'factor_zona_norte': 1.0}"
COLONIA REQUENA,9,2026-04-29 09:00:00,ZONA_NORTE,manana,157.144,157.144,1.0,0.85,0.0,🟢 NORMAL,180.2,152.15,"{'factor_eventos': 1.0, 'factor_fin_de_semana': 1.0, 'factor_franja_manana': 1.0, 'factor_global': 1.0, 'factor_movilidad_ciudad': 1.0, 'factor_obras_construccion': 1.0, 'factor_zona_norte': 1.0}"
COLONIA REQUENA,10,2026-04-29 10:00:00,ZONA_NORTE,manana,111.921,111.921,1.0,0.85,0.0,🟢 NORMAL,182.15,160.0,"{'factor_eventos': 1.0, 'factor_fin_de_semana': 1.0, 'factor_franja_manana': 1.0, 'factor_global': 1.0, 'factor_movilidad_ciudad': 1.0, 'factor_obras_construccion': 1.0, 'factor_zona_norte': 1.0}"
COLONIA REQUENA,11,2026-04-29 11:00:00,ZONA_NORTE,manana,162.296,162.296,1.0,0.85,0.0,🟢 NORMAL,180.3,154.35,"{'factor_eventos': 1.0, 'factor_fin_de_semana': 1.0, 'factor_franja_manana': 1.0, 'factor_global': 1.0, 'factor_movilidad_ciudad': 1.0, 'factor_obras_construccion': 1.0, 'factor_zona_norte': 1.0}"
COLONIA REQUENA,12,2026-04-29 12:00:00,ZONA_NORTE,manana,156.624,156.624,1.0,0.85,0.0,🟢 NORMAL,172.875,139.025,"{'factor_eventos': 1.0, 'factor_fin_de_semana': 1.0, 'factor_franja_manana': 1.0, 'factor_global': 1.0, 'factor_movilidad_ciudad': 1.0, 'factor_obras_construccion': 1.0, 'factor_zona_norte': 1.0}"
COLONIA REQUENA,13,2026-04-29 13:00:00,ZONA_NORTE,manana,164.487,164.487,1.0,0.85,0.0,🟢 NORMAL,177.946,157.873,"{'factor_eventos': 1.0, 'factor_fin_de_semana': 1.0, 'factor_franja_manana': 1.0, 'factor_global': 1.0, 'factor_movilidad_ciudad': 1.0, 'factor_obras_construccion': 1.0, 'factor_zona_norte': 1.0}"
COLONIA REQUENA,14,2026-04-29 14:00:00,ZONA_NORTE,tarde,196.654,197.012,1.0018,0.85,0.18,🟢 NORMAL,222.432,197.341,"{'factor_calor_acumulado': 1.0, 'factor_eventos': 1.0, 'factor_fin_de_semana': 1.0, 'factor_franja_tarde': 1.02, 'factor_global': 1.0, 'factor_movilidad_ciudad': 1.0, 'factor_obras_construccion': 1.0, 'factor_zona_norte': 1.0}"
COLONIA REQUENA,15,2026-04-29 15:00:00,ZONA_NORTE,tarde,189.207,189.552,1.0018,0.85,0.18,🟢 NORMAL,200.189,177.607,"{'factor_calor_acumulado': 1.0, 'factor_eventos': 1.0, 'factor_fin_de_semana': 1.0, 'factor_franja_tarde': 1.02, 'factor_global': 1.0, 'factor_movilidad_ciudad': 1.0, 'factor_obras_construccion': 1.0, 'factor_zona_norte': 1.0}"
COLONIA REQUENA,16,2026-04-29 16:00:00,ZONA_NORTE,tarde,149.021,149.292,1.0018,0.85,0.18,🟢 NORMAL,155.703,138.139,"{'factor_calor_acumulado': 1.0, 'factor_eventos': 1.0, 'factor_fin_de_semana': 1.0, 'factor_franja_tarde': 1.02, 'factor_global': 1.0, 'factor_movilidad_ciudad': 1.0, 'factor_obras_construccion': 1.0, 'factor_zona_norte': 1.0}"
COLONIA REQUENA,17,2026-04-29 17:00:00,ZONA_NORTE,tarde,130.085,130.322,1.0018,0.85,0.18,🟢 NORMAL,133.459,118.405,"{'factor_calor_acumulado': 1.0, 'factor_eventos': 1.0, 'factor_fin_de_semana': 1.0, 'factor_franja_tarde': 1.02, 'factor_global': 1.0, 'factor_movilidad_ciudad': 1.0, 'factor_obras_construccion': 1.0, 'factor_zona_norte': 1.0}"
COLONIA REQUENA,18,2026-04-29 18:00:00,ZONA_NORTE,tarde,149.021,149.292,1.0018,0.85,0.18,🟢 NORMAL,155.703,138.139,"{'factor_calor_acumulado': 1.0, 'factor_eventos': 1.0, 'factor_fin_de_semana': 1.0, 'factor_franja_tarde': 1.02, 'factor_global': 1.0, 'factor_movilidad_ciudad': 1.0, 'factor_obras_construccion': 1.0, 'factor_zona_norte': 1.0}"
COLONIA REQUENA,19,2026-04-29 19:00:00,ZONA_NORTE,tarde,189.207,189.552,1.0018,0.85,0.18,🟢 NORMAL,200.189,177.607,"{'factor_calor_acumulado': 1.0, 'factor_eventos': 1.0, 'factor_fin_de_semana': 1.0, 'factor_franja_tarde': 1.02, 'factor_global': 1.0, 'factor_movilidad_ciudad': 1.0, 'factor_obras_construccion': 1.0, 'factor_zona_norte': 1.0}"
COLONIA REQUENA,20,2026-04-29 20:00:00,ZONA_NORTE,tarde,216.367,216.761,1.0018,0.85,0.18,🟢 NORMAL,244.675,217.075,"{'factor_calor_acumulado': 1.0, 'factor_eventos': 1.0, 'factor_fin_de_semana': 1.0, 'factor_franja_tarde': 1.02, 'factor_global': 1.0, 'factor_movilidad_ciudad': 1.0, 'factor_obras_construccion': 1.0, 'factor_zona_norte': 1.0}"
COLONIA REQUENA,21,2026-04-29 21:00:00,ZONA_NORTE,tarde,240.277,240.714,1.0018,0.85,0.18,🟢 NORMAL,266.919,236.81,"{'factor_calor_acumulado': 1.0, 'factor_eventos': 1.0, 'factor_fin_de_semana': 1.0, 'factor_franja_tarde': 1.02, 'factor_global': 1.0, 'factor_movilidad_ciudad': 1.0, 'factor_obras_construccion': 1.0, 'factor_zona_norte': 1.0}"
COLONIA REQUENA,22,2026-04-29 22:00:00,ZONA_NORTE,noche,187.481,187.718,1.0013,0.85,0.13,🟢 NORMAL,200.189,177.607,"{'factor_eventos': 1.0, 'factor_fin_de_semana': 1.0, 'factor_franja_noche': 1.02, 'factor_global': 1.0, 'factor_movilidad_ciudad': 1.0, 'factor_obras_construccion': 1.0, 'factor_zona_norte': 1.0}"
COLONIA REQUENA,23,2026-04-29 23:00:00,ZONA_NORTE,noche,147.295,147.48,1.0013,0.85,0.13,🟢 NORMAL,155.703,138.139,"{'factor_eventos': 1.0, 'factor_fin_de_semana': 1.0, 'factor_franja_noche': 1.02, 'factor_global': 1.0, 'factor_movilidad_ciudad': 1.0, 'factor_obras_construccion': 1.0, 'factor_zona_norte': 1.0}"
COLONIA ROMANA,0,2026-04-29 00:00:00,ZONA_NORTE,noche,0.1,0.1,1.0013,0.85,0.13,🟢 NORMAL,32.753,23.549,"{'factor_eventos': 1.0, 'factor_fin_de_semana': 1.0, 'factor_franja_noche': 1.02, 'factor_global': 1.0, 'factor_movilidad_ciudad': 1.0, 'factor_obras_construccion': 1.0, 'factor_zona_norte': 1.0}"
COLONIA ROMANA,1,2026-04-29 01:00:00,ZONA_NORTE,noche,40.767,40.819,1.0013,0.85,0.13,🟢 NORMAL,44.805,30.97,"{'factor_eventos': 1.0, 'factor_fin_de_semana': 1.0, 'factor_franja_noche': 1.02, 'factor_global': 1.0, 'factor_movilidad_ciudad': 1.0, 'factor_obras_construccion': 1.0, 'factor_zona_norte': 1.0}"
COLONIA ROMANA,2,2026-04-29 02:00:00,ZONA_NORTE,noche,35.273,35.318,1.0013,0.85,0.13,🟢 NORMAL,40.265,27.87,"{'factor_eventos': 1.0, 'factor_fin_de_semana': 1.0, 'factor_franja_noche': 1.02, 'factor_global': 1.0, 'factor_movilidad_ciudad': 1.0, 'factor_obras_construccion': 1.0, 'factor_zona_norte': 1.0}"
COLONIA ROMANA,3,2026-04-29 03:00:00,ZONA_NORTE,noche,35.291,35.335,1.0013,0.85,0.13,🟢 NORMAL,43.35,27.185,"{'factor_eventos': 1.0, 'factor_fin_de_semana': 1.0, 'factor_franja_noche': 1.02, 'factor_global': 1.0, 'factor_movilidad_ciudad': 1.0, 'factor_obras_construccion': 1.0, 'factor_zona_norte': 1.0}"
COLONIA ROMANA,4,2026-04-29 04:00:00,ZONA_NORTE,noche,113.665,113.808,1.0013,0.85,0.13,🟢 NORMAL,40.7,25.2,"{'factor_eventos': 1.0, 'factor_fin_de_semana': 1.0, 'factor_franja_noche': 1.02, 'factor_global': 1.0, 'factor_movilidad_ciudad': 1.0, 'factor_obras_construccion': 1.0, 'factor_zona_norte': 1.0}"
COLONIA ROMANA,5,2026-04-29 05:00:00,ZONA_NORTE,noche,0.1,0.1,1.0013,0.85,0.13,🟢 NORMAL,34.98,22.885,"{'factor_eventos': 1.0, 'factor_fin_de_semana': 1.0, 'factor_franja_noche': 1.02, 'factor_global': 1.0, 'factor_movilidad_ciudad': 1.0, 'factor_obras_construccion': 1.0, 'factor_zona_norte': 1.0}"
COLONIA ROMANA,6,2026-04-29 06:00:00,ZONA_NORTE,manana,0.1,0.1,1.0,0.85,0.0,🟢 NORMAL,37.752,22.65,"{'factor_eventos': 1.0, 'factor_fin_de_semana': 1.0, 'factor_franja_manana': 1.0, 'factor_global': 1.0, 'factor_movilidad_ciudad': 1.0, 'factor_obras_construccion': 1.0, 'factor_zona_norte': 1.0}"
COLONIA ROMANA,7,2026-04-29 07:00:00,ZONA_NORTE,manana,20.066,20.066,1.0,0.85,0.0,🟢 NORMAL,40.795,25.36,"{'factor_eventos': 1.0, 'factor_fin_de_semana': 1.0, 'factor_franja_manana': 1.0, 'factor_global': 1.0, 'factor_movilidad_ciudad': 1.0, 'factor_obras_construccion': 1.0, 'factor_zona_norte': 1.0}"
COLONIA ROMANA,8,2026-04-29 08:00:00,ZONA_NORTE,manana,40.006,40.006,1.0,0.85,0.0,🟢 NORMAL,47.295,28.8,"{'factor_eventos': 1.0, 'factor_fin_de_semana': 1.0, 'factor_franja_manana': 1.0, 'factor_global': 1.0, 'factor_movilidad_ciudad': 1.0, 'factor_obras_construccion': 1.0, 'factor_zona_norte': 1.0}"
COLONIA ROMANA,9,2026-04-29 09:00:00,ZONA_NORTE,manana,47.005,47.005,1.0,0.85,0.0,🟢 NORMAL,53.35,37.44,"{'factor_eventos': 1.0, 'factor_fin_de_semana': 1.0, 'factor_franja_manana': 1.0, 'factor_global': 1.0, 'factor_movilidad_ciudad': 1.0, 'factor_obras_construccion': 1.0, 'factor_zona_norte': 1.0}"
COLONIA ROMANA,10,2026-04-29 10:00:00,ZONA_NORTE,manana,0.1,0.1,1.0,0.85,0.0,🟢 NORMAL,56.25,42.83,"{'factor_eventos': 1.0, 'factor_fin_de_semana': 1.0, 'factor_franja_manana': 1.0, 'factor_global': 1.0, 'factor_movilidad_ciudad': 1.0, 'factor_obras_construccion': 1.0, 'factor_zona_norte': 1.0}"
COLONIA ROMANA,11,2026-04-29 11:00:00,ZONA_NORTE,manana,49.177,49.177,1.0,0.85,0.0,🟢 NORMAL,55.87,42.1,"{'factor_eventos': 1.0, 'factor_fin_de_semana': 1.0, 'factor_franja_manana': 1.0, 'factor_global': 1.0, 'factor_movilidad_ciudad': 1.0, 'factor_obras_construccion': 1.0, 'factor_zona_norte': 1.0}"
COLONIA ROMANA,12,2026-04-29 12:00:00,ZONA_NORTE,manana,45.091,45.091,1.0,0.85,0.0,🟢 NORMAL,53.9,36.25,"{'factor_eventos': 1.0, 'factor_fin_de_semana': 1.0, 'factor_franja_manana': 1.0, 'factor_global': 1.0, 'factor_movilidad_ciudad': 1.0, 'factor_obras_construccion': 1.0, 'factor_zona_norte': 1.0}"
COLONIA ROMANA,13,2026-04-29 13:00:00,ZONA_NORTE,manana,47.282,47.282,1.0,0.85,0.0,🟢 NORMAL,52.404,37.679,"{'factor_eventos': 1.0, 'factor_fin_de_semana': 1.0, 'factor_franja_manana': 1.0, 'factor_global': 1.0, 'factor_movilidad_ciudad': 1.0, 'factor_obras_construccion': 1.0, 'factor_zona_norte': 1.0}"
COLONIA ROMANA,14,2026-04-29 14:00:00,ZONA_NORTE,tarde,56.181,56.283,1.0018,0.85,0.18,🟢 NORMAL,65.506,47.099,"{'factor_calor_acumulado': 1.0, 'factor_eventos': 1.0, 'factor_fin_de_semana': 1.0, 'factor_franja_tarde': 1.02, 'factor_global': 1.0, 'factor_movilidad_ciudad': 1.0, 'factor_obras_construccion': 1.0, 'factor_zona_norte': 1.0}"
COLONIA ROMANA,15,2026-04-29 15:00:00,ZONA_NORTE,tarde,51.131,51.224,1.0018,0.85,0.18,🟢 NORMAL,58.955,42.389,"{'factor_calor_acumulado': 1.0, 'factor_eventos': 1.0, 'factor_fin_de_semana': 1.0, 'factor_franja_tarde': 1.02, 'factor_global': 1.0, 'factor_movilidad_ciudad': 1.0, 'factor_obras_construccion': 1.0, 'factor_zona_norte': 1.0}"
COLONIA ROMANA,16,2026-04-29 16:00:00,ZONA_NORTE,tarde,40.048,40.121,1.0018,0.85,0.18,🟢 NORMAL,45.854,32.969,"{'factor_calor_acumulado': 1.0, 'factor_eventos': 1.0, 'factor_fin_de_semana': 1.0, 'factor_franja_tarde': 1.02, 'factor_global': 1.0, 'factor_movilidad_ciudad': 1.0, 'factor_obras_construccion': 1.0, 'factor_zona_norte': 1.0}"
COLONIA ROMANA,17,2026-04-29 17:00:00,ZONA_NORTE,tarde,23.295,23.338,1.0018,0.85,0.18,🟢 NORMAL,39.304,28.26,"{'factor_calor_acumulado': 1.0, 'factor_eventos': 1.0, 'factor_fin_de_semana': 1.0, 'factor_franja_tarde': 1.02, 'factor_global': 1.0, 'factor_movilidad_ciudad': 1.0, 'factor_obras_construccion': 1.0, 'factor_zona_norte': 1.0}"
COLONIA ROMANA,18,2026-04-29 18:00:00,ZONA_NORTE,tarde,40.048,40.121,1.0018,0.85,0.18,🟢 NORMAL,45.854,32.969,"{'factor_calor_acumulado': 1.0, 'factor_eventos': 1.0, 'factor_fin_de_semana': 1.0, 'factor_franja_tarde': 1.02, 'factor_global': 1.0, 'factor_movilidad_ciudad': 1.0, 'factor_obras_construccion': 1.0, 'factor_zona_norte': 1.0}"
COLONIA ROMANA,19,2026-04-29 19:00:00,ZONA_NORTE,tarde,51.131,51.224,1.0018,0.85,0.18,🟢 NORMAL,58.955,42.389,"{'factor_calor_acumulado': 1.0, 'factor_eventos': 1.0, 'factor_fin_de_semana': 1.0, 'factor_franja_tarde': 1.02, 'factor_global': 1.0, 'factor_movilidad_ciudad': 1.0, 'factor_obras_construccion': 1.0, 'factor_zona_norte': 1.0}"
COLONIA ROMANA,20,2026-04-29 20:00:00,ZONA_NORTE,tarde,51.021,51.114,1.0018,0.85,0.18,🟢 NORMAL,72.056,51.809,"{'factor_calor_acumulado': 1.0, 'factor_eventos': 1.0, 'factor_fin_de_semana': 1.0, 'factor_franja_tarde': 1.02, 'factor_global': 1.0, 'factor_movilidad_ciudad': 1.0, 'factor_obras_construccion': 1.0, 'factor_zona_norte': 1.0}"
COLONIA ROMANA,21,2026-04-29 21:00:00,ZONA_NORTE,tarde,56.041,56.143,1.0018,0.85,0.18,🟢 NORMAL,78.607,56.518,"{'factor_calor_acumulado': 1.0, 'factor_eventos': 1.0, 'factor_fin_de_semana': 1.0, 'factor_franja_tarde': 1.02, 'factor_global': 1.0, 'factor_movilidad_ciudad': 1.0, 'factor_obras_construccion': 1.0, 'factor_zona_norte': 1.0}"
COLONIA ROMANA,22,2026-04-29 22:00:00,ZONA_NORTE,noche,49.406,49.468,1.0013,0.85,0.13,🟢 NORMAL,58.955,42.389,"{'factor_eventos': 1.0, 'factor_fin_de_semana': 1.0, 'factor_franja_noche': 1.02, 'factor_global': 1.0, 'factor_movilidad_ciudad': 1.0, 'factor_obras_construccion': 1.0, 'factor_zona_norte': 1.0}"
COLONIA ROMANA,23,2026-04-29 23:00:00,ZONA_NORTE,noche,38.322,38.37,1.0013,0.85,0.13,🟢 NORMAL,45.854,32.969,"{'factor_eventos': 1.0, 'factor_fin_de_semana': 1.0, 'factor_franja_noche': 1.02, 'factor_global': 1.0, 'factor_movilidad_ciudad': 1.0, 'factor_obras_construccion': 1.0, 'factor_zona_norte': 1.0}"
CONDOMINA,0,2026-04-29 00:00:00,PLAYA_SAN_JUAN,noche,41.82,41.038,0.9813,0.85,-1.87,🟢 NORMAL,41.935,32.868,"{'factor_calor_acumulado': 1.0, 'factor_fin_de_semana': 1.0, 'factor_franja_noche': 1.02, 'factor_global': 1.0, 'factor_ocupacion_hotelera': 0.8, 'factor_playa_san_juan': 1.0, 'factor_vacaciones_escolares': 1.0, 'factor_vuelos_turismo': 1.0}"
CONDOMINA,1,2026-04-29 01:00:00,PLAYA_SAN_JUAN,noche,53.978,52.97,0.9813,0.85,-1.87,🟢 NORMAL,59.015,41.82,"{'factor_calor_acumulado': 1.0, 'factor_fin_de_semana': 1.0, 'factor_franja_noche': 1.02, 'factor_global': 1.0, 'factor_ocupacion_hotelera': 0.8, 'factor_playa_san_juan': 1.0, 'factor_vacaciones_escolares': 1.0, 'factor_vuelos_turismo': 1.0}"
CONDOMINA,2,2026-04-29 02:00:00,PLAYA_SAN_JUAN,noche,50.191,49.253,0.9813,0.85,-1.87,🟢 NORMAL,54.01,37.5,"{'factor_calor_acumulado': 1.0, 'factor_fin_de_semana': 1.0, 'factor_franja_noche': 1.02, 'factor_global': 1.0, 'factor_ocupacion_hotelera': 0.8, 'factor_playa_san_juan': 1.0, 'factor_vacaciones_escolares': 1.0, 'factor_vuelos_turismo': 1.0}"
CONDOMINA,3,2026-04-29 03:00:00,PLAYA_SAN_JUAN,noche,49.446,48.522,0.9813,0.85,-1.87,🟢 NORMAL,54.96,35.0,"{'factor_calor_acumulado': 1.0, 'factor_fin_de_semana': 1.0, 'factor_franja_noche': 1.02, 'factor_global': 1.0, 'factor_ocupacion_hotelera': 0.8, 'factor_playa_san_juan': 1.0, 'factor_vacaciones_escolares': 1.0, 'factor_vuelos_turismo': 1.0}"
CONDOMINA,4,2026-04-29 04:00:00,PLAYA_SAN_JUAN,noche,46.287,45.422,0.9813,0.85,-1.87,🟢 NORMAL,48.8,33.3,"{'factor_calor_acumulado': 1.0, 'factor_fin_de_semana': 1.0, 'factor_franja_noche': 1.02, 'factor_global': 1.0, 'factor_ocupacion_hotelera': 0.8, 'factor_playa_san_juan': 1.0, 'factor_vacaciones_escolares': 1.0, 'factor_vuelos_turismo': 1.0}"
CONDOMINA,5,2026-04-29 05:00:00,PLAYA_SAN_JUAN,noche,47.295,46.411,0.9813,0.85,-1.87,🟢 NORMAL,49.965,31.104,"{'factor_calor_acumulado': 1.0, 'factor_fin_de_semana': 1.0, 'factor_franja_noche': 1.02, 'factor_global': 1.0, 'factor_ocupacion_hotelera': 0.8, 'factor_playa_san_juan': 1.0, 'factor_vacaciones_escolares': 1.0, 'factor_vuelos_turismo': 1.0}"
CONDOMINA,6,2026-04-29 06:00:00,PLAYA_SAN_JUAN,manana,38.953,38.033,0.9764,0.85,-2.36,🟢 NORMAL,48.202,28.598,"{'factor_calor_acumulado': 1.0, 'factor_fin_de_semana': 1.0, 'factor_franja_manana': 1.0, 'factor_global': 1.0, 'factor_ocupacion_hotelera': 0.8, 'factor_playa_san_juan': 1.0, 'factor_vacaciones_escolares': 1.0, 'factor_vuelos_turismo': 1.0}"
CONDOMINA,7,2026-04-29 07:00:00,PLAYA_SAN_JUAN,manana,43.782,42.749,0.9764,0.85,-2.36,🟢 NORMAL,45.695,32.655,"{'factor_calor_acumulado': 1.0, 'factor_fin_de_semana': 1.0, 'factor_franja_manana': 1.0, 'factor_global': 1.0, 'factor_ocupacion_hotelera': 0.8, 'factor_playa_san_juan': 1.0, 'factor_vacaciones_escolares': 1.0, 'factor_vuelos_turismo': 1.0}"
CONDOMINA,8,2026-04-29 08:00:00,PLAYA_SAN_JUAN,manana,112.939,110.273,0.9764,0.85,-2.36,🟢 NORMAL,69.295,40.265,"{'factor_calor_acumulado': 1.0, 'factor_fin_de_semana': 1.0, 'factor_franja_manana': 1.0, 'factor_global': 1.0, 'factor_ocupacion_hotelera': 0.8, 'factor_playa_san_juan': 1.0, 'factor_vacaciones_escolares': 1.0, 'factor_vuelos_turismo': 1.0}"
CONDOMINA,9,2026-04-29 09:00:00,PLAYA_SAN_JUAN,manana,53.646,52.38,0.9764,0.85,-2.36,🟢 NORMAL,75.0,51.78,"{'factor_calor_acumulado': 1.0, 'factor_fin_de_semana': 1.0, 'factor_franja_manana': 1.0, 'factor_global': 1.0, 'factor_ocupacion_hotelera': 0.8, 'factor_playa_san_juan': 1.0, 'factor_vacaciones_escolares': 1.0, 'factor_vuelos_turismo': 1.0}"
CONDOMINA,10,2026-04-29 10:00:00,PLAYA_SAN_JUAN,manana,2.528,2.468,0.9764,0.85,-2.36,🟢 NORMAL,73.968,61.183,"{'factor_calor_acumulado': 1.0, 'factor_fin_de_semana': 1.0, 'factor_franja_manana': 1.0, 'factor_global': 1.0, 'factor_ocupacion_hotelera': 0.8, 'factor_playa_san_juan': 1.0, 'factor_vacaciones_escolares': 1.0, 'factor_vuelos_turismo': 1.0}"
CONDOMINA,11,2026-04-29 11:00:00,PLAYA_SAN_JUAN,manana,53.449,52.187,0.9764,0.85,-2.36,🟢 NORMAL,69.477,56.93,"{'factor_calor_acumulado': 1.0, 'factor_fin_de_semana': 1.0, 'factor_franja_manana': 1.0, 'factor_global': 1.0, 'factor_ocupacion_hotelera': 0.8, 'factor_playa_san_juan': 1.0, 'factor_vacaciones_escolares': 1.0, 'factor_vuelos_turismo': 1.0}"
CONDOMINA,12,2026-04-29 12:00:00,PLAYA_SAN_JUAN,manana,112.098,109.452,0.9764,0.85,-2.36,🟢 NORMAL,63.95,48.755,"{'factor_calor_acumulado': 1.0, 'factor_fin_de_semana': 1.0, 'factor_franja_manana': 1.0, 'factor_global': 1.0, 'factor_ocupacion_hotelera': 0.8, 'factor_playa_san_juan': 1.0, 'factor_vacaciones_escolares': 1.0, 'factor_vuelos_turismo': 1.0}"
CONDOMINA,13,2026-04-29 13:00:00,PLAYA_SAN_JUAN,manana,50.447,49.256,0.9764,0.85,-2.36,🟢 NORMAL,67.096,52.589,"{'factor_calor_acumulado': 1.0, 'factor_fin_de_semana': 1.0, 'factor_franja_manana': 1.0, 'factor_global': 1.0, 'factor_ocupacion_hotelera': 0.8, 'factor_playa_san_juan': 1.0, 'factor_vacaciones_escolares': 1.0, 'factor_vuelos_turismo': 1.0}"
CONDOMINA,14,2026-04-29 14:00:00,PLAYA_SAN_JUAN,tarde,75.631,74.336,0.9829,0.85,-1.71,🟢 NORMAL,83.87,65.736,"{'factor_calor_acumulado': 1.0, 'factor_fin_de_semana': 1.0, 'factor_franja_tarde': 1.02, 'factor_global': 1.0, 'factor_ocupacion_hotelera': 0.8, 'factor_playa_san_juan': 1.0, 'factor_vacaciones_escolares': 1.0, 'factor_vuelos_turismo': 1.0}"
CONDOMINA,15,2026-04-29 15:00:00,PLAYA_SAN_JUAN,tarde,57.766,56.777,0.9829,0.85,-1.71,🟢 NORMAL,75.483,59.162,"{'factor_calor_acumulado': 1.0, 'factor_fin_de_semana': 1.0, 'factor_franja_tarde': 1.02, 'factor_global': 1.0, 'factor_ocupacion_hotelera': 0.8, 'factor_playa_san_juan': 1.0, 'factor_vacaciones_escolares': 1.0, 'factor_vuelos_turismo': 1.0}"
CONDOMINA,16,2026-04-29 16:00:00,PLAYA_SAN_JUAN,tarde,53.073,52.164,0.9829,0.85,-1.71,🟢 NORMAL,58.709,46.015,"{'factor_calor_acumulado': 1.0, 'factor_fin_de_semana': 1.0, 'factor_franja_tarde': 1.02, 'factor_global': 1.0, 'factor_ocupacion_hotelera': 0.8, 'factor_playa_san_juan': 1.0, 'factor_vacaciones_escolares': 1.0, 'factor_vuelos_turismo': 1.0}"
CONDOMINA,17,2026-04-29 17:00:00,PLAYA_SAN_JUAN,tarde,47.046,46.241,0.9829,0.85,-1.71,🟢 NORMAL,50.322,39.442,"{'factor_calor_acumulado': 1.0, 'factor_fin_de_semana': 1.0, 'factor_franja_tarde': 1.02, 'factor_global': 1.0, 'factor_ocupacion_hotelera': 0.8, 'factor_playa_san_juan': 1.0, 'factor_vacaciones_escolares': 1.0, 'factor_vuelos_turismo': 1.0}"
CONDOMINA,18,2026-04-29 18:00:00,PLAYA_SAN_JUAN,tarde,53.073,52.164,0.9829,0.85,-1.71,🟢 NORMAL,58.709,46.015,"{'factor_calor_acumulado': 1.0, 'factor_fin_de_semana': 1.0, 'factor_franja_tarde': 1.02, 'factor_global': 1.0, 'factor_ocupacion_hotelera': 0.8, 'factor_playa_san_juan': 1.0, 'factor_vacaciones_escolares': 1.0, 'factor_vuelos_turismo': 1.0}"
CONDOMINA,19,2026-04-29 19:00:00,PLAYA_SAN_JUAN,tarde,57.766,56.777,0.9829,0.85,-1.71,🟢 NORMAL,75.483,59.162,"{'factor_calor_acumulado': 1.0, 'factor_fin_de_semana': 1.0, 'factor_franja_tarde': 1.02, 'factor_global': 1.0, 'factor_ocupacion_hotelera': 0.8, 'factor_playa_san_juan': 1.0, 'factor_vacaciones_escolares': 1.0, 'factor_vuelos_turismo': 1.0}"
CONDOMINA,20,2026-04-29 20:00:00,PLAYA_SAN_JUAN,tarde,81.049,79.661,0.9829,0.85,-1.71,🟢 NORMAL,92.256,72.31,"{'factor_calor_acumulado': 1.0, 'factor_fin_de_semana': 1.0, 'factor_franja_tarde': 1.02, 'factor_global': 1.0, 'factor_ocupacion_hotelera': 0.8, 'factor_playa_san_juan': 1.0, 'factor_vacaciones_escolares': 1.0, 'factor_vuelos_turismo': 1.0}"
CONDOMINA,21,2026-04-29 21:00:00,PLAYA_SAN_JUAN,tarde,84.573,83.125,0.9829,0.85,-1.71,🟢 NORMAL,100.643,78.883,"{'factor_calor_acumulado': 1.0, 'factor_fin_de_semana': 1.0, 'factor_franja_tarde': 1.02, 'factor_global': 1.0, 'factor_ocupacion_hotelera': 0.8, 'factor_playa_san_juan': 1.0, 'factor_vacaciones_escolares': 1.0, 'factor_vuelos_turismo': 1.0}"
CONDOMINA,22,2026-04-29 22:00:00,PLAYA_SAN_JUAN,noche,56.041,54.993,0.9813,0.85,-1.87,🟢 NORMAL,75.483,59.162,"{'factor_calor_acumulado': 1.0, 'factor_fin_de_semana': 1.0, 'factor_franja_noche': 1.02, 'factor_global': 1.0, 'factor_ocupacion_hotelera': 0.8, 'factor_playa_san_juan': 1.0, 'factor_vacaciones_escolares': 1.0, 'factor_vuelos_turismo': 1.0}"
CONDOMINA,23,2026-04-29 23:00:00,PLAYA_SAN_JUAN,noche,51.347,50.387,0.9813,0.85,-1.87,🟢 NORMAL,58.709,46.015,"{'factor_calor_acumulado': 1.0, 'factor_fin_de_semana': 1.0, 'factor_franja_noche': 1.02, 'factor_global': 1.0, 'factor_ocupacion_hotelera': 0.8, 'factor_playa_san_juan': 1.0, 'factor_vacaciones_escolares': 1.0, 'factor_vuelos_turismo': 1.0}"
Campoamor Alto,0,2026-04-29 00:00:00,ZONA_NORTE,noche,48.541,48.602,1.0013,0.85,0.13,🟢 NORMAL,33.981,30.28,"{'factor_eventos': 1.0, 'factor_fin_de_semana': 1.0, 'factor_franja_noche': 1.02, 'factor_global': 1.0, 'factor_movilidad_ciudad': 1.0, 'factor_obras_construccion': 1.0, 'factor_zona_norte': 1.0}"
Campoamor Alto,1,2026-04-29 01:00:00,ZONA_NORTE,noche,50.895,50.959,1.0013,0.85,0.13,🟢 NORMAL,53.322,41.582,"{'factor_eventos': 1.0, 'factor_fin_de_semana': 1.0, 'factor_franja_noche': 1.02, 'factor_global': 1.0, 'factor_movilidad_ciudad': 1.0, 'factor_obras_construccion': 1.0, 'factor_zona_norte': 1.0}"
Campoamor Alto,2,2026-04-29 02:00:00,ZONA_NORTE,noche,47.386,47.445,1.0013,0.85,0.13,🟢 NORMAL,46.272,37.25,"{'factor_eventos': 1.0, 'factor_fin_de_semana': 1.0, 'factor_franja_noche': 1.02, 'factor_global': 1.0, 'factor_movilidad_ciudad': 1.0, 'factor_obras_construccion': 1.0, 'factor_zona_norte': 1.0}"
Campoamor Alto,3,2026-04-29 03:00:00,ZONA_NORTE,noche,42.448,42.501,1.0013,0.85,0.13,🟢 NORMAL,42.18,35.87,"{'factor_eventos': 1.0, 'factor_fin_de_semana': 1.0, 'factor_franja_noche': 1.02, 'factor_global': 1.0, 'factor_movilidad_ciudad': 1.0, 'factor_obras_construccion': 1.0, 'factor_zona_norte': 1.0}"
Campoamor Alto,4,2026-04-29 04:00:00,ZONA_NORTE,noche,39.278,39.328,1.0013,0.85,0.13,🟢 NORMAL,38.872,34.027,"{'factor_eventos': 1.0, 'factor_fin_de_semana': 1.0, 'factor_franja_noche': 1.02, 'factor_global': 1.0, 'factor_movilidad_ciudad': 1.0, 'factor_obras_construccion': 1.0, 'factor_zona_norte': 1.0}"
Campoamor Alto,5,2026-04-29 05:00:00,ZONA_NORTE,noche,26.721,26.755,1.0013,0.85,0.13,🟢 NORMAL,36.6,31.728,"{'factor_eventos': 1.0, 'factor_fin_de_semana': 1.0, 'factor_franja_noche': 1.02, 'factor_global': 1.0, 'factor_movilidad_ciudad': 1.0, 'factor_obras_construccion': 1.0, 'factor_zona_norte': 1.0}"
Campoamor Alto,6,2026-04-29 06:00:00,ZONA_NORTE,manana,37.966,37.966,1.0,0.85,0.0,🟢 NORMAL,39.5,33.2,"{'factor_eventos': 1.0, 'factor_fin_de_semana': 1.0, 'factor_franja_manana': 1.0, 'factor_global': 1.0, 'factor_movilidad_ciudad': 1.0, 'factor_obras_construccion': 1.0, 'factor_zona_norte': 1.0}"
Campoamor Alto,7,2026-04-29 07:00:00,ZONA_NORTE,manana,47.005,47.005,1.0,0.85,0.0,🟢 NORMAL,48.8,37.942,"{'factor_eventos': 1.0, 'factor_fin_de_semana': 1.0, 'factor_franja_manana': 1.0, 'factor_global': 1.0, 'factor_movilidad_ciudad': 1.0, 'factor_obras_construccion': 1.0, 'factor_zona_norte': 1.0}"
Campoamor Alto,8,2026-04-29 08:00:00,ZONA_NORTE,manana,55.437,55.437,1.0,0.85,0.0,🟢 NORMAL,61.445,44.565,"{'factor_eventos': 1.0, 'factor_fin_de_semana': 1.0, 'factor_franja_manana': 1.0, 'factor_global': 1.0, 'factor_movilidad_ciudad': 1.0, 'factor_obras_construccion': 1.0, 'factor_zona_norte': 1.0}"
Campoamor Alto,9,2026-04-29 09:00:00,ZONA_NORTE,manana,51.643,51.643,1.0,0.85,0.0,🟢 NORMAL,68.55,55.23,"{'factor_eventos': 1.0, 'factor_fin_de_semana': 1.0, 'factor_franja_manana': 1.0, 'factor_global': 1.0, 'factor_movilidad_ciudad': 1.0, 'factor_obras_construccion': 1.0, 'factor_zona_norte': 1.0}"
Campoamor Alto,10,2026-04-29 10:00:00,ZONA_NORTE,manana,1.929,1.929,1.0,0.85,0.0,🟢 NORMAL,70.97,62.75,"{'factor_eventos': 1.0, 'factor_fin_de_semana': 1.0, 'factor_franja_manana': 1.0, 'factor_global': 1.0, 'factor_movilidad_ciudad': 1.0, 'factor_obras_construccion': 1.0, 'factor_zona_norte': 1.0}"
Campoamor Alto,11,2026-04-29 11:00:00,ZONA_NORTE,manana,52.038,52.038,1.0,0.85,0.0,🟢 NORMAL,66.602,57.482,"{'factor_eventos': 1.0, 'factor_fin_de_semana': 1.0, 'factor_franja_manana': 1.0, 'factor_global': 1.0, 'factor_movilidad_ciudad': 1.0, 'factor_obras_construccion': 1.0, 'factor_zona_norte': 1.0}"
Campoamor Alto,12,2026-04-29 12:00:00,ZONA_NORTE,manana,53.991,53.991,1.0,0.85,0.0,🟢 NORMAL,61.61,49.85,"{'factor_eventos': 1.0, 'factor_fin_de_semana': 1.0, 'factor_franja_manana': 1.0, 'factor_global': 1.0, 'factor_movilidad_ciudad': 1.0, 'factor_obras_construccion': 1.0, 'factor_zona_norte': 1.0}"
Campoamor Alto,13,2026-04-29 13:00:00,ZONA_NORTE,manana,52.615,52.615,1.0,0.85,0.0,🟢 NORMAL,54.37,48.448,"{'factor_eventos': 1.0, 'factor_fin_de_semana': 1.0, 'factor_franja_manana': 1.0, 'factor_global': 1.0, 'factor_movilidad_ciudad': 1.0, 'factor_obras_construccion': 1.0, 'factor_zona_norte': 1.0}"
Campoamor Alto,14,2026-04-29 14:00:00,ZONA_NORTE,tarde,55.639,55.741,1.0018,0.85,0.18,🟢 NORMAL,67.963,60.56,"{'factor_calor_acumulado': 1.0, 'factor_eventos': 1.0, 'factor_fin_de_semana': 1.0, 'factor_franja_tarde': 1.02, 'factor_global': 1.0, 'factor_movilidad_ciudad': 1.0, 'factor_obras_construccion': 1.0, 'factor_zona_norte': 1.0}"
Campoamor Alto,15,2026-04-29 15:00:00,ZONA_NORTE,tarde,114.708,114.916,1.0018,0.85,0.18,🟢 NORMAL,61.166,54.504,"{'factor_calor_acumulado': 1.0, 'factor_eventos': 1.0, 'factor_fin_de_semana': 1.0, 'factor_franja_tarde': 1.02, 'factor_global': 1.0, 'factor_movilidad_ciudad': 1.0, 'factor_obras_construccion': 1.0, 'factor_zona_norte': 1.0}"
Campoamor Alto,16,2026-04-29 16:00:00,ZONA_NORTE,tarde,47.046,47.132,1.0018,0.85,0.18,🟢 NORMAL,47.574,42.392,"{'factor_calor_acumulado': 1.0, 'factor_eventos': 1.0, 'factor_fin_de_semana': 1.0, 'factor_franja_tarde': 1.02, 'factor_global': 1.0, 'factor_movilidad_ciudad': 1.0, 'factor_obras_construccion': 1.0, 'factor_zona_norte': 1.0}"
Campoamor Alto,17,2026-04-29 17:00:00,ZONA_NORTE,tarde,39.547,39.619,1.0018,0.85,0.18,🟢 NORMAL,40.778,36.336,"{'factor_calor_acumulado': 1.0, 'factor_eventos': 1.0, 'factor_fin_de_semana': 1.0, 'factor_franja_tarde': 1.02, 'factor_global': 1.0, 'factor_movilidad_ciudad': 1.0, 'factor_obras_construccion': 1.0, 'factor_zona_norte': 1.0}"
Campoamor Alto,18,2026-04-29 18:00:00,ZONA_NORTE,tarde,47.046,47.132,1.0018,0.85,0.18,🟢 NORMAL,47.574,42.392,"{'factor_calor_acumulado': 1.0, 'factor_eventos': 1.0, 'factor_fin_de_semana': 1.0, 'factor_franja_tarde': 1.02, 'factor_global': 1.0, 'factor_movilidad_ciudad': 1.0, 'factor_obras_construccion': 1.0, 'factor_zona_norte': 1.0}"
Campoamor Alto,19,2026-04-29 19:00:00,ZONA_NORTE,tarde,114.708,114.916,1.0018,0.85,0.18,🟢 NORMAL,61.166,54.504,"{'factor_calor_acumulado': 1.0, 'factor_eventos': 1.0, 'factor_fin_de_semana': 1.0, 'factor_franja_tarde': 1.02, 'factor_global': 1.0, 'factor_movilidad_ciudad': 1.0, 'factor_obras_construccion': 1.0, 'factor_zona_norte': 1.0}"
Campoamor Alto,20,2026-04-29 20:00:00,ZONA_NORTE,tarde,60.854,60.965,1.0018,0.85,0.18,🟢 NORMAL,74.759,66.616,"{'factor_calor_acumulado': 1.0, 'factor_eventos': 1.0, 'factor_fin_de_semana': 1.0, 'factor_franja_tarde': 1.02, 'factor_global': 1.0, 'factor_movilidad_ciudad': 1.0, 'factor_obras_construccion': 1.0, 'factor_zona_norte': 1.0}"
Campoamor Alto,21,2026-04-29 21:00:00,ZONA_NORTE,tarde,76.961,77.101,1.0018,0.85,0.18,🟢 NORMAL,81.555,72.672,"{'factor_calor_acumulado': 1.0, 'factor_eventos': 1.0, 'factor_fin_de_semana': 1.0, 'factor_franja_tarde': 1.02, 'factor_global': 1.0, 'factor_movilidad_ciudad': 1.0, 'factor_obras_construccion': 1.0, 'factor_zona_norte': 1.0}"
Campoamor Alto,22,2026-04-29 22:00:00,ZONA_NORTE,noche,112.982,113.124,1.0013,0.85,0.13,🟢 NORMAL,61.166,54.504,"{'factor_eventos': 1.0, 'factor_fin_de_semana': 1.0, 'factor_franja_noche': 1.02, 'factor_global': 1.0, 'factor_movilidad_ciudad': 1.0, 'factor_obras_construccion': 1.0, 'factor_zona_norte': 1.0}"
Campoamor Alto,23,2026-04-29 23:00:00,ZONA_NORTE,noche,45.32,45.377,1.0013,0.85,0.13,🟢 NORMAL,47.574,42.392,"{'factor_eventos': 1.0, 'factor_fin_de_semana': 1.0, 'factor_franja_noche': 1.02, 'factor_global': 1.0, 'factor_movilidad_ciudad': 1.0, 'factor_obras_construccion': 1.0, 'factor_zona_norte': 1.0}"
DIPUTACIÓN DL,0,2026-04-29 00:00:00,ZONA_CENTRO,noche,81.01,79.139,0.9769,0.85,-2.31,🟢 NORMAL,99.33,78.517,"{'factor_cruceros': 1.0, 'factor_eventos': 1.0, 'factor_fin_de_semana': 1.0, 'factor_franja_noche': 1.02, 'factor_global': 1.0, 'factor_movilidad_ciudad': 1.0, 'factor_obras_construccion': 1.0, 'factor_ocupacion_hotelera': 0.8, 'factor_zona_centro': 1.0}"
DIPUTACIÓN DL,1,2026-04-29 01:00:00,ZONA_CENTRO,noche,0.1,0.098,0.9769,0.85,-2.31,🟢 NORMAL,33.115,25.988,"{'factor_cruceros': 1.0, 'factor_eventos': 1.0, 'factor_fin_de_semana': 1.0, 'factor_franja_noche': 1.02, 'factor_global': 1.0, 'factor_movilidad_ciudad': 1.0, 'factor_obras_construccion': 1.0, 'factor_ocupacion_hotelera': 0.8, 'factor_zona_centro': 1.0}"
DIPUTACIÓN DL,2,2026-04-29 02:00:00,ZONA_CENTRO,noche,0.1,0.098,0.9769,0.85,-2.31,🟢 NORMAL,31.338,23.502,"{'factor_cruceros': 1.0, 'factor_eventos': 1.0, 'factor_fin_de_semana': 1.0, 'factor_franja_noche': 1.02, 'factor_global': 1.0, 'factor_movilidad_ciudad': 1.0, 'factor_obras_construccion': 1.0, 'factor_ocupacion_hotelera': 0.8, 'factor_zona_centro': 1.0}"
DIPUTACIÓN DL,3,2026-04-29 03:00:00,ZONA_CENTRO,noche,19.187,18.744,0.9769,0.85,-2.31,🟢 NORMAL,31.189,22.238,"{'factor_cruceros': 1.0, 'factor_eventos': 1.0, 'factor_fin_de_semana': 1.0, 'factor_franja_noche': 1.02, 'factor_global': 1.0, 'factor_movilidad_ciudad': 1.0, 'factor_obras_construccion': 1.0, 'factor_ocupacion_hotelera': 0.8, 'factor_zona_centro': 1.0}"
DIPUTACIÓN DL,4,2026-04-29 04:00:00,ZONA_CENTRO,noche,90.273,88.188,0.9769,0.85,-2.31,🟢 NORMAL,28.68,20.513,"{'factor_cruceros': 1.0, 'factor_eventos': 1.0, 'factor_fin_de_semana': 1.0, 'factor_franja_noche': 1.02, 'factor_global': 1.0, 'factor_movilidad_ciudad': 1.0, 'factor_obras_construccion': 1.0, 'factor_ocupacion_hotelera': 0.8, 'factor_zona_centro': 1.0}"
DIPUTACIÓN DL,5,2026-04-29 05:00:00,ZONA_CENTRO,noche,16.628,16.244,0.9769,0.85,-2.31,🟢 NORMAL,26.152,18.303,"{'factor_cruceros': 1.0, 'factor_eventos': 1.0, 'factor_fin_de_semana': 1.0, 'factor_franja_noche': 1.02, 'factor_global': 1.0, 'factor_movilidad_ciudad': 1.0, 'factor_obras_construccion': 1.0, 'factor_ocupacion_hotelera': 0.8, 'factor_zona_centro': 1.0}"
DIPUTACIÓN DL,6,2026-04-29 06:00:00,ZONA_CENTRO,manana,17.11,16.706,0.9764,0.85,-2.36,🟢 NORMAL,26.807,18.585,"{'factor_cruceros': 1.0, 'factor_eventos': 1.0, 'factor_fin_de_semana': 1.0, 'factor_franja_manana': 1.0, 'factor_global': 1.0, 'factor_movilidad_ciudad': 1.0, 'factor_obras_construccion': 1.0, 'factor_ocupacion_hotelera': 0.8, 'factor_zona_centro': 1.0}"
DIPUTACIÓN DL,7,2026-04-29 07:00:00,ZONA_CENTRO,manana,1.615,1.577,0.9764,0.85,-2.36,🟢 NORMAL,30.158,19.446,"{'factor_cruceros': 1.0, 'factor_eventos': 1.0, 'factor_fin_de_semana': 1.0, 'factor_franja_manana': 1.0, 'factor_global': 1.0, 'factor_movilidad_ciudad': 1.0, 'factor_obras_construccion': 1.0, 'factor_ocupacion_hotelera': 0.8, 'factor_zona_centro': 1.0}"
DIPUTACIÓN DL,8,2026-04-29 08:00:00,ZONA_CENTRO,manana,18.976,18.528,0.9764,0.85,-2.36,🟢 NORMAL,38.256,24.208,"{'factor_cruceros': 1.0, 'factor_eventos': 1.0, 'factor_fin_de_semana': 1.0, 'factor_franja_manana': 1.0, 'factor_global': 1.0, 'factor_movilidad_ciudad': 1.0, 'factor_obras_construccion': 1.0, 'factor_ocupacion_hotelera': 0.8, 'factor_zona_centro': 1.0}"
DIPUTACIÓN DL,9,2026-04-29 09:00:00,ZONA_CENTRO,manana,38.953,38.033,0.9764,0.85,-2.36,🟢 NORMAL,44.434,31.414,"{'factor_cruceros': 1.0, 'factor_eventos': 1.0, 'factor_fin_de_semana': 1.0, 'factor_franja_manana': 1.0, 'factor_global': 1.0, 'factor_movilidad_ciudad': 1.0, 'factor_obras_construccion': 1.0, 'factor_ocupacion_hotelera': 0.8, 'factor_zona_centro': 1.0}"
DIPUTACIÓN DL,10,2026-04-29 10:00:00,ZONA_CENTRO,manana,0.1,0.098,0.9764,0.85,-2.36,🟢 NORMAL,46.566,36.35,"{'factor_cruceros': 1.0, 'factor_eventos': 1.0, 'factor_fin_de_semana': 1.0, 'factor_franja_manana': 1.0, 'factor_global': 1.0, 'factor_movilidad_ciudad': 1.0, 'factor_obras_construccion': 1.0, 'factor_ocupacion_hotelera': 0.8, 'factor_zona_centro': 1.0}"
DIPUTACIÓN DL,11,2026-04-29 11:00:00,ZONA_CENTRO,manana,37.155,36.277,0.9764,0.85,-2.36,🟢 NORMAL,41.812,33.392,"{'factor_cruceros': 1.0, 'factor_eventos': 1.0, 'factor_fin_de_semana': 1.0, 'factor_franja_manana': 1.0, 'factor_global': 1.0, 'factor_movilidad_ciudad': 1.0, 'factor_obras_construccion': 1.0, 'factor_ocupacion_hotelera': 0.8, 'factor_zona_centro': 1.0}"
DIPUTACIÓN DL,12,2026-04-29 12:00:00,ZONA_CENTRO,manana,22.1,21.578,0.9764,0.85,-2.36,🟢 NORMAL,39.383,31.432,"{'factor_cruceros': 1.0, 'factor_eventos': 1.0, 'factor_fin_de_semana': 1.0, 'factor_franja_manana': 1.0, 'factor_global': 1.0, 'factor_movilidad_ciudad': 1.0, 'factor_obras_construccion': 1.0, 'factor_ocupacion_hotelera': 0.8, 'factor_zona_centro': 1.0}"
DIPUTACIÓN DL,13,2026-04-29 13:00:00,ZONA_CENTRO,manana,144.991,141.567,0.9764,0.85,-2.36,🟢 NORMAL,158.929,125.627,"{'factor_cruceros': 1.0, 'factor_eventos': 1.0, 'factor_fin_de_semana': 1.0, 'factor_franja_manana': 1.0, 'factor_global': 1.0, 'factor_movilidad_ciudad': 1.0, 'factor_obras_construccion': 1.0, 'factor_ocupacion_hotelera': 0.8, 'factor_zona_centro': 1.0}"
DIPUTACIÓN DL,14,2026-04-29 14:00:00,ZONA_CENTRO,tarde,179.103,176.036,0.9829,0.85,-1.71,🟢 NORMAL,198.661,157.035,"{'factor_calor_acumulado': 1.0, 'factor_cruceros': 1.0, 'factor_eventos': 1.0, 'factor_fin_de_semana': 1.0, 'factor_franja_tarde': 1.02, 'factor_global': 1.0, 'factor_movilidad_ciudad': 1.0, 'factor_obras_construccion': 1.0, 'factor_ocupacion_hotelera': 0.8, 'factor_zona_centro': 1.0}"
DIPUTACIÓN DL,15,2026-04-29 15:00:00,ZONA_CENTRO,tarde,158.579,155.863,0.9829,0.85,-1.71,🟢 NORMAL,178.794,141.332,"{'factor_calor_acumulado': 1.0, 'factor_cruceros': 1.0, 'factor_eventos': 1.0, 'factor_fin_de_semana': 1.0, 'factor_franja_tarde': 1.02, 'factor_global': 1.0, 'factor_movilidad_ciudad': 1.0, 'factor_obras_construccion': 1.0, 'factor_ocupacion_hotelera': 0.8, 'factor_zona_centro': 1.0}"
DIPUTACIÓN DL,16,2026-04-29 16:00:00,ZONA_CENTRO,tarde,123.045,120.938,0.9829,0.85,-1.71,🟢 NORMAL,139.062,109.924,"{'factor_calor_acumulado': 1.0, 'factor_cruceros': 1.0, 'factor_eventos': 1.0, 'factor_fin_de_semana': 1.0, 'factor_franja_tarde': 1.02, 'factor_global': 1.0, 'factor_movilidad_ciudad': 1.0, 'factor_obras_construccion': 1.0, 'factor_ocupacion_hotelera': 0.8, 'factor_zona_centro': 1.0}"
DIPUTACIÓN DL,17,2026-04-29 17:00:00,ZONA_CENTRO,tarde,107.662,105.819,0.9829,0.85,-1.71,🟢 NORMAL,119.196,94.221,"{'factor_calor_acumulado': 1.0, 'factor_cruceros': 1.0, 'factor_eventos': 1.0, 'factor_fin_de_semana': 1.0, 'factor_franja_tarde': 1.02, 'factor_global': 1.0, 'factor_movilidad_ciudad': 1.0, 'factor_obras_construccion': 1.0, 'factor_ocupacion_hotelera': 0.8, 'factor_zona_centro': 1.0}"
DIPUTACIÓN DL,18,2026-04-29 18:00:00,ZONA_CENTRO,tarde,123.045,120.938,0.9829,0.85,-1.71,🟢 NORMAL,139.062,109.924,"{'factor_calor_acumulado': 1.0, 'factor_cruceros': 1.0, 'factor_eventos': 1.0, 'factor_fin_de_semana': 1.0, 'factor_franja_tarde': 1.02, 'factor_global': 1.0, 'factor_movilidad_ciudad': 1.0, 'factor_obras_construccion': 1.0, 'factor_ocupacion_hotelera': 0.8, 'factor_zona_centro': 1.0}"
DIPUTACIÓN DL,19,2026-04-29 19:00:00,ZONA_CENTRO,tarde,158.579,155.863,0.9829,0.85,-1.71,🟢 NORMAL,178.794,141.332,"{'factor_calor_acumulado': 1.0, 'factor_cruceros': 1.0, 'factor_eventos': 1.0, 'factor_fin_de_semana': 1.0, 'factor_franja_tarde': 1.02, 'factor_global': 1.0, 'factor_movilidad_ciudad': 1.0, 'factor_obras_construccion': 1.0, 'factor_ocupacion_hotelera': 0.8, 'factor_zona_centro': 1.0}"
DIPUTACIÓN DL,20,2026-04-29 20:00:00,ZONA_CENTRO,tarde,187.481,184.271,0.9829,0.85,-1.71,🟢 NORMAL,218.526,172.738,"{'factor_calor_acumulado': 1.0, 'factor_cruceros': 1.0, 'factor_eventos': 1.0, 'factor_fin_de_semana': 1.0, 'factor_franja_tarde': 1.02, 'factor_global': 1.0, 'factor_movilidad_ciudad': 1.0, 'factor_obras_construccion': 1.0, 'factor_ocupacion_hotelera': 0.8, 'factor_zona_centro': 1.0}"
DIPUTACIÓN DL,21,2026-04-29 21:00:00,ZONA_CENTRO,tarde,194.693,191.359,0.9829,0.85,-1.71,🟢 NORMAL,238.393,188.441,"{'factor_calor_acumulado': 1.0, 'factor_cruceros': 1.0, 'factor_eventos': 1.0, 'factor_fin_de_semana': 1.0, 'factor_franja_tarde': 1.02, 'factor_global': 1.0, 'factor_movilidad_ciudad': 1.0, 'factor_obras_construccion': 1.0, 'factor_ocupacion_hotelera': 0.8, 'factor_zona_centro': 1.0}"
DIPUTACIÓN DL,22,2026-04-29 22:00:00,ZONA_CENTRO,noche,156.853,153.23,0.9769,0.85,-2.31,🟢 NORMAL,178.794,141.332,"{'factor_cruceros': 1.0, 'factor_eventos': 1.0, 'factor_fin_de_semana': 1.0, 'factor_franja_noche': 1.02, 'factor_global': 1.0, 'factor_movilidad_ciudad': 1.0, 'factor_obras_construccion': 1.0, 'factor_ocupacion_hotelera': 0.8, 'factor_zona_centro': 1.0}"
DIPUTACIÓN DL,23,2026-04-29 23:00:00,ZONA_CENTRO,noche,121.319,118.517,0.9769,0.85,-2.31,🟢 NORMAL,139.062,109.924,"{'factor_cruceros': 1.0, 'factor_eventos': 1.0, 'factor_fin_de_semana': 1.0, 'factor_franja_noche': 1.02, 'factor_global': 1.0, 'factor_movilidad_ciudad': 1.0, 'factor_obras_construccion': 1.0, 'factor_ocupacion_hotelera': 0.8, 'factor_zona_centro': 1.0}"
Depósito Los Ángeles,0,2026-04-29 00:00:00,ZONA_NORTE,noche,16.32,16.34,1.0013,0.85,0.13,🟢 NORMAL,9.148,5.51,"{'factor_eventos': 1.0, 'factor_fin_de_semana': 1.0, 'factor_franja_noche': 1.02, 'factor_global': 1.0, 'factor_movilidad_ciudad': 1.0, 'factor_obras_construccion': 1.0, 'factor_zona_norte': 1.0}"
Depósito Los Ángeles,1,2026-04-29 01:00:00,ZONA_NORTE,noche,28.57,28.606,1.0013,0.85,0.13,🟢 NORMAL,19.9,14.4,"{'factor_eventos': 1.0, 'factor_fin_de_semana': 1.0, 'factor_franja_noche': 1.02, 'factor_global': 1.0, 'factor_movilidad_ciudad': 1.0, 'factor_obras_construccion': 1.0, 'factor_zona_norte': 1.0}"
Depósito Los Ángeles,2,2026-04-29 02:00:00,ZONA_NORTE,noche,32.625,32.666,1.0013,0.85,0.13,🟢 NORMAL,17.85,13.128,"{'factor_eventos': 1.0, 'factor_fin_de_semana': 1.0, 'factor_franja_noche': 1.02, 'factor_global': 1.0, 'factor_movilidad_ciudad': 1.0, 'factor_obras_construccion': 1.0, 'factor_zona_norte': 1.0}"
Depósito Los Ángeles,3,2026-04-29 03:00:00,ZONA_NORTE,noche,31.822,31.862,1.0013,0.85,0.13,🟢 NORMAL,16.7,13.05,"{'factor_eventos': 1.0, 'factor_fin_de_semana': 1.0, 'factor_franja_noche': 1.02, 'factor_global': 1.0, 'factor_movilidad_ciudad': 1.0, 'factor_obras_construccion': 1.0, 'factor_zona_norte': 1.0}"
Depósito Los Ángeles,4,2026-04-29 04:00:00,ZONA_NORTE,noche,31.822,31.862,1.0013,0.85,0.13,🟢 NORMAL,15.7,12.7,"{'factor_eventos': 1.0, 'factor_fin_de_semana': 1.0, 'factor_franja_noche': 1.02, 'factor_global': 1.0, 'factor_movilidad_ciudad': 1.0, 'factor_obras_construccion': 1.0, 'factor_zona_norte': 1.0}"
Depósito Los Ángeles,5,2026-04-29 05:00:00,ZONA_NORTE,noche,35.569,35.613,1.0013,0.85,0.13,🟢 NORMAL,14.75,11.45,"{'factor_eventos': 1.0, 'factor_fin_de_semana': 1.0, 'factor_franja_noche': 1.02, 'factor_global': 1.0, 'factor_movilidad_ciudad': 1.0, 'factor_obras_construccion': 1.0, 'factor_zona_norte': 1.0}"
Depósito Los Ángeles,6,2026-04-29 06:00:00,ZONA_NORTE,manana,33.467,33.467,1.0,0.85,0.0,🟢 NORMAL,16.353,12.3,"{'factor_eventos': 1.0, 'factor_fin_de_semana': 1.0, 'factor_franja_manana': 1.0, 'factor_global': 1.0, 'factor_movilidad_ciudad': 1.0, 'factor_obras_construccion': 1.0, 'factor_zona_norte': 1.0}"
Depósito Los Ángeles,7,2026-04-29 07:00:00,ZONA_NORTE,manana,34.269,34.269,1.0,0.85,0.0,🟢 NORMAL,18.7,13.7,"{'factor_eventos': 1.0, 'factor_fin_de_semana': 1.0, 'factor_franja_manana': 1.0, 'factor_global': 1.0, 'factor_movilidad_ciudad': 1.0, 'factor_obras_construccion': 1.0, 'factor_zona_norte': 1.0}"
Depósito Los Ángeles,8,2026-04-29 08:00:00,ZONA_NORTE,manana,27.91,27.91,1.0,0.85,0.0,🟢 NORMAL,22.895,15.82,"{'factor_eventos': 1.0, 'factor_fin_de_semana': 1.0, 'factor_franja_manana': 1.0, 'factor_global': 1.0, 'factor_movilidad_ciudad': 1.0, 'factor_obras_construccion': 1.0, 'factor_zona_norte': 1.0}"
Depósito Los Ángeles,9,2026-04-29 09:00:00,ZONA_NORTE,manana,17.11,17.11,1.0,0.85,0.0,🟢 NORMAL,25.385,20.032,"{'factor_eventos': 1.0, 'factor_fin_de_semana': 1.0, 'factor_franja_manana': 1.0, 'factor_global': 1.0, 'factor_movilidad_ciudad': 1.0, 'factor_obras_construccion': 1.0, 'factor_zona_norte': 1.0}"
Depósito Los Ángeles,10,2026-04-29 10:00:00,ZONA_NORTE,manana,0.1,0.1,1.0,0.85,0.0,🟢 NORMAL,26.118,22.682,"{'factor_eventos': 1.0, 'factor_fin_de_semana': 1.0, 'factor_franja_manana': 1.0, 'factor_global': 1.0, 'factor_movilidad_ciudad': 1.0, 'factor_obras_construccion': 1.0, 'factor_zona_norte': 1.0}"
Depósito Los Ángeles,11,2026-04-29 11:00:00,ZONA_NORTE,manana,14.66,14.66,1.0,0.85,0.0,🟢 NORMAL,25.167,20.432,"{'factor_eventos': 1.0, 'factor_fin_de_semana': 1.0, 'factor_franja_manana': 1.0, 'factor_global': 1.0, 'factor_movilidad_ciudad': 1.0, 'factor_obras_construccion': 1.0, 'factor_zona_norte': 1.0}"
Depósito Los Ángeles,12,2026-04-29 12:00:00,ZONA_NORTE,manana,20.925,20.925,1.0,0.85,0.0,🟢 NORMAL,23.05,17.3,"{'factor_eventos': 1.0, 'factor_fin_de_semana': 1.0, 'factor_franja_manana': 1.0, 'factor_global': 1.0, 'factor_movilidad_ciudad': 1.0, 'factor_obras_construccion': 1.0, 'factor_zona_norte': 1.0}"
Depósito Los Ángeles,13,2026-04-29 13:00:00,ZONA_NORTE,manana,20.219,20.219,1.0,0.85,0.0,🟢 NORMAL,14.637,8.816,"{'factor_eventos': 1.0, 'factor_fin_de_semana': 1.0, 'factor_franja_manana': 1.0, 'factor_global': 1.0, 'factor_movilidad_ciudad': 1.0, 'factor_obras_construccion': 1.0, 'factor_zona_norte': 1.0}"
Depósito Los Ángeles,14,2026-04-29 14:00:00,ZONA_NORTE,tarde,32.811,32.871,1.0018,0.85,0.18,🟢 NORMAL,18.297,11.02,"{'factor_calor_acumulado': 1.0, 'factor_eventos': 1.0, 'factor_fin_de_semana': 1.0, 'factor_franja_tarde': 1.02, 'factor_global': 1.0, 'factor_movilidad_ciudad': 1.0, 'factor_obras_construccion': 1.0, 'factor_zona_norte': 1.0}"
Depósito Los Ángeles,15,2026-04-29 15:00:00,ZONA_NORTE,tarde,27.471,27.521,1.0018,0.85,0.18,🟢 NORMAL,16.467,9.918,"{'factor_calor_acumulado': 1.0, 'factor_eventos': 1.0, 'factor_fin_de_semana': 1.0, 'factor_franja_tarde': 1.02, 'factor_global': 1.0, 'factor_movilidad_ciudad': 1.0, 'factor_obras_construccion': 1.0, 'factor_zona_norte': 1.0}"
Depósito Los Ángeles,16,2026-04-29 16:00:00,ZONA_NORTE,tarde,17.669,17.702,1.0018,0.85,0.18,🟢 NORMAL,12.807,7.714,"{'factor_calor_acumulado': 1.0, 'factor_eventos': 1.0, 'factor_fin_de_semana': 1.0, 'factor_franja_tarde': 1.02, 'factor_global': 1.0, 'factor_movilidad_ciudad': 1.0, 'factor_obras_construccion': 1.0, 'factor_zona_norte': 1.0}"
Depósito Los Ángeles,17,2026-04-29 17:00:00,ZONA_NORTE,tarde,15.347,15.375,1.0018,0.85,0.18,🟢 NORMAL,10.977,6.612,"{'factor_calor_acumulado': 1.0, 'factor_eventos': 1.0, 'factor_fin_de_semana': 1.0, 'factor_franja_tarde': 1.02, 'factor_global': 1.0, 'factor_movilidad_ciudad': 1.0, 'factor_obras_construccion': 1.0, 'factor_zona_norte': 1.0}"
Depósito Los Ángeles,18,2026-04-29 18:00:00,ZONA_NORTE,tarde,17.669,17.702,1.0018,0.85,0.18,🟢 NORMAL,12.807,7.714,"{'factor_calor_acumulado': 1.0, 'factor_eventos': 1.0, 'factor_fin_de_semana': 1.0, 'factor_franja_tarde': 1.02, 'factor_global': 1.0, 'factor_movilidad_ciudad': 1.0, 'factor_obras_construccion': 1.0, 'factor_zona_norte': 1.0}"
Depósito Los Ángeles,19,2026-04-29 19:00:00,ZONA_NORTE,tarde,27.471,27.521,1.0018,0.85,0.18,🟢 NORMAL,16.467,9.918,"{'factor_calor_acumulado': 1.0, 'factor_eventos': 1.0, 'factor_fin_de_semana': 1.0, 'factor_franja_tarde': 1.02, 'factor_global': 1.0, 'factor_movilidad_ciudad': 1.0, 'factor_obras_construccion': 1.0, 'factor_zona_norte': 1.0}"
Depósito Los Ángeles,20,2026-04-29 20:00:00,ZONA_NORTE,tarde,32.781,32.841,1.0018,0.85,0.18,🟢 NORMAL,20.126,12.122,"{'factor_calor_acumulado': 1.0, 'factor_eventos': 1.0, 'factor_fin_de_semana': 1.0, 'factor_franja_tarde': 1.02, 'factor_global': 1.0, 'factor_movilidad_ciudad': 1.0, 'factor_obras_construccion': 1.0, 'factor_zona_norte': 1.0}"
Depósito Los Ángeles,21,2026-04-29 21:00:00,ZONA_NORTE,tarde,28.727,28.779,1.0018,0.85,0.18,🟢 NORMAL,21.956,13.224,"{'factor_calor_acumulado': 1.0, 'factor_eventos': 1.0, 'factor_fin_de_semana': 1.0, 'factor_franja_tarde': 1.02, 'factor_global': 1.0, 'factor_movilidad_ciudad': 1.0, 'factor_obras_construccion': 1.0, 'factor_zona_norte': 1.0}"
Depósito Los Ángeles,22,2026-04-29 22:00:00,ZONA_NORTE,noche,27.887,27.922,1.0013,0.85,0.13,🟢 NORMAL,16.467,9.918,"{'factor_eventos': 1.0, 'factor_fin_de_semana': 1.0, 'factor_franja_noche': 1.02, 'factor_global': 1.0, 'factor_movilidad_ciudad': 1.0, 'factor_obras_construccion': 1.0, 'factor_zona_norte': 1.0}"
Depósito Los Ángeles,23,2026-04-29 23:00:00,ZONA_NORTE,noche,18.085,18.108,1.0013,0.85,0.13,🟢 NORMAL,12.807,7.714,"{'factor_eventos': 1.0, 'factor_fin_de_semana': 1.0, 'factor_franja_noche': 1.02, 'factor_global': 1.0, 'factor_movilidad_ciudad': 1.0, 'factor_obras_construccion': 1.0, 'factor_zona_norte': 1.0}"
GARBINET NORTE 1,0,2026-04-29 00:00:00,ZONA_NORTE,noche,71.946,72.037,1.0013,0.85,0.13,🟢 NORMAL,85.252,67.88,"{'factor_eventos': 1.0, 'factor_fin_de_semana': 1.0, 'factor_franja_noche': 1.02, 'factor_global': 1.0, 'factor_movilidad_ciudad': 1.0, 'factor_obras_construccion': 1.0, 'factor_zona_norte': 1.0}"
GARBINET NORTE 1,1,2026-04-29 01:00:00,ZONA_NORTE,noche,28.689,28.726,1.0013,0.85,0.13,🟢 NORMAL,17.515,9.035,"{'factor_eventos': 1.0, 'factor_fin_de_semana': 1.0, 'factor_franja_noche': 1.02, 'factor_global': 1.0, 'factor_movilidad_ciudad': 1.0, 'factor_obras_construccion': 1.0, 'factor_zona_norte': 1.0}"
GARBINET NORTE 1,2,2026-04-29 02:00:00,ZONA_NORTE,noche,18.691,18.714,1.0013,0.85,0.13,🟢 NORMAL,14.615,7.3,"{'factor_eventos': 1.0, 'factor_fin_de_semana': 1.0, 'factor_franja_noche': 1.02, 'factor_global': 1.0, 'factor_movilidad_ciudad': 1.0, 'factor_obras_construccion': 1.0, 'factor_zona_norte': 1.0}"
GARBINET NORTE 1,3,2026-04-29 03:00:00,ZONA_NORTE,noche,18.691,18.714,1.0013,0.85,0.13,🟢 NORMAL,12.55,7.235,"{'factor_eventos': 1.0, 'factor_fin_de_semana': 1.0, 'factor_franja_noche': 1.02, 'factor_global': 1.0, 'factor_movilidad_ciudad': 1.0, 'factor_obras_construccion': 1.0, 'factor_zona_norte': 1.0}"
GARBINET NORTE 1,4,2026-04-29 04:00:00,ZONA_NORTE,noche,18.691,18.714,1.0013,0.85,0.13,🟢 NORMAL,11.65,6.95,"{'factor_eventos': 1.0, 'factor_fin_de_semana': 1.0, 'factor_franja_noche': 1.02, 'factor_global': 1.0, 'factor_movilidad_ciudad': 1.0, 'factor_obras_construccion': 1.0, 'factor_zona_norte': 1.0}"
GARBINET NORTE 1,5,2026-04-29 05:00:00,ZONA_NORTE,noche,22.471,22.5,1.0013,0.85,0.13,🟢 NORMAL,10.55,5.75,"{'factor_eventos': 1.0, 'factor_fin_de_semana': 1.0, 'factor_franja_noche': 1.02, 'factor_global': 1.0, 'factor_movilidad_ciudad': 1.0, 'factor_obras_construccion': 1.0, 'factor_zona_norte': 1.0}"
GARBINET NORTE 1,6,2026-04-29 06:00:00,ZONA_NORTE,manana,21.343,21.343,1.0,0.85,0.0,🟢 NORMAL,11.765,6.35,"{'factor_eventos': 1.0, 'factor_fin_de_semana': 1.0, 'factor_franja_manana': 1.0, 'factor_global': 1.0, 'factor_movilidad_ciudad': 1.0, 'factor_obras_construccion': 1.0, 'factor_zona_norte': 1.0}"
GARBINET NORTE 1,7,2026-04-29 07:00:00,ZONA_NORTE,manana,27.581,27.581,1.0,0.85,0.0,🟢 NORMAL,15.525,8.662,"{'factor_eventos': 1.0, 'factor_fin_de_semana': 1.0, 'factor_franja_manana': 1.0, 'factor_global': 1.0, 'factor_movilidad_ciudad': 1.0, 'factor_obras_construccion': 1.0, 'factor_zona_norte': 1.0}"
GARBINET NORTE 1,8,2026-04-29 08:00:00,ZONA_NORTE,manana,28.957,28.957,1.0,0.85,0.0,🟢 NORMAL,25.45,11.85,"{'factor_eventos': 1.0, 'factor_fin_de_semana': 1.0, 'factor_franja_manana': 1.0, 'factor_global': 1.0, 'factor_movilidad_ciudad': 1.0, 'factor_obras_construccion': 1.0, 'factor_zona_norte': 1.0}"
GARBINET NORTE 1,9,2026-04-29 09:00:00,ZONA_NORTE,manana,18.289,18.289,1.0,0.85,0.0,🟢 NORMAL,26.3,16.65,"{'factor_eventos': 1.0, 'factor_fin_de_semana': 1.0, 'factor_franja_manana': 1.0, 'factor_global': 1.0, 'factor_movilidad_ciudad': 1.0, 'factor_obras_construccion': 1.0, 'factor_zona_norte': 1.0}"
GARBINET NORTE 1,10,2026-04-29 10:00:00,ZONA_NORTE,manana,0.1,0.1,1.0,0.85,0.0,🟢 NORMAL,25.103,17.397,"{'factor_eventos': 1.0, 'factor_fin_de_semana': 1.0, 'factor_franja_manana': 1.0, 'factor_global': 1.0, 'factor_movilidad_ciudad': 1.0, 'factor_obras_construccion': 1.0, 'factor_zona_norte': 1.0}"
GARBINET NORTE 1,11,2026-04-29 11:00:00,ZONA_NORTE,manana,23.71,23.71,1.0,0.85,0.0,🟢 NORMAL,23.202,14.798,"{'factor_eventos': 1.0, 'factor_fin_de_semana': 1.0, 'factor_franja_manana': 1.0, 'factor_global': 1.0, 'factor_movilidad_ciudad': 1.0, 'factor_obras_construccion': 1.0, 'factor_zona_norte': 1.0}"
GARBINET NORTE 1,12,2026-04-29 12:00:00,ZONA_NORTE,manana,31.819,31.819,1.0,0.85,0.0,🟢 NORMAL,20.665,11.5,"{'factor_eventos': 1.0, 'factor_fin_de_semana': 1.0, 'factor_franja_manana': 1.0, 'factor_global': 1.0, 'factor_movilidad_ciudad': 1.0, 'factor_obras_construccion': 1.0, 'factor_zona_norte': 1.0}"
GARBINET NORTE 1,13,2026-04-29 13:00:00,ZONA_NORTE,manana,123.28,123.28,1.0,0.85,0.0,🟢 NORMAL,136.403,108.608,"{'factor_eventos': 1.0, 'factor_fin_de_semana': 1.0, 'factor_franja_manana': 1.0, 'factor_global': 1.0, 'factor_movilidad_ciudad': 1.0, 'factor_obras_construccion': 1.0, 'factor_zona_norte': 1.0}"
GARBINET NORTE 1,14,2026-04-29 14:00:00,ZONA_NORTE,tarde,154.529,154.81,1.0018,0.85,0.18,🟢 NORMAL,170.504,135.76,"{'factor_calor_acumulado': 1.0, 'factor_eventos': 1.0, 'factor_fin_de_semana': 1.0, 'factor_franja_tarde': 1.02, 'factor_global': 1.0, 'factor_movilidad_ciudad': 1.0, 'factor_obras_construccion': 1.0, 'factor_zona_norte': 1.0}"
GARBINET NORTE 1,15,2026-04-29 15:00:00,ZONA_NORTE,tarde,138.961,139.214,1.0018,0.85,0.18,🟢 NORMAL,153.454,122.184,"{'factor_calor_acumulado': 1.0, 'factor_eventos': 1.0, 'factor_fin_de_semana': 1.0, 'factor_franja_tarde': 1.02, 'factor_global': 1.0, 'factor_movilidad_ciudad': 1.0, 'factor_obras_construccion': 1.0, 'factor_zona_norte': 1.0}"
GARBINET NORTE 1,16,2026-04-29 16:00:00,ZONA_NORTE,tarde,104.765,104.956,1.0018,0.85,0.18,🟢 NORMAL,119.353,95.032,"{'factor_calor_acumulado': 1.0, 'factor_eventos': 1.0, 'factor_fin_de_semana': 1.0, 'factor_franja_tarde': 1.02, 'factor_global': 1.0, 'factor_movilidad_ciudad': 1.0, 'factor_obras_construccion': 1.0, 'factor_zona_norte': 1.0}"
GARBINET NORTE 1,17,2026-04-29 17:00:00,ZONA_NORTE,tarde,88.977,89.139,1.0018,0.85,0.18,🟢 NORMAL,102.303,81.456,"{'factor_calor_acumulado': 1.0, 'factor_eventos': 1.0, 'factor_fin_de_semana': 1.0, 'factor_franja_tarde': 1.02, 'factor_global': 1.0, 'factor_movilidad_ciudad': 1.0, 'factor_obras_construccion': 1.0, 'factor_zona_norte': 1.0}"
GARBINET NORTE 1,18,2026-04-29 18:00:00,ZONA_NORTE,tarde,104.765,104.956,1.0018,0.85,0.18,🟢 NORMAL,119.353,95.032,"{'factor_calor_acumulado': 1.0, 'factor_eventos': 1.0, 'factor_fin_de_semana': 1.0, 'factor_franja_tarde': 1.02, 'factor_global': 1.0, 'factor_movilidad_ciudad': 1.0, 'factor_obras_construccion': 1.0, 'factor_zona_norte': 1.0}"
GARBINET NORTE 1,19,2026-04-29 19:00:00,ZONA_NORTE,tarde,138.961,139.214,1.0018,0.85,0.18,🟢 NORMAL,153.454,122.184,"{'factor_calor_acumulado': 1.0, 'factor_eventos': 1.0, 'factor_fin_de_semana': 1.0, 'factor_franja_tarde': 1.02, 'factor_global': 1.0, 'factor_movilidad_ciudad': 1.0, 'factor_obras_construccion': 1.0, 'factor_zona_norte': 1.0}"
GARBINET NORTE 1,20,2026-04-29 20:00:00,ZONA_NORTE,tarde,162.525,162.821,1.0018,0.85,0.18,🟢 NORMAL,187.555,149.337,"{'factor_calor_acumulado': 1.0, 'factor_eventos': 1.0, 'factor_fin_de_semana': 1.0, 'factor_franja_tarde': 1.02, 'factor_global': 1.0, 'factor_movilidad_ciudad': 1.0, 'factor_obras_construccion': 1.0, 'factor_zona_norte': 1.0}"
GARBINET NORTE 1,21,2026-04-29 21:00:00,ZONA_NORTE,tarde,177.142,177.465,1.0018,0.85,0.18,🟢 NORMAL,204.605,162.913,"{'factor_calor_acumulado': 1.0, 'factor_eventos': 1.0, 'factor_fin_de_semana': 1.0, 'factor_franja_tarde': 1.02, 'factor_global': 1.0, 'factor_movilidad_ciudad': 1.0, 'factor_obras_construccion': 1.0, 'factor_zona_norte': 1.0}"
GARBINET NORTE 1,22,2026-04-29 22:00:00,ZONA_NORTE,noche,137.235,137.408,1.0013,0.85,0.13,🟢 NORMAL,153.454,122.184,"{'factor_eventos': 1.0, 'factor_fin_de_semana': 1.0, 'factor_franja_noche': 1.02, 'factor_global': 1.0, 'factor_movilidad_ciudad': 1.0, 'factor_obras_construccion': 1.0, 'factor_zona_norte': 1.0}"
GARBINET NORTE 1,23,2026-04-29 23:00:00,ZONA_NORTE,noche,103.039,103.169,1.0013,0.85,0.13,🟢 NORMAL,119.353,95.032,"{'factor_eventos': 1.0, 'factor_fin_de_semana': 1.0, 'factor_franja_noche': 1.02, 'factor_global': 1.0, 'factor_movilidad_ciudad': 1.0, 'factor_obras_construccion': 1.0, 'factor_zona_norte': 1.0}"
INFORMACIÓN DL,0,2026-04-29 00:00:00,ZONA_NORTE,noche,19.663,19.687,1.0013,0.85,0.13,🟢 NORMAL,12.344,8.326,"{'factor_eventos': 1.0, 'factor_fin_de_semana': 1.0, 'factor_franja_noche': 1.02, 'factor_global': 1.0, 'factor_movilidad_ciudad': 1.0, 'factor_obras_construccion': 1.0, 'factor_zona_norte': 1.0}"
INFORMACIÓN DL,1,2026-04-29 01:00:00,ZONA_NORTE,noche,32.625,32.666,1.0013,0.85,0.13,🟢 NORMAL,18.0,12.0,"{'factor_eventos': 1.0, 'factor_fin_de_semana': 1.0, 'factor_franja_noche': 1.02, 'factor_global': 1.0, 'factor_movilidad_ciudad': 1.0, 'factor_obras_construccion': 1.0, 'factor_zona_norte': 1.0}"
INFORMACIÓN DL,2,2026-04-29 02:00:00,ZONA_NORTE,noche,1.725,1.727,1.0013,0.85,0.13,🟢 NORMAL,16.38,10.0,"{'factor_eventos': 1.0, 'factor_fin_de_semana': 1.0, 'factor_franja_noche': 1.02, 'factor_global': 1.0, 'factor_movilidad_ciudad': 1.0, 'factor_obras_construccion': 1.0, 'factor_zona_norte': 1.0}"
INFORMACIÓN DL,3,2026-04-29 03:00:00,ZONA_NORTE,noche,32.996,33.037,1.0013,0.85,0.13,🟢 NORMAL,16.0,10.0,"{'factor_eventos': 1.0, 'factor_fin_de_semana': 1.0, 'factor_franja_noche': 1.02, 'factor_global': 1.0, 'factor_movilidad_ciudad': 1.0, 'factor_obras_construccion': 1.0, 'factor_zona_norte': 1.0}"
INFORMACIÓN DL,4,2026-04-29 04:00:00,ZONA_NORTE,noche,25.937,25.969,1.0013,0.85,0.13,🟢 NORMAL,15.33,9.0,"{'factor_eventos': 1.0, 'factor_fin_de_semana': 1.0, 'factor_franja_noche': 1.02, 'factor_global': 1.0, 'factor_movilidad_ciudad': 1.0, 'factor_obras_construccion': 1.0, 'factor_zona_norte': 1.0}"
INFORMACIÓN DL,5,2026-04-29 05:00:00,ZONA_NORTE,noche,33.784,33.826,1.0013,0.85,0.13,🟢 NORMAL,16.0,10.0,"{'factor_eventos': 1.0, 'factor_fin_de_semana': 1.0, 'factor_franja_noche': 1.02, 'factor_global': 1.0, 'factor_movilidad_ciudad': 1.0, 'factor_obras_construccion': 1.0, 'factor_zona_norte': 1.0}"
INFORMACIÓN DL,6,2026-04-29 06:00:00,ZONA_NORTE,manana,30.334,30.334,1.0,0.85,0.0,🟢 NORMAL,16.0,10.0,"{'factor_eventos': 1.0, 'factor_fin_de_semana': 1.0, 'factor_franja_manana': 1.0, 'factor_global': 1.0, 'factor_movilidad_ciudad': 1.0, 'factor_obras_construccion': 1.0, 'factor_zona_norte': 1.0}"
INFORMACIÓN DL,7,2026-04-29 07:00:00,ZONA_NORTE,manana,34.269,34.269,1.0,0.85,0.0,🟢 NORMAL,19.0,12.0,"{'factor_eventos': 1.0, 'factor_fin_de_semana': 1.0, 'factor_franja_manana': 1.0, 'factor_global': 1.0, 'factor_movilidad_ciudad': 1.0, 'factor_obras_construccion': 1.0, 'factor_zona_norte': 1.0}"
INFORMACIÓN DL,8,2026-04-29 08:00:00,ZONA_NORTE,manana,30.215,30.215,1.0,0.85,0.0,🟢 NORMAL,20.47,13.0,"{'factor_eventos': 1.0, 'factor_fin_de_semana': 1.0, 'factor_franja_manana': 1.0, 'factor_global': 1.0, 'factor_movilidad_ciudad': 1.0, 'factor_obras_construccion': 1.0, 'factor_zona_norte': 1.0}"
INFORMACIÓN DL,9,2026-04-29 09:00:00,ZONA_NORTE,manana,23.813,23.813,1.0,0.85,0.0,🟢 NORMAL,23.0,16.0,"{'factor_eventos': 1.0, 'factor_fin_de_semana': 1.0, 'factor_franja_manana': 1.0, 'factor_global': 1.0, 'factor_movilidad_ciudad': 1.0, 'factor_obras_construccion': 1.0, 'factor_zona_norte': 1.0}"
INFORMACIÓN DL,10,2026-04-29 10:00:00,ZONA_NORTE,manana,0.1,0.1,1.0,0.85,0.0,🟢 NORMAL,24.0,18.0,"{'factor_eventos': 1.0, 'factor_fin_de_semana': 1.0, 'factor_franja_manana': 1.0, 'factor_global': 1.0, 'factor_movilidad_ciudad': 1.0, 'factor_obras_construccion': 1.0, 'factor_zona_norte': 1.0}"
INFORMACIÓN DL,11,2026-04-29 11:00:00,ZONA_NORTE,manana,15.839,15.839,1.0,0.85,0.0,🟢 NORMAL,22.0,15.0,"{'factor_eventos': 1.0, 'factor_fin_de_semana': 1.0, 'factor_franja_manana': 1.0, 'factor_global': 1.0, 'factor_movilidad_ciudad': 1.0, 'factor_obras_construccion': 1.0, 'factor_zona_norte': 1.0}"
INFORMACIÓN DL,12,2026-04-29 12:00:00,ZONA_NORTE,manana,27.015,27.015,1.0,0.85,0.0,🟢 NORMAL,20.0,12.0,"{'factor_eventos': 1.0, 'factor_fin_de_semana': 1.0, 'factor_franja_manana': 1.0, 'factor_global': 1.0, 'factor_movilidad_ciudad': 1.0, 'factor_obras_construccion': 1.0, 'factor_zona_norte': 1.0}"
INFORMACIÓN DL,13,2026-04-29 13:00:00,ZONA_NORTE,manana,29.559,29.559,1.0,0.85,0.0,🟢 NORMAL,19.751,13.322,"{'factor_eventos': 1.0, 'factor_fin_de_semana': 1.0, 'factor_franja_manana': 1.0, 'factor_global': 1.0, 'factor_movilidad_ciudad': 1.0, 'factor_obras_construccion': 1.0, 'factor_zona_norte': 1.0}"
INFORMACIÓN DL,14,2026-04-29 14:00:00,ZONA_NORTE,tarde,51.846,51.941,1.0018,0.85,0.18,🟢 NORMAL,24.689,16.652,"{'factor_calor_acumulado': 1.0, 'factor_eventos': 1.0, 'factor_fin_de_semana': 1.0, 'factor_franja_tarde': 1.02, 'factor_global': 1.0, 'factor_movilidad_ciudad': 1.0, 'factor_obras_construccion': 1.0, 'factor_zona_norte': 1.0}"
INFORMACIÓN DL,15,2026-04-29 15:00:00,ZONA_NORTE,tarde,25.335,25.382,1.0018,0.85,0.18,🟢 NORMAL,22.22,14.988,"{'factor_calor_acumulado': 1.0, 'factor_eventos': 1.0, 'factor_fin_de_semana': 1.0, 'factor_franja_tarde': 1.02, 'factor_global': 1.0, 'factor_movilidad_ciudad': 1.0, 'factor_obras_construccion': 1.0, 'factor_zona_norte': 1.0}"
INFORMACIÓN DL,16,2026-04-29 16:00:00,ZONA_NORTE,tarde,32.366,32.425,1.0018,0.85,0.18,🟢 NORMAL,17.282,11.657,"{'factor_calor_acumulado': 1.0, 'factor_eventos': 1.0, 'factor_fin_de_semana': 1.0, 'factor_franja_tarde': 1.02, 'factor_global': 1.0, 'factor_movilidad_ciudad': 1.0, 'factor_obras_construccion': 1.0, 'factor_zona_norte': 1.0}"
INFORMACIÓN DL,17,2026-04-29 17:00:00,ZONA_NORTE,tarde,27.471,27.521,1.0018,0.85,0.18,🟢 NORMAL,14.813,9.992,"{'factor_calor_acumulado': 1.0, 'factor_eventos': 1.0, 'factor_fin_de_semana': 1.0, 'factor_franja_tarde': 1.02, 'factor_global': 1.0, 'factor_movilidad_ciudad': 1.0, 'factor_obras_construccion': 1.0, 'factor_zona_norte': 1.0}"
INFORMACIÓN DL,18,2026-04-29 18:00:00,ZONA_NORTE,tarde,32.366,32.425,1.0018,0.85,0.18,🟢 NORMAL,17.282,11.657,"{'factor_calor_acumulado': 1.0, 'factor_eventos': 1.0, 'factor_fin_de_semana': 1.0, 'factor_franja_tarde': 1.02, 'factor_global': 1.0, 'factor_movilidad_ciudad': 1.0, 'factor_obras_construccion': 1.0, 'factor_zona_norte': 1.0}"
INFORMACIÓN DL,19,2026-04-29 19:00:00,ZONA_NORTE,tarde,25.335,25.382,1.0018,0.85,0.18,🟢 NORMAL,22.22,14.988,"{'factor_calor_acumulado': 1.0, 'factor_eventos': 1.0, 'factor_fin_de_semana': 1.0, 'factor_franja_tarde': 1.02, 'factor_global': 1.0, 'factor_movilidad_ciudad': 1.0, 'factor_obras_construccion': 1.0, 'factor_zona_norte': 1.0}"
INFORMACIÓN DL,20,2026-04-29 20:00:00,ZONA_NORTE,tarde,20.465,20.502,1.0018,0.85,0.18,🟢 NORMAL,27.158,18.318,"{'factor_calor_acumulado': 1.0, 'factor_eventos': 1.0, 'factor_fin_de_semana': 1.0, 'factor_franja_tarde': 1.02, 'factor_global': 1.0, 'factor_movilidad_ciudad': 1.0, 'factor_obras_construccion': 1.0, 'factor_zona_norte': 1.0}"
INFORMACIÓN DL,21,2026-04-29 21:00:00,ZONA_NORTE,tarde,4.96,4.969,1.0018,0.85,0.18,🟢 NORMAL,29.627,19.984,"{'factor_calor_acumulado': 1.0, 'factor_eventos': 1.0, 'factor_fin_de_semana': 1.0, 'factor_franja_tarde': 1.02, 'factor_global': 1.0, 'factor_movilidad_ciudad': 1.0, 'factor_obras_construccion': 1.0, 'factor_zona_norte': 1.0}"
INFORMACIÓN DL,22,2026-04-29 22:00:00,ZONA_NORTE,noche,24.829,24.86,1.0013,0.85,0.13,🟢 NORMAL,22.22,14.988,"{'factor_eventos': 1.0, 'factor_fin_de_semana': 1.0, 'factor_franja_noche': 1.02, 'factor_global': 1.0, 'factor_movilidad_ciudad': 1.0, 'factor_obras_construccion': 1.0, 'factor_zona_norte': 1.0}"
INFORMACIÓN DL,23,2026-04-29 23:00:00,ZONA_NORTE,noche,32.781,32.823,1.0013,0.85,0.13,🟢 NORMAL,17.282,11.657,"{'factor_eventos': 1.0, 'factor_fin_de_semana': 1.0, 'factor_franja_noche': 1.02, 'factor_global': 1.0, 'factor_movilidad_ciudad': 1.0, 'factor_obras_construccion': 1.0, 'factor_zona_norte': 1.0}"
LONJA,0,2026-04-29 00:00:00,ZONA_NORTE,noche,16.32,16.34,1.0013,0.85,0.13,🟢 NORMAL,4.276,3.026,"{'factor_eventos': 1.0, 'factor_fin_de_semana': 1.0, 'factor_franja_noche': 1.02, 'factor_global': 1.0, 'factor_movilidad_ciudad': 1.0, 'factor_obras_construccion': 1.0, 'factor_zona_norte': 1.0}"
LONJA,1,2026-04-29 01:00:00,ZONA_NORTE,noche,15.348,15.367,1.0013,0.85,0.13,🟢 NORMAL,6.143,4.0,"{'factor_eventos': 1.0, 'factor_fin_de_semana': 1.0, 'factor_franja_noche': 1.02, 'factor_global': 1.0, 'factor_movilidad_ciudad': 1.0, 'factor_obras_construccion': 1.0, 'factor_zona_norte': 1.0}"
LONJA,2,2026-04-29 02:00:00,ZONA_NORTE,noche,15.348,15.367,1.0013,0.85,0.13,🟢 NORMAL,6.883,4.184,"{'factor_eventos': 1.0, 'factor_fin_de_semana': 1.0, 'factor_franja_noche': 1.02, 'factor_global': 1.0, 'factor_movilidad_ciudad': 1.0, 'factor_obras_construccion': 1.0, 'factor_zona_norte': 1.0}"
LONJA,3,2026-04-29 03:00:00,ZONA_NORTE,noche,15.348,15.367,1.0013,0.85,0.13,🟢 NORMAL,6.61,4.167,"{'factor_eventos': 1.0, 'factor_fin_de_semana': 1.0, 'factor_franja_noche': 1.02, 'factor_global': 1.0, 'factor_movilidad_ciudad': 1.0, 'factor_obras_construccion': 1.0, 'factor_zona_norte': 1.0}"
LONJA,4,2026-04-29 04:00:00,ZONA_NORTE,noche,15.348,15.367,1.0013,0.85,0.13,🟢 NORMAL,5.428,3.59,"{'factor_eventos': 1.0, 'factor_fin_de_semana': 1.0, 'factor_franja_noche': 1.02, 'factor_global': 1.0, 'factor_movilidad_ciudad': 1.0, 'factor_obras_construccion': 1.0, 'factor_zona_norte': 1.0}"
LONJA,5,2026-04-29 05:00:00,ZONA_NORTE,noche,21.45,21.477,1.0013,0.85,0.13,🟢 NORMAL,5.309,3.571,"{'factor_eventos': 1.0, 'factor_fin_de_semana': 1.0, 'factor_franja_noche': 1.02, 'factor_global': 1.0, 'factor_movilidad_ciudad': 1.0, 'factor_obras_construccion': 1.0, 'factor_zona_norte': 1.0}"
LONJA,6,2026-04-29 06:00:00,ZONA_NORTE,manana,18.0,18.0,1.0,0.85,0.0,🟢 NORMAL,5.113,3.28,"{'factor_eventos': 1.0, 'factor_fin_de_semana': 1.0, 'factor_franja_manana': 1.0, 'factor_global': 1.0, 'factor_movilidad_ciudad': 1.0, 'factor_obras_construccion': 1.0, 'factor_zona_norte': 1.0}"
LONJA,7,2026-04-29 07:00:00,ZONA_NORTE,manana,18.0,18.0,1.0,0.85,0.0,🟢 NORMAL,5.274,3.05,"{'factor_eventos': 1.0, 'factor_fin_de_semana': 1.0, 'factor_franja_manana': 1.0, 'factor_global': 1.0, 'factor_movilidad_ciudad': 1.0, 'factor_obras_construccion': 1.0, 'factor_zona_norte': 1.0}"
LONJA,8,2026-04-29 08:00:00,ZONA_NORTE,manana,18.0,18.0,1.0,0.85,0.0,🟢 NORMAL,5.85,3.43,"{'factor_eventos': 1.0, 'factor_fin_de_semana': 1.0, 'factor_franja_manana': 1.0, 'factor_global': 1.0, 'factor_movilidad_ciudad': 1.0, 'factor_obras_construccion': 1.0, 'factor_zona_norte': 1.0}"
LONJA,9,2026-04-29 09:00:00,ZONA_NORTE,manana,18.0,18.0,1.0,0.85,0.0,🟢 NORMAL,6.694,3.753,"{'factor_eventos': 1.0, 'factor_fin_de_semana': 1.0, 'factor_franja_manana': 1.0, 'factor_global': 1.0, 'factor_movilidad_ciudad': 1.0, 'factor_obras_construccion': 1.0, 'factor_zona_norte': 1.0}"
LONJA,10,2026-04-29 10:00:00,ZONA_NORTE,manana,0.1,0.1,1.0,0.85,0.0,🟢 NORMAL,7.107,4.366,"{'factor_eventos': 1.0, 'factor_fin_de_semana': 1.0, 'factor_franja_manana': 1.0, 'factor_global': 1.0, 'factor_movilidad_ciudad': 1.0, 'factor_obras_construccion': 1.0, 'factor_zona_norte': 1.0}"
LONJA,11,2026-04-29 11:00:00,ZONA_NORTE,manana,14.793,14.793,1.0,0.85,0.0,🟢 NORMAL,6.651,3.896,"{'factor_eventos': 1.0, 'factor_fin_de_semana': 1.0, 'factor_franja_manana': 1.0, 'factor_global': 1.0, 'factor_movilidad_ciudad': 1.0, 'factor_obras_construccion': 1.0, 'factor_zona_norte': 1.0}"
LONJA,12,2026-04-29 12:00:00,ZONA_NORTE,manana,14.793,14.793,1.0,0.85,0.0,🟢 NORMAL,6.286,4.087,"{'factor_eventos': 1.0, 'factor_fin_de_semana': 1.0, 'factor_franja_manana': 1.0, 'factor_global': 1.0, 'factor_movilidad_ciudad': 1.0, 'factor_obras_construccion': 1.0, 'factor_zona_norte': 1.0}"
LONJA,13,2026-04-29 13:00:00,ZONA_NORTE,manana,15.574,15.574,1.0,0.85,0.0,🟢 NORMAL,6.841,4.841,"{'factor_eventos': 1.0, 'factor_fin_de_semana': 1.0, 'factor_franja_manana': 1.0, 'factor_global': 1.0, 'factor_movilidad_ciudad': 1.0, 'factor_obras_construccion': 1.0, 'factor_zona_norte': 1.0}"
LONJA,14,2026-04-29 14:00:00,ZONA_NORTE,tarde,16.001,16.03,1.0018,0.85,0.18,🟢 NORMAL,8.551,6.051,"{'factor_calor_acumulado': 1.0, 'factor_eventos': 1.0, 'factor_fin_de_semana': 1.0, 'factor_franja_tarde': 1.02, 'factor_global': 1.0, 'factor_movilidad_ciudad': 1.0, 'factor_obras_construccion': 1.0, 'factor_zona_norte': 1.0}"
LONJA,15,2026-04-29 15:00:00,ZONA_NORTE,tarde,14.326,14.353,1.0018,0.85,0.18,🟢 NORMAL,7.696,5.446,"{'factor_calor_acumulado': 1.0, 'factor_eventos': 1.0, 'factor_fin_de_semana': 1.0, 'factor_franja_tarde': 1.02, 'factor_global': 1.0, 'factor_movilidad_ciudad': 1.0, 'factor_obras_construccion': 1.0, 'factor_zona_norte': 1.0}"
LONJA,16,2026-04-29 16:00:00,ZONA_NORTE,tarde,14.326,14.353,1.0018,0.85,0.18,🟢 NORMAL,5.986,4.236,"{'factor_calor_acumulado': 1.0, 'factor_eventos': 1.0, 'factor_fin_de_semana': 1.0, 'factor_franja_tarde': 1.02, 'factor_global': 1.0, 'factor_movilidad_ciudad': 1.0, 'factor_obras_construccion': 1.0, 'factor_zona_norte': 1.0}"
LONJA,17,2026-04-29 17:00:00,ZONA_NORTE,tarde,14.326,14.353,1.0018,0.85,0.18,🟢 NORMAL,5.131,3.631,"{'factor_calor_acumulado': 1.0, 'factor_eventos': 1.0, 'factor_fin_de_semana': 1.0, 'factor_franja_tarde': 1.02, 'factor_global': 1.0, 'factor_movilidad_ciudad': 1.0, 'factor_obras_construccion': 1.0, 'factor_zona_norte': 1.0}"
LONJA,18,2026-04-29 18:00:00,ZONA_NORTE,tarde,14.326,14.353,1.0018,0.85,0.18,🟢 NORMAL,5.986,4.236,"{'factor_calor_acumulado': 1.0, 'factor_eventos': 1.0, 'factor_fin_de_semana': 1.0, 'factor_franja_tarde': 1.02, 'factor_global': 1.0, 'factor_movilidad_ciudad': 1.0, 'factor_obras_construccion': 1.0, 'factor_zona_norte': 1.0}"
LONJA,19,2026-04-29 19:00:00,ZONA_NORTE,tarde,14.326,14.353,1.0018,0.85,0.18,🟢 NORMAL,7.696,5.446,"{'factor_calor_acumulado': 1.0, 'factor_eventos': 1.0, 'factor_fin_de_semana': 1.0, 'factor_franja_tarde': 1.02, 'factor_global': 1.0, 'factor_movilidad_ciudad': 1.0, 'factor_obras_construccion': 1.0, 'factor_zona_norte': 1.0}"
LONJA,20,2026-04-29 20:00:00,ZONA_NORTE,tarde,15.169,15.197,1.0018,0.85,0.18,🟢 NORMAL,9.406,6.656,"{'factor_calor_acumulado': 1.0, 'factor_eventos': 1.0, 'factor_fin_de_semana': 1.0, 'factor_franja_tarde': 1.02, 'factor_global': 1.0, 'factor_movilidad_ciudad': 1.0, 'factor_obras_construccion': 1.0, 'factor_zona_norte': 1.0}"
LONJA,21,2026-04-29 21:00:00,ZONA_NORTE,tarde,15.763,15.792,1.0018,0.85,0.18,🟢 NORMAL,10.262,7.261,"{'factor_calor_acumulado': 1.0, 'factor_eventos': 1.0, 'factor_fin_de_semana': 1.0, 'factor_franja_tarde': 1.02, 'factor_global': 1.0, 'factor_movilidad_ciudad': 1.0, 'factor_obras_construccion': 1.0, 'factor_zona_norte': 1.0}"
LONJA,22,2026-04-29 22:00:00,ZONA_NORTE,noche,14.742,14.761,1.0013,0.85,0.13,🟢 NORMAL,7.696,5.446,"{'factor_eventos': 1.0, 'factor_fin_de_semana': 1.0, 'factor_franja_noche': 1.02, 'factor_global': 1.0, 'factor_movilidad_ciudad': 1.0, 'factor_obras_construccion': 1.0, 'factor_zona_norte': 1.0}"
LONJA,23,2026-04-29 23:00:00,ZONA_NORTE,noche,14.742,14.761,1.0013,0.85,0.13,🟢 NORMAL,5.986,4.236,"{'factor_eventos': 1.0, 'factor_fin_de_semana': 1.0, 'factor_franja_noche': 1.02, 'factor_global': 1.0, 'factor_movilidad_ciudad': 1.0, 'factor_obras_construccion': 1.0, 'factor_zona_norte': 1.0}"
LONJA DL,0,2026-04-29 00:00:00,ZONA_NORTE,noche,16.32,16.34,1.0013,0.85,0.13,🟢 NORMAL,4.276,3.026,"{'factor_eventos': 1.0, 'factor_fin_de_semana': 1.0, 'factor_franja_noche': 1.02, 'factor_global': 1.0, 'factor_movilidad_ciudad': 1.0, 'factor_obras_construccion': 1.0, 'factor_zona_norte': 1.0}"
LONJA DL,1,2026-04-29 01:00:00,ZONA_NORTE,noche,15.348,15.367,1.0013,0.85,0.13,🟢 NORMAL,6.143,4.0,"{'factor_eventos': 1.0, 'factor_fin_de_semana': 1.0, 'factor_franja_noche': 1.02, 'factor_global': 1.0, 'factor_movilidad_ciudad': 1.0, 'factor_obras_construccion': 1.0, 'factor_zona_norte': 1.0}"
LONJA DL,2,2026-04-29 02:00:00,ZONA_NORTE,noche,15.348,15.367,1.0013,0.85,0.13,🟢 NORMAL,6.883,4.184,"{'factor_eventos': 1.0, 'factor_fin_de_semana': 1.0, 'factor_franja_noche': 1.02, 'factor_global': 1.0, 'factor_movilidad_ciudad': 1.0, 'factor_obras_construccion': 1.0, 'factor_zona_norte': 1.0}"
LONJA DL,3,2026-04-29 03:00:00,ZONA_NORTE,noche,15.348,15.367,1.0013,0.85,0.13,🟢 NORMAL,6.61,4.167,"{'factor_eventos': 1.0, 'factor_fin_de_semana': 1.0, 'factor_franja_noche': 1.02, 'factor_global': 1.0, 'factor_movilidad_ciudad': 1.0, 'factor_obras_construccion': 1.0, 'factor_zona_norte': 1.0}"
LONJA DL,4,2026-04-29 04:00:00,ZONA_NORTE,noche,15.348,15.367,1.0013,0.85,0.13,🟢 NORMAL,5.428,3.59,"{'factor_eventos': 1.0, 'factor_fin_de_semana': 1.0, 'factor_franja_noche': 1.02, 'factor_global': 1.0, 'factor_movilidad_ciudad': 1.0, 'factor_obras_construccion': 1.0, 'factor_zona_norte': 1.0}"
LONJA DL,5,2026-04-29 05:00:00,ZONA_NORTE,noche,21.45,21.477,1.0013,0.85,0.13,🟢 NORMAL,5.309,3.571,"{'factor_eventos': 1.0, 'factor_fin_de_semana': 1.0, 'factor_franja_noche': 1.02, 'factor_global': 1.0, 'factor_movilidad_ciudad': 1.0, 'factor_obras_construccion': 1.0, 'factor_zona_norte': 1.0}"
LONJA DL,6,2026-04-29 06:00:00,ZONA_NORTE,manana,18.0,18.0,1.0,0.85,0.0,🟢 NORMAL,5.113,3.28,"{'factor_eventos': 1.0, 'factor_fin_de_semana': 1.0, 'factor_franja_manana': 1.0, 'factor_global': 1.0, 'factor_movilidad_ciudad': 1.0, 'factor_obras_construccion': 1.0, 'factor_zona_norte': 1.0}"
LONJA DL,7,2026-04-29 07:00:00,ZONA_NORTE,manana,18.0,18.0,1.0,0.85,0.0,🟢 NORMAL,5.274,3.05,"{'factor_eventos': 1.0, 'factor_fin_de_semana': 1.0, 'factor_franja_manana': 1.0, 'factor_global': 1.0, 'factor_movilidad_ciudad': 1.0, 'factor_obras_construccion': 1.0, 'factor_zona_norte': 1.0}"
LONJA DL,8,2026-04-29 08:00:00,ZONA_NORTE,manana,18.0,18.0,1.0,0.85,0.0,🟢 NORMAL,5.85,3.43,"{'factor_eventos': 1.0, 'factor_fin_de_semana': 1.0, 'factor_franja_manana': 1.0, 'factor_global': 1.0, 'factor_movilidad_ciudad': 1.0, 'factor_obras_construccion': 1.0, 'factor_zona_norte': 1.0}"
LONJA DL,9,2026-04-29 09:00:00,ZONA_NORTE,manana,18.0,18.0,1.0,0.85,0.0,🟢 NORMAL,6.694,3.753,"{'factor_eventos': 1.0, 'factor_fin_de_semana': 1.0, 'factor_franja_manana': 1.0, 'factor_global': 1.0, 'factor_movilidad_ciudad': 1.0, 'factor_obras_construccion': 1.0, 'factor_zona_norte': 1.0}"
LONJA DL,10,2026-04-29 10:00:00,ZONA_NORTE,manana,0.1,0.1,1.0,0.85,0.0,🟢 NORMAL,7.107,4.366,"{'factor_eventos': 1.0, 'factor_fin_de_semana': 1.0, 'factor_franja_manana': 1.0, 'factor_global': 1.0, 'factor_movilidad_ciudad': 1.0, 'factor_obras_construccion': 1.0, 'factor_zona_norte': 1.0}"
LONJA DL,11,2026-04-29 11:00:00,ZONA_NORTE,manana,14.793,14.793,1.0,0.85,0.0,🟢 NORMAL,6.651,3.896,"{'factor_eventos': 1.0, 'factor_fin_de_semana': 1.0, 'factor_franja_manana': 1.0, 'factor_global': 1.0, 'factor_movilidad_ciudad': 1.0, 'factor_obras_construccion': 1.0, 'factor_zona_norte': 1.0}"
LONJA DL,12,2026-04-29 12:00:00,ZONA_NORTE,manana,14.793,14.793,1.0,0.85,0.0,🟢 NORMAL,6.286,4.087,"{'factor_eventos': 1.0, 'factor_fin_de_semana': 1.0, 'factor_franja_manana': 1.0, 'factor_global': 1.0, 'factor_movilidad_ciudad': 1.0, 'factor_obras_construccion': 1.0, 'factor_zona_norte': 1.0}"
LONJA DL,13,2026-04-29 13:00:00,ZONA_NORTE,manana,15.574,15.574,1.0,0.85,0.0,🟢 NORMAL,6.841,4.841,"{'factor_eventos': 1.0, 'factor_fin_de_semana': 1.0, 'factor_franja_manana': 1.0, 'factor_global': 1.0, 'factor_movilidad_ciudad': 1.0, 'factor_obras_construccion': 1.0, 'factor_zona_norte': 1.0}"
LONJA DL,14,2026-04-29 14:00:00,ZONA_NORTE,tarde,16.001,16.03,1.0018,0.85,0.18,🟢 NORMAL,8.551,6.051,"{'factor_calor_acumulado': 1.0, 'factor_eventos': 1.0, 'factor_fin_de_semana': 1.0, 'factor_franja_tarde': 1.02, 'factor_global': 1.0, 'factor_movilidad_ciudad': 1.0, 'factor_obras_construccion': 1.0, 'factor_zona_norte': 1.0}"
LONJA DL,15,2026-04-29 15:00:00,ZONA_NORTE,tarde,14.326,14.353,1.0018,0.85,0.18,🟢 NORMAL,7.696,5.446,"{'factor_calor_acumulado': 1.0, 'factor_eventos': 1.0, 'factor_fin_de_semana': 1.0, 'factor_franja_tarde': 1.02, 'factor_global': 1.0, 'factor_movilidad_ciudad': 1.0, 'factor_obras_construccion': 1.0, 'factor_zona_norte': 1.0}"
LONJA DL,16,2026-04-29 16:00:00,ZONA_NORTE,tarde,14.326,14.353,1.0018,0.85,0.18,🟢 NORMAL,5.986,4.236,"{'factor_calor_acumulado': 1.0, 'factor_eventos': 1.0, 'factor_fin_de_semana': 1.0, 'factor_franja_tarde': 1.02, 'factor_global': 1.0, 'factor_movilidad_ciudad': 1.0, 'factor_obras_construccion': 1.0, 'factor_zona_norte': 1.0}"
LONJA DL,17,2026-04-29 17:00:00,ZONA_NORTE,tarde,14.326,14.353,1.0018,0.85,0.18,🟢 NORMAL,5.131,3.631,"{'factor_calor_acumulado': 1.0, 'factor_eventos': 1.0, 'factor_fin_de_semana': 1.0, 'factor_franja_tarde': 1.02, 'factor_global': 1.0, 'factor_movilidad_ciudad': 1.0, 'factor_obras_construccion': 1.0, 'factor_zona_norte': 1.0}"
LONJA DL,18,2026-04-29 18:00:00,ZONA_NORTE,tarde,14.326,14.353,1.0018,0.85,0.18,🟢 NORMAL,5.986,4.236,"{'factor_calor_acumulado': 1.0, 'factor_eventos': 1.0, 'factor_fin_de_semana': 1.0, 'factor_franja_tarde': 1.02, 'factor_global': 1.0, 'factor_movilidad_ciudad': 1.0, 'factor_obras_construccion': 1.0, 'factor_zona_norte': 1.0}"
LONJA DL,19,2026-04-29 19:00:00,ZONA_NORTE,tarde,14.326,14.353,1.0018,0.85,0.18,🟢 NORMAL,7.696,5.446,"{'factor_calor_acumulado': 1.0, 'factor_eventos': 1.0, 'factor_fin_de_semana': 1.0, 'factor_franja_tarde': 1.02, 'factor_global': 1.0, 'factor_movilidad_ciudad': 1.0, 'factor_obras_construccion': 1.0, 'factor_zona_norte': 1.0}"
LONJA DL,20,2026-04-29 20:00:00,ZONA_NORTE,tarde,15.169,15.197,1.0018,0.85,0.18,🟢 NORMAL,9.406,6.656,"{'factor_calor_acumulado': 1.0, 'factor_eventos': 1.0, 'factor_fin_de_semana': 1.0, 'factor_franja_tarde': 1.02, 'factor_global': 1.0, 'factor_movilidad_ciudad': 1.0, 'factor_obras_construccion': 1.0, 'factor_zona_norte': 1.0}"
LONJA DL,21,2026-04-29 21:00:00,ZONA_NORTE,tarde,15.763,15.792,1.0018,0.85,0.18,🟢 NORMAL,10.262,7.261,"{'factor_calor_acumulado': 1.0, 'factor_eventos': 1.0, 'factor_fin_de_semana': 1.0, 'factor_franja_tarde': 1.02, 'factor_global': 1.0, 'factor_movilidad_ciudad': 1.0, 'factor_obras_construccion': 1.0, 'factor_zona_norte': 1.0}"
LONJA DL,22,2026-04-29 22:00:00,ZONA_NORTE,noche,14.742,14.761,1.0013,0.85,0.13,🟢 NORMAL,7.696,5.446,"{'factor_eventos': 1.0, 'factor_fin_de_semana': 1.0, 'factor_franja_noche': 1.02, 'factor_global': 1.0, 'factor_movilidad_ciudad': 1.0, 'factor_obras_construccion': 1.0, 'factor_zona_norte': 1.0}"
LONJA DL,23,2026-04-29 23:00:00,ZONA_NORTE,noche,14.742,14.761,1.0013,0.85,0.13,🟢 NORMAL,5.986,4.236,"{'factor_eventos': 1.0, 'factor_fin_de_semana': 1.0, 'factor_franja_noche': 1.02, 'factor_global': 1.0, 'factor_movilidad_ciudad': 1.0, 'factor_obras_construccion': 1.0, 'factor_zona_norte': 1.0}"
Les Palmeretes,0,2026-04-29 00:00:00,ZONA_NORTE,noche,18.761,18.785,1.0013,0.85,0.13,🟢 NORMAL,33.49,18.692,"{'factor_eventos': 1.0, 'factor_fin_de_semana': 1.0, 'factor_franja_noche': 1.02, 'factor_global': 1.0, 'factor_movilidad_ciudad': 1.0, 'factor_obras_construccion': 1.0, 'factor_zona_norte': 1.0}"
Les Palmeretes,1,2026-04-29 01:00:00,ZONA_NORTE,noche,39.278,39.328,1.0013,0.85,0.13,🟢 NORMAL,41.8,29.908,"{'factor_eventos': 1.0, 'factor_fin_de_semana': 1.0, 'factor_franja_noche': 1.02, 'factor_global': 1.0, 'factor_movilidad_ciudad': 1.0, 'factor_obras_construccion': 1.0, 'factor_zona_norte': 1.0}"
Les Palmeretes,2,2026-04-29 02:00:00,ZONA_NORTE,noche,38.635,38.683,1.0013,0.85,0.13,🟢 NORMAL,37.268,26.638,"{'factor_eventos': 1.0, 'factor_fin_de_semana': 1.0, 'factor_franja_noche': 1.02, 'factor_global': 1.0, 'factor_movilidad_ciudad': 1.0, 'factor_obras_construccion': 1.0, 'factor_zona_norte': 1.0}"
Les Palmeretes,3,2026-04-29 03:00:00,ZONA_NORTE,noche,29.702,29.739,1.0013,0.85,0.13,🟢 NORMAL,33.542,25.793,"{'factor_eventos': 1.0, 'factor_fin_de_semana': 1.0, 'factor_franja_noche': 1.02, 'factor_global': 1.0, 'factor_movilidad_ciudad': 1.0, 'factor_obras_construccion': 1.0, 'factor_zona_norte': 1.0}"
Les Palmeretes,4,2026-04-29 04:00:00,ZONA_NORTE,noche,0.1,0.1,1.0013,0.85,0.13,🟢 NORMAL,30.984,24.034,"{'factor_eventos': 1.0, 'factor_fin_de_semana': 1.0, 'factor_franja_noche': 1.02, 'factor_global': 1.0, 'factor_movilidad_ciudad': 1.0, 'factor_obras_construccion': 1.0, 'factor_zona_norte': 1.0}"
Les Palmeretes,5,2026-04-29 05:00:00,ZONA_NORTE,noche,14.156,14.174,1.0013,0.85,0.13,🟢 NORMAL,28.776,21.81,"{'factor_eventos': 1.0, 'factor_fin_de_semana': 1.0, 'factor_franja_noche': 1.02, 'factor_global': 1.0, 'factor_movilidad_ciudad': 1.0, 'factor_obras_construccion': 1.0, 'factor_zona_norte': 1.0}"
Les Palmeretes,6,2026-04-29 06:00:00,ZONA_NORTE,manana,0.1,0.1,1.0,0.85,0.0,🟢 NORMAL,33.687,24.25,"{'factor_eventos': 1.0, 'factor_fin_de_semana': 1.0, 'factor_franja_manana': 1.0, 'factor_global': 1.0, 'factor_movilidad_ciudad': 1.0, 'factor_obras_construccion': 1.0, 'factor_zona_norte': 1.0}"
Les Palmeretes,7,2026-04-29 07:00:00,ZONA_NORTE,manana,23.271,23.271,1.0,0.85,0.0,🟢 NORMAL,38.865,29.458,"{'factor_eventos': 1.0, 'factor_fin_de_semana': 1.0, 'factor_franja_manana': 1.0, 'factor_global': 1.0, 'factor_movilidad_ciudad': 1.0, 'factor_obras_construccion': 1.0, 'factor_zona_norte': 1.0}"
Les Palmeretes,8,2026-04-29 08:00:00,ZONA_NORTE,manana,43.845,43.845,1.0,0.85,0.0,🟢 NORMAL,45.856,34.477,"{'factor_eventos': 1.0, 'factor_fin_de_semana': 1.0, 'factor_franja_manana': 1.0, 'factor_global': 1.0, 'factor_movilidad_ciudad': 1.0, 'factor_obras_construccion': 1.0, 'factor_zona_norte': 1.0}"
Les Palmeretes,9,2026-04-29 09:00:00,ZONA_NORTE,manana,47.749,47.749,1.0,0.85,0.0,🟢 NORMAL,49.855,42.034,"{'factor_eventos': 1.0, 'factor_fin_de_semana': 1.0, 'factor_franja_manana': 1.0, 'factor_global': 1.0, 'factor_movilidad_ciudad': 1.0, 'factor_obras_construccion': 1.0, 'factor_zona_norte': 1.0}"
Les Palmeretes,10,2026-04-29 10:00:00,ZONA_NORTE,manana,0.1,0.1,1.0,0.85,0.0,🟢 NORMAL,51.505,44.27,"{'factor_eventos': 1.0, 'factor_fin_de_semana': 1.0, 'factor_franja_manana': 1.0, 'factor_global': 1.0, 'factor_movilidad_ciudad': 1.0, 'factor_obras_construccion': 1.0, 'factor_zona_norte': 1.0}"
Les Palmeretes,11,2026-04-29 11:00:00,ZONA_NORTE,manana,45.836,45.836,1.0,0.85,0.0,🟢 NORMAL,51.026,41.706,"{'factor_eventos': 1.0, 'factor_fin_de_semana': 1.0, 'factor_franja_manana': 1.0, 'factor_global': 1.0, 'factor_movilidad_ciudad': 1.0, 'factor_obras_construccion': 1.0, 'factor_zona_norte': 1.0}"
Les Palmeretes,12,2026-04-29 12:00:00,ZONA_NORTE,manana,43.031,43.031,1.0,0.85,0.0,🟢 NORMAL,47.157,35.989,"{'factor_eventos': 1.0, 'factor_fin_de_semana': 1.0, 'factor_franja_manana': 1.0, 'factor_global': 1.0, 'factor_movilidad_ciudad': 1.0, 'factor_obras_construccion': 1.0, 'factor_zona_norte': 1.0}"
Les Palmeretes,13,2026-04-29 13:00:00,ZONA_NORTE,manana,45.221,45.221,1.0,0.85,0.0,🟢 NORMAL,53.584,29.907,"{'factor_eventos': 1.0, 'factor_fin_de_semana': 1.0, 'factor_franja_manana': 1.0, 'factor_global': 1.0, 'factor_movilidad_ciudad': 1.0, 'factor_obras_construccion': 1.0, 'factor_zona_norte': 1.0}"
Les Palmeretes,14,2026-04-29 14:00:00,ZONA_NORTE,tarde,53.308,53.405,1.0018,0.85,0.18,🟢 NORMAL,66.979,37.383,"{'factor_calor_acumulado': 1.0, 'factor_eventos': 1.0, 'factor_fin_de_semana': 1.0, 'factor_franja_tarde': 1.02, 'factor_global': 1.0, 'factor_movilidad_ciudad': 1.0, 'factor_obras_construccion': 1.0, 'factor_zona_norte': 1.0}"
Les Palmeretes,15,2026-04-29 15:00:00,ZONA_NORTE,tarde,48.495,48.583,1.0018,0.85,0.18,🟢 NORMAL,60.282,33.645,"{'factor_calor_acumulado': 1.0, 'factor_eventos': 1.0, 'factor_fin_de_semana': 1.0, 'factor_franja_tarde': 1.02, 'factor_global': 1.0, 'factor_movilidad_ciudad': 1.0, 'factor_obras_construccion': 1.0, 'factor_zona_norte': 1.0}"
Les Palmeretes,16,2026-04-29 16:00:00,ZONA_NORTE,tarde,36.484,36.551,1.0018,0.85,0.18,🟢 NORMAL,46.886,26.168,"{'factor_calor_acumulado': 1.0, 'factor_eventos': 1.0, 'factor_fin_de_semana': 1.0, 'factor_franja_tarde': 1.02, 'factor_global': 1.0, 'factor_movilidad_ciudad': 1.0, 'factor_obras_construccion': 1.0, 'factor_zona_norte': 1.0}"
Les Palmeretes,17,2026-04-29 17:00:00,ZONA_NORTE,tarde,17.944,17.977,1.0018,0.85,0.18,🟢 NORMAL,40.188,22.43,"{'factor_calor_acumulado': 1.0, 'factor_eventos': 1.0, 'factor_fin_de_semana': 1.0, 'factor_franja_tarde': 1.02, 'factor_global': 1.0, 'factor_movilidad_ciudad': 1.0, 'factor_obras_construccion': 1.0, 'factor_zona_norte': 1.0}"
Les Palmeretes,18,2026-04-29 18:00:00,ZONA_NORTE,tarde,36.484,36.551,1.0018,0.85,0.18,🟢 NORMAL,46.886,26.168,"{'factor_calor_acumulado': 1.0, 'factor_eventos': 1.0, 'factor_fin_de_semana': 1.0, 'factor_franja_tarde': 1.02, 'factor_global': 1.0, 'factor_movilidad_ciudad': 1.0, 'factor_obras_construccion': 1.0, 'factor_zona_norte': 1.0}"
Les Palmeretes,19,2026-04-29 19:00:00,ZONA_NORTE,tarde,48.495,48.583,1.0018,0.85,0.18,🟢 NORMAL,60.282,33.645,"{'factor_calor_acumulado': 1.0, 'factor_eventos': 1.0, 'factor_fin_de_semana': 1.0, 'factor_franja_tarde': 1.02, 'factor_global': 1.0, 'factor_movilidad_ciudad': 1.0, 'factor_obras_construccion': 1.0, 'factor_zona_norte': 1.0}"
Les Palmeretes,20,2026-04-29 20:00:00,ZONA_NORTE,tarde,112.327,112.532,1.0018,0.85,0.18,🟢 NORMAL,73.678,41.122,"{'factor_calor_acumulado': 1.0, 'factor_eventos': 1.0, 'factor_fin_de_semana': 1.0, 'factor_franja_tarde': 1.02, 'factor_global': 1.0, 'factor_movilidad_ciudad': 1.0, 'factor_obras_construccion': 1.0, 'factor_zona_norte': 1.0}"
Les Palmeretes,21,2026-04-29 21:00:00,ZONA_NORTE,tarde,52.267,52.362,1.0018,0.85,0.18,🟢 NORMAL,80.376,44.86,"{'factor_calor_acumulado': 1.0, 'factor_eventos': 1.0, 'factor_fin_de_semana': 1.0, 'factor_franja_tarde': 1.02, 'factor_global': 1.0, 'factor_movilidad_ciudad': 1.0, 'factor_obras_construccion': 1.0, 'factor_zona_norte': 1.0}"
Les Palmeretes,22,2026-04-29 22:00:00,ZONA_NORTE,noche,46.769,46.828,1.0013,0.85,0.13,🟢 NORMAL,60.282,33.645,"{'factor_eventos': 1.0, 'factor_fin_de_semana': 1.0, 'factor_franja_noche': 1.02, 'factor_global': 1.0, 'factor_movilidad_ciudad': 1.0, 'factor_obras_construccion': 1.0, 'factor_zona_norte': 1.0}"
Les Palmeretes,23,2026-04-29 23:00:00,ZONA_NORTE,noche,34.758,34.802,1.0013,0.85,0.13,🟢 NORMAL,46.886,26.168,"{'factor_eventos': 1.0, 'factor_fin_de_semana': 1.0, 'factor_franja_noche': 1.02, 'factor_global': 1.0, 'factor_movilidad_ciudad': 1.0, 'factor_obras_construccion': 1.0, 'factor_zona_norte': 1.0}"
MATADERO,0,2026-04-29 00:00:00,ZONA_NORTE,noche,16.708,16.729,1.0013,0.85,0.13,🟢 NORMAL,15.552,6.029,"{'factor_eventos': 1.0, 'factor_fin_de_semana': 1.0, 'factor_franja_noche': 1.02, 'factor_global': 1.0, 'factor_movilidad_ciudad': 1.0, 'factor_obras_construccion': 1.0, 'factor_zona_norte': 1.0}"
MATADERO,1,2026-04-29 01:00:00,ZONA_NORTE,noche,20.346,20.372,1.0013,0.85,0.13,🟢 NORMAL,44.33,4.324,"{'factor_eventos': 1.0, 'factor_fin_de_semana': 1.0, 'factor_franja_noche': 1.02, 'factor_global': 1.0, 'factor_movilidad_ciudad': 1.0, 'factor_obras_construccion': 1.0, 'factor_zona_norte': 1.0}"
MATADERO,2,2026-04-29 02:00:00,ZONA_NORTE,noche,15.353,15.372,1.0013,0.85,0.13,🟢 NORMAL,45.842,5.323,"{'factor_eventos': 1.0, 'factor_fin_de_semana': 1.0, 'factor_franja_noche': 1.02, 'factor_global': 1.0, 'factor_movilidad_ciudad': 1.0, 'factor_obras_construccion': 1.0, 'factor_zona_norte': 1.0}"
MATADERO,3,2026-04-29 03:00:00,ZONA_NORTE,noche,19.284,19.309,1.0013,0.85,0.13,🟢 NORMAL,45.828,4.506,"{'factor_eventos': 1.0, 'factor_fin_de_semana': 1.0, 'factor_franja_noche': 1.02, 'factor_global': 1.0, 'factor_movilidad_ciudad': 1.0, 'factor_obras_construccion': 1.0, 'factor_zona_norte': 1.0}"
MATADERO,4,2026-04-29 04:00:00,ZONA_NORTE,noche,19.284,19.309,1.0013,0.85,0.13,🟢 NORMAL,48.131,4.233,"{'factor_eventos': 1.0, 'factor_fin_de_semana': 1.0, 'factor_franja_noche': 1.02, 'factor_global': 1.0, 'factor_movilidad_ciudad': 1.0, 'factor_obras_construccion': 1.0, 'factor_zona_norte': 1.0}"
MATADERO,5,2026-04-29 05:00:00,ZONA_NORTE,noche,16.893,16.914,1.0013,0.85,0.13,🟢 NORMAL,45.887,4.138,"{'factor_eventos': 1.0, 'factor_fin_de_semana': 1.0, 'factor_franja_noche': 1.02, 'factor_global': 1.0, 'factor_movilidad_ciudad': 1.0, 'factor_obras_construccion': 1.0, 'factor_zona_norte': 1.0}"
MATADERO,6,2026-04-29 06:00:00,ZONA_NORTE,manana,18.967,18.967,1.0,0.85,0.0,🟢 NORMAL,45.652,4.369,"{'factor_eventos': 1.0, 'factor_fin_de_semana': 1.0, 'factor_franja_manana': 1.0, 'factor_global': 1.0, 'factor_movilidad_ciudad': 1.0, 'factor_obras_construccion': 1.0, 'factor_zona_norte': 1.0}"
MATADERO,7,2026-04-29 07:00:00,ZONA_NORTE,manana,8.729,8.729,1.0,0.85,0.0,🟢 NORMAL,46.321,4.411,"{'factor_eventos': 1.0, 'factor_fin_de_semana': 1.0, 'factor_franja_manana': 1.0, 'factor_global': 1.0, 'factor_movilidad_ciudad': 1.0, 'factor_obras_construccion': 1.0, 'factor_zona_norte': 1.0}"
MATADERO,8,2026-04-29 08:00:00,ZONA_NORTE,manana,18.967,18.967,1.0,0.85,0.0,🟢 NORMAL,46.425,4.94,"{'factor_eventos': 1.0, 'factor_fin_de_semana': 1.0, 'factor_franja_manana': 1.0, 'factor_global': 1.0, 'factor_movilidad_ciudad': 1.0, 'factor_obras_construccion': 1.0, 'factor_zona_norte': 1.0}"
MATADERO,9,2026-04-29 09:00:00,ZONA_NORTE,manana,41.9,41.9,1.0,0.85,0.0,🟢 NORMAL,46.052,5.373,"{'factor_eventos': 1.0, 'factor_fin_de_semana': 1.0, 'factor_franja_manana': 1.0, 'factor_global': 1.0, 'factor_movilidad_ciudad': 1.0, 'factor_obras_construccion': 1.0, 'factor_zona_norte': 1.0}"
MATADERO,10,2026-04-29 10:00:00,ZONA_NORTE,manana,0.1,0.1,1.0,0.85,0.0,🟢 NORMAL,46.275,6.03,"{'factor_eventos': 1.0, 'factor_fin_de_semana': 1.0, 'factor_franja_manana': 1.0, 'factor_global': 1.0, 'factor_movilidad_ciudad': 1.0, 'factor_obras_construccion': 1.0, 'factor_zona_norte': 1.0}"
MATADERO,11,2026-04-29 11:00:00,ZONA_NORTE,manana,11.714,11.714,1.0,0.85,0.0,🟢 NORMAL,46.563,4.325,"{'factor_eventos': 1.0, 'factor_fin_de_semana': 1.0, 'factor_franja_manana': 1.0, 'factor_global': 1.0, 'factor_movilidad_ciudad': 1.0, 'factor_obras_construccion': 1.0, 'factor_zona_norte': 1.0}"
MATADERO,12,2026-04-29 12:00:00,ZONA_NORTE,manana,11.318,11.318,1.0,0.85,0.0,🟢 NORMAL,46.698,3.962,"{'factor_eventos': 1.0, 'factor_fin_de_semana': 1.0, 'factor_franja_manana': 1.0, 'factor_global': 1.0, 'factor_movilidad_ciudad': 1.0, 'factor_obras_construccion': 1.0, 'factor_zona_norte': 1.0}"
MATADERO,13,2026-04-29 13:00:00,ZONA_NORTE,manana,30.149,30.149,1.0,0.85,0.0,🟢 NORMAL,24.882,9.659,"{'factor_eventos': 1.0, 'factor_fin_de_semana': 1.0, 'factor_franja_manana': 1.0, 'factor_global': 1.0, 'factor_movilidad_ciudad': 1.0, 'factor_obras_construccion': 1.0, 'factor_zona_norte': 1.0}"
MATADERO,14,2026-04-29 14:00:00,ZONA_NORTE,tarde,9.124,9.14,1.0018,0.85,0.18,🟢 NORMAL,31.102,12.074,"{'factor_calor_acumulado': 1.0, 'factor_eventos': 1.0, 'factor_fin_de_semana': 1.0, 'factor_franja_tarde': 1.02, 'factor_global': 1.0, 'factor_movilidad_ciudad': 1.0, 'factor_obras_construccion': 1.0, 'factor_zona_norte': 1.0}"
MATADERO,15,2026-04-29 15:00:00,ZONA_NORTE,tarde,24.175,24.219,1.0018,0.85,0.18,🟢 NORMAL,27.992,10.867,"{'factor_calor_acumulado': 1.0, 'factor_eventos': 1.0, 'factor_fin_de_semana': 1.0, 'factor_franja_tarde': 1.02, 'factor_global': 1.0, 'factor_movilidad_ciudad': 1.0, 'factor_obras_construccion': 1.0, 'factor_zona_norte': 1.0}"
MATADERO,16,2026-04-29 16:00:00,ZONA_NORTE,tarde,32.153,32.211,1.0018,0.85,0.18,🟢 NORMAL,21.772,8.452,"{'factor_calor_acumulado': 1.0, 'factor_eventos': 1.0, 'factor_fin_de_semana': 1.0, 'factor_franja_tarde': 1.02, 'factor_global': 1.0, 'factor_movilidad_ciudad': 1.0, 'factor_obras_construccion': 1.0, 'factor_zona_norte': 1.0}"
MATADERO,17,2026-04-29 17:00:00,ZONA_NORTE,tarde,25.308,25.354,1.0018,0.85,0.18,🟢 NORMAL,18.661,7.244,"{'factor_calor_acumulado': 1.0, 'factor_eventos': 1.0, 'factor_fin_de_semana': 1.0, 'factor_franja_tarde': 1.02, 'factor_global': 1.0, 'factor_movilidad_ciudad': 1.0, 'factor_obras_construccion': 1.0, 'factor_zona_norte': 1.0}"
MATADERO,18,2026-04-29 18:00:00,ZONA_NORTE,tarde,32.153,32.211,1.0018,0.85,0.18,🟢 NORMAL,21.772,8.452,"{'factor_calor_acumulado': 1.0, 'factor_eventos': 1.0, 'factor_fin_de_semana': 1.0, 'factor_franja_tarde': 1.02, 'factor_global': 1.0, 'factor_movilidad_ciudad': 1.0, 'factor_obras_construccion': 1.0, 'factor_zona_norte': 1.0}"
MATADERO,19,2026-04-29 19:00:00,ZONA_NORTE,tarde,24.175,24.219,1.0018,0.85,0.18,🟢 NORMAL,27.992,10.867,"{'factor_calor_acumulado': 1.0, 'factor_eventos': 1.0, 'factor_fin_de_semana': 1.0, 'factor_franja_tarde': 1.02, 'factor_global': 1.0, 'factor_movilidad_ciudad': 1.0, 'factor_obras_construccion': 1.0, 'factor_zona_norte': 1.0}"
MATADERO,20,2026-04-29 20:00:00,ZONA_NORTE,tarde,20.373,20.41,1.0018,0.85,0.18,🟢 NORMAL,34.212,13.281,"{'factor_calor_acumulado': 1.0, 'factor_eventos': 1.0, 'factor_fin_de_semana': 1.0, 'factor_franja_tarde': 1.02, 'factor_global': 1.0, 'factor_movilidad_ciudad': 1.0, 'factor_obras_construccion': 1.0, 'factor_zona_norte': 1.0}"
MATADERO,21,2026-04-29 21:00:00,ZONA_NORTE,tarde,0.174,0.174,1.0018,0.85,0.18,🟢 NORMAL,37.322,14.489,"{'factor_calor_acumulado': 1.0, 'factor_eventos': 1.0, 'factor_fin_de_semana': 1.0, 'factor_franja_tarde': 1.02, 'factor_global': 1.0, 'factor_movilidad_ciudad': 1.0, 'factor_obras_construccion': 1.0, 'factor_zona_norte': 1.0}"
MATADERO,22,2026-04-29 22:00:00,ZONA_NORTE,noche,23.668,23.698,1.0013,0.85,0.13,🟢 NORMAL,27.992,10.867,"{'factor_eventos': 1.0, 'factor_fin_de_semana': 1.0, 'factor_franja_noche': 1.02, 'factor_global': 1.0, 'factor_movilidad_ciudad': 1.0, 'factor_obras_construccion': 1.0, 'factor_zona_norte': 1.0}"
MATADERO,23,2026-04-29 23:00:00,ZONA_NORTE,noche,32.568,32.609,1.0013,0.85,0.13,🟢 NORMAL,21.772,8.452,"{'factor_eventos': 1.0, 'factor_fin_de_semana': 1.0, 'factor_franja_noche': 1.02, 'factor_global': 1.0, 'factor_movilidad_ciudad': 1.0, 'factor_obras_construccion': 1.0, 'factor_zona_norte': 1.0}"
MERCADO DL,0,2026-04-29 00:00:00,ZONA_CENTRO,noche,20.937,20.454,0.9769,0.85,-2.31,🟢 NORMAL,29.577,17.587,"{'factor_cruceros': 1.0, 'factor_eventos': 1.0, 'factor_fin_de_semana': 1.0, 'factor_franja_noche': 1.02, 'factor_global': 1.0, 'factor_movilidad_ciudad': 1.0, 'factor_obras_construccion': 1.0, 'factor_ocupacion_hotelera': 0.8, 'factor_zona_centro': 1.0}"
MERCADO DL,1,2026-04-29 01:00:00,ZONA_CENTRO,noche,37.982,37.105,0.9769,0.85,-2.31,🟢 NORMAL,44.273,34.297,"{'factor_cruceros': 1.0, 'factor_eventos': 1.0, 'factor_fin_de_semana': 1.0, 'factor_franja_noche': 1.02, 'factor_global': 1.0, 'factor_movilidad_ciudad': 1.0, 'factor_obras_construccion': 1.0, 'factor_ocupacion_hotelera': 0.8, 'factor_zona_centro': 1.0}"
MERCADO DL,2,2026-04-29 02:00:00,ZONA_CENTRO,noche,30.445,29.742,0.9769,0.85,-2.31,🟢 NORMAL,39.747,32.147,"{'factor_cruceros': 1.0, 'factor_eventos': 1.0, 'factor_fin_de_semana': 1.0, 'factor_franja_noche': 1.02, 'factor_global': 1.0, 'factor_movilidad_ciudad': 1.0, 'factor_obras_construccion': 1.0, 'factor_ocupacion_hotelera': 0.8, 'factor_zona_centro': 1.0}"
MERCADO DL,3,2026-04-29 03:00:00,ZONA_CENTRO,noche,30.428,29.725,0.9769,0.85,-2.31,🟢 NORMAL,37.227,31.487,"{'factor_cruceros': 1.0, 'factor_eventos': 1.0, 'factor_fin_de_semana': 1.0, 'factor_franja_noche': 1.02, 'factor_global': 1.0, 'factor_movilidad_ciudad': 1.0, 'factor_obras_construccion': 1.0, 'factor_ocupacion_hotelera': 0.8, 'factor_zona_centro': 1.0}"
MERCADO DL,4,2026-04-29 04:00:00,ZONA_CENTRO,noche,108.819,106.306,0.9769,0.85,-2.31,🟢 NORMAL,35.894,30.618,"{'factor_cruceros': 1.0, 'factor_eventos': 1.0, 'factor_fin_de_semana': 1.0, 'factor_franja_noche': 1.02, 'factor_global': 1.0, 'factor_movilidad_ciudad': 1.0, 'factor_obras_construccion': 1.0, 'factor_ocupacion_hotelera': 0.8, 'factor_zona_centro': 1.0}"
MERCADO DL,5,2026-04-29 05:00:00,ZONA_CENTRO,noche,16.522,16.14,0.9769,0.85,-2.31,🟢 NORMAL,34.038,27.875,"{'factor_cruceros': 1.0, 'factor_eventos': 1.0, 'factor_fin_de_semana': 1.0, 'factor_franja_noche': 1.02, 'factor_global': 1.0, 'factor_movilidad_ciudad': 1.0, 'factor_obras_construccion': 1.0, 'factor_ocupacion_hotelera': 0.8, 'factor_zona_centro': 1.0}"
MERCADO DL,6,2026-04-29 06:00:00,ZONA_CENTRO,manana,13.072,12.763,0.9764,0.85,-2.36,🟢 NORMAL,34.429,27.017,"{'factor_cruceros': 1.0, 'factor_eventos': 1.0, 'factor_fin_de_semana': 1.0, 'factor_franja_manana': 1.0, 'factor_global': 1.0, 'factor_movilidad_ciudad': 1.0, 'factor_obras_construccion': 1.0, 'factor_ocupacion_hotelera': 0.8, 'factor_zona_centro': 1.0}"
MERCADO DL,7,2026-04-29 07:00:00,ZONA_CENTRO,manana,18.425,17.99,0.9764,0.85,-2.36,🟢 NORMAL,39.192,30.84,"{'factor_cruceros': 1.0, 'factor_eventos': 1.0, 'factor_fin_de_semana': 1.0, 'factor_franja_manana': 1.0, 'factor_global': 1.0, 'factor_movilidad_ciudad': 1.0, 'factor_obras_construccion': 1.0, 'factor_ocupacion_hotelera': 0.8, 'factor_zona_centro': 1.0}"
MERCADO DL,8,2026-04-29 08:00:00,ZONA_CENTRO,manana,40.386,39.432,0.9764,0.85,-2.36,🟢 NORMAL,49.134,35.915,"{'factor_cruceros': 1.0, 'factor_eventos': 1.0, 'factor_fin_de_semana': 1.0, 'factor_franja_manana': 1.0, 'factor_global': 1.0, 'factor_movilidad_ciudad': 1.0, 'factor_obras_construccion': 1.0, 'factor_ocupacion_hotelera': 0.8, 'factor_zona_centro': 1.0}"
MERCADO DL,9,2026-04-29 09:00:00,ZONA_CENTRO,manana,46.244,45.152,0.9764,0.85,-2.36,🟢 NORMAL,54.192,44.614,"{'factor_cruceros': 1.0, 'factor_eventos': 1.0, 'factor_fin_de_semana': 1.0, 'factor_franja_manana': 1.0, 'factor_global': 1.0, 'factor_movilidad_ciudad': 1.0, 'factor_obras_construccion': 1.0, 'factor_ocupacion_hotelera': 0.8, 'factor_zona_centro': 1.0}"
MERCADO DL,10,2026-04-29 10:00:00,ZONA_CENTRO,manana,15.468,15.103,0.9764,0.85,-2.36,🟢 NORMAL,56.842,50.326,"{'factor_cruceros': 1.0, 'factor_eventos': 1.0, 'factor_fin_de_semana': 1.0, 'factor_franja_manana': 1.0, 'factor_global': 1.0, 'factor_movilidad_ciudad': 1.0, 'factor_obras_construccion': 1.0, 'factor_ocupacion_hotelera': 0.8, 'factor_zona_centro': 1.0}"
MERCADO DL,11,2026-04-29 11:00:00,ZONA_CENTRO,manana,51.014,49.81,0.9764,0.85,-2.36,🟢 NORMAL,55.142,47.654,"{'factor_cruceros': 1.0, 'factor_eventos': 1.0, 'factor_fin_de_semana': 1.0, 'factor_franja_manana': 1.0, 'factor_global': 1.0, 'factor_movilidad_ciudad': 1.0, 'factor_obras_construccion': 1.0, 'factor_ocupacion_hotelera': 0.8, 'factor_zona_centro': 1.0}"
MERCADO DL,12,2026-04-29 12:00:00,ZONA_CENTRO,manana,47.129,46.017,0.9764,0.85,-2.36,🟢 NORMAL,52.305,41.052,"{'factor_cruceros': 1.0, 'factor_eventos': 1.0, 'factor_fin_de_semana': 1.0, 'factor_franja_manana': 1.0, 'factor_global': 1.0, 'factor_movilidad_ciudad': 1.0, 'factor_obras_construccion': 1.0, 'factor_ocupacion_hotelera': 0.8, 'factor_zona_centro': 1.0}"
MERCADO DL,13,2026-04-29 13:00:00,ZONA_CENTRO,manana,39.934,38.991,0.9764,0.85,-2.36,🟢 NORMAL,47.324,28.14,"{'factor_cruceros': 1.0, 'factor_eventos': 1.0, 'factor_fin_de_semana': 1.0, 'factor_franja_manana': 1.0, 'factor_global': 1.0, 'factor_movilidad_ciudad': 1.0, 'factor_obras_construccion': 1.0, 'factor_ocupacion_hotelera': 0.8, 'factor_zona_centro': 1.0}"
MERCADO DL,14,2026-04-29 14:00:00,ZONA_CENTRO,tarde,51.02,50.146,0.9829,0.85,-1.71,🟢 NORMAL,59.154,35.174,"{'factor_calor_acumulado': 1.0, 'factor_cruceros': 1.0, 'factor_eventos': 1.0, 'factor_fin_de_semana': 1.0, 'factor_franja_tarde': 1.02, 'factor_global': 1.0, 'factor_movilidad_ciudad': 1.0, 'factor_obras_construccion': 1.0, 'factor_ocupacion_hotelera': 0.8, 'factor_zona_centro': 1.0}"
MERCADO DL,15,2026-04-29 15:00:00,ZONA_CENTRO,tarde,45.862,45.076,0.9829,0.85,-1.71,🟢 NORMAL,53.239,31.656,"{'factor_calor_acumulado': 1.0, 'factor_cruceros': 1.0, 'factor_eventos': 1.0, 'factor_fin_de_semana': 1.0, 'factor_franja_tarde': 1.02, 'factor_global': 1.0, 'factor_movilidad_ciudad': 1.0, 'factor_obras_construccion': 1.0, 'factor_ocupacion_hotelera': 0.8, 'factor_zona_centro': 1.0}"
MERCADO DL,16,2026-04-29 16:00:00,ZONA_CENTRO,tarde,23.884,23.475,0.9829,0.85,-1.71,🟢 NORMAL,41.408,24.622,"{'factor_calor_acumulado': 1.0, 'factor_cruceros': 1.0, 'factor_eventos': 1.0, 'factor_fin_de_semana': 1.0, 'factor_franja_tarde': 1.02, 'factor_global': 1.0, 'factor_movilidad_ciudad': 1.0, 'factor_obras_construccion': 1.0, 'factor_ocupacion_hotelera': 0.8, 'factor_zona_centro': 1.0}"
MERCADO DL,17,2026-04-29 17:00:00,ZONA_CENTRO,tarde,0.1,0.098,0.9829,0.85,-1.71,🟢 NORMAL,35.492,21.105,"{'factor_calor_acumulado': 1.0, 'factor_cruceros': 1.0, 'factor_eventos': 1.0, 'factor_fin_de_semana': 1.0, 'factor_franja_tarde': 1.02, 'factor_global': 1.0, 'factor_movilidad_ciudad': 1.0, 'factor_obras_construccion': 1.0, 'factor_ocupacion_hotelera': 0.8, 'factor_zona_centro': 1.0}"
MERCADO DL,18,2026-04-29 18:00:00,ZONA_CENTRO,tarde,23.884,23.475,0.9829,0.85,-1.71,🟢 NORMAL,41.408,24.622,"{'factor_calor_acumulado': 1.0, 'factor_cruceros': 1.0, 'factor_eventos': 1.0, 'factor_fin_de_semana': 1.0, 'factor_franja_tarde': 1.02, 'factor_global': 1.0, 'factor_movilidad_ciudad': 1.0, 'factor_obras_construccion': 1.0, 'factor_ocupacion_hotelera': 0.8, 'factor_zona_centro': 1.0}"
MERCADO DL,19,2026-04-29 19:00:00,ZONA_CENTRO,tarde,45.862,45.076,0.9829,0.85,-1.71,🟢 NORMAL,53.239,31.656,"{'factor_calor_acumulado': 1.0, 'factor_cruceros': 1.0, 'factor_eventos': 1.0, 'factor_fin_de_semana': 1.0, 'factor_franja_tarde': 1.02, 'factor_global': 1.0, 'factor_movilidad_ciudad': 1.0, 'factor_obras_construccion': 1.0, 'factor_ocupacion_hotelera': 0.8, 'factor_zona_centro': 1.0}"
MERCADO DL,20,2026-04-29 20:00:00,ZONA_CENTRO,tarde,51.936,51.047,0.9829,0.85,-1.71,🟢 NORMAL,65.07,38.692,"{'factor_calor_acumulado': 1.0, 'factor_cruceros': 1.0, 'factor_eventos': 1.0, 'factor_fin_de_semana': 1.0, 'factor_franja_tarde': 1.02, 'factor_global': 1.0, 'factor_movilidad_ciudad': 1.0, 'factor_obras_construccion': 1.0, 'factor_ocupacion_hotelera': 0.8, 'factor_zona_centro': 1.0}"
MERCADO DL,21,2026-04-29 21:00:00,ZONA_CENTRO,tarde,112.916,110.983,0.9829,0.85,-1.71,🟢 NORMAL,70.985,42.209,"{'factor_calor_acumulado': 1.0, 'factor_cruceros': 1.0, 'factor_eventos': 1.0, 'factor_fin_de_semana': 1.0, 'factor_franja_tarde': 1.02, 'factor_global': 1.0, 'factor_movilidad_ciudad': 1.0, 'factor_obras_construccion': 1.0, 'factor_ocupacion_hotelera': 0.8, 'factor_zona_centro': 1.0}"
MERCADO DL,22,2026-04-29 22:00:00,ZONA_CENTRO,noche,44.136,43.117,0.9769,0.85,-2.31,🟢 NORMAL,53.239,31.656,"{'factor_cruceros': 1.0, 'factor_eventos': 1.0, 'factor_fin_de_semana': 1.0, 'factor_franja_noche': 1.02, 'factor_global': 1.0, 'factor_movilidad_ciudad': 1.0, 'factor_obras_construccion': 1.0, 'factor_ocupacion_hotelera': 0.8, 'factor_zona_centro': 1.0}"
MERCADO DL,23,2026-04-29 23:00:00,ZONA_CENTRO,noche,22.159,21.647,0.9769,0.85,-2.31,🟢 NORMAL,41.408,24.622,"{'factor_cruceros': 1.0, 'factor_eventos': 1.0, 'factor_fin_de_semana': 1.0, 'factor_franja_noche': 1.02, 'factor_global': 1.0, 'factor_movilidad_ciudad': 1.0, 'factor_obras_construccion': 1.0, 'factor_ocupacion_hotelera': 0.8, 'factor_zona_centro': 1.0}"
MUCHAVISTA - P.A.U. 5,0,2026-04-29 00:00:00,PLAYA_SAN_JUAN,noche,45.407,44.558,0.9813,0.85,-1.87,🟢 NORMAL,59.263,33.583,"{'factor_calor_acumulado': 1.0, 'factor_fin_de_semana': 1.0, 'factor_franja_noche': 1.02, 'factor_global': 1.0, 'factor_ocupacion_hotelera': 0.8, 'factor_playa_san_juan': 1.0, 'factor_vacaciones_escolares': 1.0, 'factor_vuelos_turismo': 1.0}"
MUCHAVISTA - P.A.U. 5,1,2026-04-29 01:00:00,PLAYA_SAN_JUAN,noche,41.48,40.705,0.9813,0.85,-1.87,🟢 NORMAL,80.88,44.225,"{'factor_calor_acumulado': 1.0, 'factor_fin_de_semana': 1.0, 'factor_franja_noche': 1.02, 'factor_global': 1.0, 'factor_ocupacion_hotelera': 0.8, 'factor_playa_san_juan': 1.0, 'factor_vacaciones_escolares': 1.0, 'factor_vuelos_turismo': 1.0}"
MUCHAVISTA - P.A.U. 5,2,2026-04-29 02:00:00,PLAYA_SAN_JUAN,noche,55.028,53.999,0.9813,0.85,-1.87,🟢 NORMAL,77.31,40.845,"{'factor_calor_acumulado': 1.0, 'factor_fin_de_semana': 1.0, 'factor_franja_noche': 1.02, 'factor_global': 1.0, 'factor_ocupacion_hotelera': 0.8, 'factor_playa_san_juan': 1.0, 'factor_vacaciones_escolares': 1.0, 'factor_vuelos_turismo': 1.0}"
MUCHAVISTA - P.A.U. 5,3,2026-04-29 03:00:00,PLAYA_SAN_JUAN,noche,53.388,52.391,0.9813,0.85,-1.87,🟢 NORMAL,73.295,37.0,"{'factor_calor_acumulado': 1.0, 'factor_fin_de_semana': 1.0, 'factor_franja_noche': 1.02, 'factor_global': 1.0, 'factor_ocupacion_hotelera': 0.8, 'factor_playa_san_juan': 1.0, 'factor_vacaciones_escolares': 1.0, 'factor_vuelos_turismo': 1.0}"
MUCHAVISTA - P.A.U. 5,4,2026-04-29 04:00:00,PLAYA_SAN_JUAN,noche,50.213,49.275,0.9813,0.85,-1.87,🟢 NORMAL,67.742,36.252,"{'factor_calor_acumulado': 1.0, 'factor_fin_de_semana': 1.0, 'factor_franja_noche': 1.02, 'factor_global': 1.0, 'factor_ocupacion_hotelera': 0.8, 'factor_playa_san_juan': 1.0, 'factor_vacaciones_escolares': 1.0, 'factor_vuelos_turismo': 1.0}"
MUCHAVISTA - P.A.U. 5,5,2026-04-29 05:00:00,PLAYA_SAN_JUAN,noche,47.881,46.986,0.9813,0.85,-1.87,🟢 NORMAL,60.398,35.41,"{'factor_calor_acumulado': 1.0, 'factor_fin_de_semana': 1.0, 'factor_franja_noche': 1.02, 'factor_global': 1.0, 'factor_ocupacion_hotelera': 0.8, 'factor_playa_san_juan': 1.0, 'factor_vacaciones_escolares': 1.0, 'factor_vuelos_turismo': 1.0}"
MUCHAVISTA - P.A.U. 5,6,2026-04-29 06:00:00,PLAYA_SAN_JUAN,manana,43.687,42.655,0.9764,0.85,-2.36,🟢 NORMAL,63.215,31.465,"{'factor_calor_acumulado': 1.0, 'factor_fin_de_semana': 1.0, 'factor_franja_manana': 1.0, 'factor_global': 1.0, 'factor_ocupacion_hotelera': 0.8, 'factor_playa_san_juan': 1.0, 'factor_vacaciones_escolares': 1.0, 'factor_vuelos_turismo': 1.0}"
MUCHAVISTA - P.A.U. 5,7,2026-04-29 07:00:00,PLAYA_SAN_JUAN,manana,47.772,46.644,0.9764,0.85,-2.36,🟢 NORMAL,65.878,33.702,"{'factor_calor_acumulado': 1.0, 'factor_fin_de_semana': 1.0, 'factor_franja_manana': 1.0, 'factor_global': 1.0, 'factor_ocupacion_hotelera': 0.8, 'factor_playa_san_juan': 1.0, 'factor_vacaciones_escolares': 1.0, 'factor_vuelos_turismo': 1.0}"
MUCHAVISTA - P.A.U. 5,8,2026-04-29 08:00:00,PLAYA_SAN_JUAN,manana,47.282,46.165,0.9764,0.85,-2.36,🟢 NORMAL,79.832,43.24,"{'factor_calor_acumulado': 1.0, 'factor_fin_de_semana': 1.0, 'factor_franja_manana': 1.0, 'factor_global': 1.0, 'factor_ocupacion_hotelera': 0.8, 'factor_playa_san_juan': 1.0, 'factor_vacaciones_escolares': 1.0, 'factor_vuelos_turismo': 1.0}"
MUCHAVISTA - P.A.U. 5,9,2026-04-29 09:00:00,PLAYA_SAN_JUAN,manana,70.524,68.859,0.9764,0.85,-2.36,🟢 NORMAL,98.68,56.52,"{'factor_calor_acumulado': 1.0, 'factor_fin_de_semana': 1.0, 'factor_franja_manana': 1.0, 'factor_global': 1.0, 'factor_ocupacion_hotelera': 0.8, 'factor_playa_san_juan': 1.0, 'factor_vacaciones_escolares': 1.0, 'factor_vuelos_turismo': 1.0}"
MUCHAVISTA - P.A.U. 5,10,2026-04-29 10:00:00,PLAYA_SAN_JUAN,manana,44.69,43.635,0.9764,0.85,-2.36,🟢 NORMAL,108.097,63.285,"{'factor_calor_acumulado': 1.0, 'factor_fin_de_semana': 1.0, 'factor_franja_manana': 1.0, 'factor_global': 1.0, 'factor_ocupacion_hotelera': 0.8, 'factor_playa_san_juan': 1.0, 'factor_vacaciones_escolares': 1.0, 'factor_vuelos_turismo': 1.0}"
MUCHAVISTA - P.A.U. 5,11,2026-04-29 11:00:00,PLAYA_SAN_JUAN,manana,77.805,75.968,0.9764,0.85,-2.36,🟢 NORMAL,102.417,60.362,"{'factor_calor_acumulado': 1.0, 'factor_fin_de_semana': 1.0, 'factor_franja_manana': 1.0, 'factor_global': 1.0, 'factor_ocupacion_hotelera': 0.8, 'factor_playa_san_juan': 1.0, 'factor_vacaciones_escolares': 1.0, 'factor_vuelos_turismo': 1.0}"
MUCHAVISTA - P.A.U. 5,12,2026-04-29 12:00:00,PLAYA_SAN_JUAN,manana,58.196,56.822,0.9764,0.85,-2.36,🟢 NORMAL,91.31,51.515,"{'factor_calor_acumulado': 1.0, 'factor_fin_de_semana': 1.0, 'factor_franja_manana': 1.0, 'factor_global': 1.0, 'factor_ocupacion_hotelera': 0.8, 'factor_playa_san_juan': 1.0, 'factor_vacaciones_escolares': 1.0, 'factor_vuelos_turismo': 1.0}"
MUCHAVISTA - P.A.U. 5,13,2026-04-29 13:00:00,PLAYA_SAN_JUAN,manana,61.932,60.47,0.9764,0.85,-2.36,🟢 NORMAL,94.821,53.732,"{'factor_calor_acumulado': 1.0, 'factor_fin_de_semana': 1.0, 'factor_franja_manana': 1.0, 'factor_global': 1.0, 'factor_ocupacion_hotelera': 0.8, 'factor_playa_san_juan': 1.0, 'factor_vacaciones_escolares': 1.0, 'factor_vuelos_turismo': 1.0}"
MUCHAVISTA - P.A.U. 5,14,2026-04-29 14:00:00,PLAYA_SAN_JUAN,tarde,87.607,86.107,0.9829,0.85,-1.71,🟢 NORMAL,118.526,67.165,"{'factor_calor_acumulado': 1.0, 'factor_fin_de_semana': 1.0, 'factor_franja_tarde': 1.02, 'factor_global': 1.0, 'factor_ocupacion_hotelera': 0.8, 'factor_playa_san_juan': 1.0, 'factor_vacaciones_escolares': 1.0, 'factor_vuelos_turismo': 1.0}"
MUCHAVISTA - P.A.U. 5,15,2026-04-29 15:00:00,PLAYA_SAN_JUAN,tarde,81.421,80.026,0.9829,0.85,-1.71,🟢 NORMAL,106.674,60.448,"{'factor_calor_acumulado': 1.0, 'factor_fin_de_semana': 1.0, 'factor_franja_tarde': 1.02, 'factor_global': 1.0, 'factor_ocupacion_hotelera': 0.8, 'factor_playa_san_juan': 1.0, 'factor_vacaciones_escolares': 1.0, 'factor_vuelos_turismo': 1.0}"
MUCHAVISTA - P.A.U. 5,16,2026-04-29 16:00:00,PLAYA_SAN_JUAN,tarde,53.819,52.898,0.9829,0.85,-1.71,🟢 NORMAL,82.969,47.016,"{'factor_calor_acumulado': 1.0, 'factor_fin_de_semana': 1.0, 'factor_franja_tarde': 1.02, 'factor_global': 1.0, 'factor_ocupacion_hotelera': 0.8, 'factor_playa_san_juan': 1.0, 'factor_vacaciones_escolares': 1.0, 'factor_vuelos_turismo': 1.0}"
MUCHAVISTA - P.A.U. 5,17,2026-04-29 17:00:00,PLAYA_SAN_JUAN,tarde,56.423,55.457,0.9829,0.85,-1.71,🟢 NORMAL,71.115,40.299,"{'factor_calor_acumulado': 1.0, 'factor_fin_de_semana': 1.0, 'factor_franja_tarde': 1.02, 'factor_global': 1.0, 'factor_ocupacion_hotelera': 0.8, 'factor_playa_san_juan': 1.0, 'factor_vacaciones_escolares': 1.0, 'factor_vuelos_turismo': 1.0}"
MUCHAVISTA - P.A.U. 5,18,2026-04-29 18:00:00,PLAYA_SAN_JUAN,tarde,53.819,52.898,0.9829,0.85,-1.71,🟢 NORMAL,82.969,47.016,"{'factor_calor_acumulado': 1.0, 'factor_fin_de_semana': 1.0, 'factor_franja_tarde': 1.02, 'factor_global': 1.0, 'factor_ocupacion_hotelera': 0.8, 'factor_playa_san_juan': 1.0, 'factor_vacaciones_escolares': 1.0, 'factor_vuelos_turismo': 1.0}"
MUCHAVISTA - P.A.U. 5,19,2026-04-29 19:00:00,PLAYA_SAN_JUAN,tarde,81.421,80.026,0.9829,0.85,-1.71,🟢 NORMAL,106.674,60.448,"{'factor_calor_acumulado': 1.0, 'factor_fin_de_semana': 1.0, 'factor_franja_tarde': 1.02, 'factor_global': 1.0, 'factor_ocupacion_hotelera': 0.8, 'factor_playa_san_juan': 1.0, 'factor_vacaciones_escolares': 1.0, 'factor_vuelos_turismo': 1.0}"
MUCHAVISTA - P.A.U. 5,20,2026-04-29 20:00:00,PLAYA_SAN_JUAN,tarde,94.376,92.76,0.9829,0.85,-1.71,🟢 NORMAL,130.379,73.881,"{'factor_calor_acumulado': 1.0, 'factor_fin_de_semana': 1.0, 'factor_franja_tarde': 1.02, 'factor_global': 1.0, 'factor_ocupacion_hotelera': 0.8, 'factor_playa_san_juan': 1.0, 'factor_vacaciones_escolares': 1.0, 'factor_vuelos_turismo': 1.0}"
MUCHAVISTA - P.A.U. 5,21,2026-04-29 21:00:00,PLAYA_SAN_JUAN,tarde,104.112,102.33,0.9829,0.85,-1.71,🟢 NORMAL,142.232,80.597,"{'factor_calor_acumulado': 1.0, 'factor_fin_de_semana': 1.0, 'factor_franja_tarde': 1.02, 'factor_global': 1.0, 'factor_ocupacion_hotelera': 0.8, 'factor_playa_san_juan': 1.0, 'factor_vacaciones_escolares': 1.0, 'factor_vuelos_turismo': 1.0}"
MUCHAVISTA - P.A.U. 5,22,2026-04-29 22:00:00,PLAYA_SAN_JUAN,noche,79.695,78.206,0.9813,0.85,-1.87,🟢 NORMAL,106.674,60.448,"{'factor_calor_acumulado': 1.0, 'factor_fin_de_semana': 1.0, 'factor_franja_noche': 1.02, 'factor_global': 1.0, 'factor_ocupacion_hotelera': 0.8, 'factor_playa_san_juan': 1.0, 'factor_vacaciones_escolares': 1.0, 'factor_vuelos_turismo': 1.0}"
MUCHAVISTA - P.A.U. 5,23,2026-04-29 23:00:00,PLAYA_SAN_JUAN,noche,52.094,51.12,0.9813,0.85,-1.87,🟢 NORMAL,82.969,47.016,"{'factor_calor_acumulado': 1.0, 'factor_fin_de_semana': 1.0, 'factor_franja_noche': 1.02, 'factor_global': 1.0, 'factor_ocupacion_hotelera': 0.8, 'factor_playa_san_juan': 1.0, 'factor_vacaciones_escolares': 1.0, 'factor_vuelos_turismo': 1.0}"
MUELLE GRANELES DL,0,2026-04-29 00:00:00,ZONA_NORTE,noche,69.756,69.844,1.0013,0.85,0.13,🟢 NORMAL,7.843,2.262,"{'factor_eventos': 1.0, 'factor_fin_de_semana': 1.0, 'factor_franja_noche': 1.02, 'factor_global': 1.0, 'factor_movilidad_ciudad': 1.0, 'factor_obras_construccion': 1.0, 'factor_zona_norte': 1.0}"
MUELLE GRANELES DL,1,2026-04-29 01:00:00,ZONA_NORTE,noche,81.468,81.57,1.0013,0.85,0.13,🟢 NORMAL,24.47,5.2,"{'factor_eventos': 1.0, 'factor_fin_de_semana': 1.0, 'factor_franja_noche': 1.02, 'factor_global': 1.0, 'factor_movilidad_ciudad': 1.0, 'factor_obras_construccion': 1.0, 'factor_zona_norte': 1.0}"
MUELLE GRANELES DL,2,2026-04-29 02:00:00,ZONA_NORTE,noche,75.322,75.417,1.0013,0.85,0.13,🟢 NORMAL,23.84,5.38,"{'factor_eventos': 1.0, 'factor_fin_de_semana': 1.0, 'factor_franja_noche': 1.02, 'factor_global': 1.0, 'factor_movilidad_ciudad': 1.0, 'factor_obras_construccion': 1.0, 'factor_zona_norte': 1.0}"
MUELLE GRANELES DL,3,2026-04-29 03:00:00,ZONA_NORTE,noche,99.787,99.913,1.0013,0.85,0.13,🟢 NORMAL,21.45,5.3,"{'factor_eventos': 1.0, 'factor_fin_de_semana': 1.0, 'factor_franja_noche': 1.02, 'factor_global': 1.0, 'factor_movilidad_ciudad': 1.0, 'factor_obras_construccion': 1.0, 'factor_zona_norte': 1.0}"
MUELLE GRANELES DL,4,2026-04-29 04:00:00,ZONA_NORTE,noche,104.375,104.506,1.0013,0.85,0.13,🟢 NORMAL,21.35,5.3,"{'factor_eventos': 1.0, 'factor_fin_de_semana': 1.0, 'factor_franja_noche': 1.02, 'factor_global': 1.0, 'factor_movilidad_ciudad': 1.0, 'factor_obras_construccion': 1.0, 'factor_zona_norte': 1.0}"
MUELLE GRANELES DL,5,2026-04-29 05:00:00,ZONA_NORTE,noche,102.327,102.456,1.0013,0.85,0.13,🟢 NORMAL,19.465,5.6,"{'factor_eventos': 1.0, 'factor_fin_de_semana': 1.0, 'factor_franja_noche': 1.02, 'factor_global': 1.0, 'factor_movilidad_ciudad': 1.0, 'factor_obras_construccion': 1.0, 'factor_zona_norte': 1.0}"
MUELLE GRANELES DL,6,2026-04-29 06:00:00,ZONA_NORTE,manana,83.373,83.373,1.0,0.85,0.0,🟢 NORMAL,17.39,5.5,"{'factor_eventos': 1.0, 'factor_fin_de_semana': 1.0, 'factor_franja_manana': 1.0, 'factor_global': 1.0, 'factor_movilidad_ciudad': 1.0, 'factor_obras_construccion': 1.0, 'factor_zona_norte': 1.0}"
MUELLE GRANELES DL,7,2026-04-29 07:00:00,ZONA_NORTE,manana,83.84,83.84,1.0,0.85,0.0,🟢 NORMAL,21.5,5.705,"{'factor_eventos': 1.0, 'factor_fin_de_semana': 1.0, 'factor_franja_manana': 1.0, 'factor_global': 1.0, 'factor_movilidad_ciudad': 1.0, 'factor_obras_construccion': 1.0, 'factor_zona_norte': 1.0}"
MUELLE GRANELES DL,8,2026-04-29 08:00:00,ZONA_NORTE,manana,83.84,83.84,1.0,0.85,0.0,🟢 NORMAL,18.6,5.3,"{'factor_eventos': 1.0, 'factor_fin_de_semana': 1.0, 'factor_franja_manana': 1.0, 'factor_global': 1.0, 'factor_movilidad_ciudad': 1.0, 'factor_obras_construccion': 1.0, 'factor_zona_norte': 1.0}"
MUELLE GRANELES DL,9,2026-04-29 09:00:00,ZONA_NORTE,manana,83.84,83.84,1.0,0.85,0.0,🟢 NORMAL,19.91,5.0,"{'factor_eventos': 1.0, 'factor_fin_de_semana': 1.0, 'factor_franja_manana': 1.0, 'factor_global': 1.0, 'factor_movilidad_ciudad': 1.0, 'factor_obras_construccion': 1.0, 'factor_zona_norte': 1.0}"
MUELLE GRANELES DL,10,2026-04-29 10:00:00,ZONA_NORTE,manana,76.341,76.341,1.0,0.85,0.0,🟢 NORMAL,22.6,5.2,"{'factor_eventos': 1.0, 'factor_fin_de_semana': 1.0, 'factor_franja_manana': 1.0, 'factor_global': 1.0, 'factor_movilidad_ciudad': 1.0, 'factor_obras_construccion': 1.0, 'factor_zona_norte': 1.0}"
MUELLE GRANELES DL,11,2026-04-29 11:00:00,ZONA_NORTE,manana,115.394,115.394,1.0,0.85,0.0,🟢 NORMAL,27.84,5.46,"{'factor_eventos': 1.0, 'factor_fin_de_semana': 1.0, 'factor_franja_manana': 1.0, 'factor_global': 1.0, 'factor_movilidad_ciudad': 1.0, 'factor_obras_construccion': 1.0, 'factor_zona_norte': 1.0}"
MUELLE GRANELES DL,12,2026-04-29 12:00:00,ZONA_NORTE,manana,87.362,87.362,1.0,0.85,0.0,🟢 NORMAL,23.09,5.41,"{'factor_eventos': 1.0, 'factor_fin_de_semana': 1.0, 'factor_franja_manana': 1.0, 'factor_global': 1.0, 'factor_movilidad_ciudad': 1.0, 'factor_obras_construccion': 1.0, 'factor_zona_norte': 1.0}"
MUELLE GRANELES DL,13,2026-04-29 13:00:00,ZONA_NORTE,manana,110.474,110.474,1.0,0.85,0.0,🟢 NORMAL,12.548,3.619,"{'factor_eventos': 1.0, 'factor_fin_de_semana': 1.0, 'factor_franja_manana': 1.0, 'factor_global': 1.0, 'factor_movilidad_ciudad': 1.0, 'factor_obras_construccion': 1.0, 'factor_zona_norte': 1.0}"
MUELLE GRANELES DL,14,2026-04-29 14:00:00,ZONA_NORTE,tarde,163.838,164.137,1.0018,0.85,0.18,🟢 NORMAL,15.686,4.524,"{'factor_calor_acumulado': 1.0, 'factor_eventos': 1.0, 'factor_fin_de_semana': 1.0, 'factor_franja_tarde': 1.02, 'factor_global': 1.0, 'factor_movilidad_ciudad': 1.0, 'factor_obras_construccion': 1.0, 'factor_zona_norte': 1.0}"
MUELLE GRANELES DL,15,2026-04-29 15:00:00,ZONA_NORTE,tarde,113.353,113.56,1.0018,0.85,0.18,🟢 NORMAL,14.117,4.071,"{'factor_calor_acumulado': 1.0, 'factor_eventos': 1.0, 'factor_fin_de_semana': 1.0, 'factor_franja_tarde': 1.02, 'factor_global': 1.0, 'factor_movilidad_ciudad': 1.0, 'factor_obras_construccion': 1.0, 'factor_zona_norte': 1.0}"
MUELLE GRANELES DL,16,2026-04-29 16:00:00,ZONA_NORTE,tarde,86.444,86.601,1.0018,0.85,0.18,🟢 NORMAL,10.98,3.167,"{'factor_calor_acumulado': 1.0, 'factor_eventos': 1.0, 'factor_fin_de_semana': 1.0, 'factor_franja_tarde': 1.02, 'factor_global': 1.0, 'factor_movilidad_ciudad': 1.0, 'factor_obras_construccion': 1.0, 'factor_zona_norte': 1.0}"
MUELLE GRANELES DL,17,2026-04-29 17:00:00,ZONA_NORTE,tarde,80.417,80.564,1.0018,0.85,0.18,🟢 NORMAL,9.411,2.714,"{'factor_calor_acumulado': 1.0, 'factor_eventos': 1.0, 'factor_fin_de_semana': 1.0, 'factor_franja_tarde': 1.02, 'factor_global': 1.0, 'factor_movilidad_ciudad': 1.0, 'factor_obras_construccion': 1.0, 'factor_zona_norte': 1.0}"
MUELLE GRANELES DL,18,2026-04-29 18:00:00,ZONA_NORTE,tarde,86.444,86.601,1.0018,0.85,0.18,🟢 NORMAL,10.98,3.167,"{'factor_calor_acumulado': 1.0, 'factor_eventos': 1.0, 'factor_fin_de_semana': 1.0, 'factor_franja_tarde': 1.02, 'factor_global': 1.0, 'factor_movilidad_ciudad': 1.0, 'factor_obras_construccion': 1.0, 'factor_zona_norte': 1.0}"
MUELLE GRANELES DL,19,2026-04-29 19:00:00,ZONA_NORTE,tarde,113.353,113.56,1.0018,0.85,0.18,🟢 NORMAL,14.117,4.071,"{'factor_calor_acumulado': 1.0, 'factor_eventos': 1.0, 'factor_fin_de_semana': 1.0, 'factor_franja_tarde': 1.02, 'factor_global': 1.0, 'factor_movilidad_ciudad': 1.0, 'factor_obras_construccion': 1.0, 'factor_zona_norte': 1.0}"
MUELLE GRANELES DL,20,2026-04-29 20:00:00,ZONA_NORTE,tarde,169.256,169.564,1.0018,0.85,0.18,🟢 NORMAL,17.254,4.976,"{'factor_calor_acumulado': 1.0, 'factor_eventos': 1.0, 'factor_fin_de_semana': 1.0, 'factor_franja_tarde': 1.02, 'factor_global': 1.0, 'factor_movilidad_ciudad': 1.0, 'factor_obras_construccion': 1.0, 'factor_zona_norte': 1.0}"
MUELLE GRANELES DL,21,2026-04-29 21:00:00,ZONA_NORTE,tarde,174.766,175.084,1.0018,0.85,0.18,🟢 NORMAL,18.823,5.429,"{'factor_calor_acumulado': 1.0, 'factor_eventos': 1.0, 'factor_fin_de_semana': 1.0, 'factor_franja_tarde': 1.02, 'factor_global': 1.0, 'factor_movilidad_ciudad': 1.0, 'factor_obras_construccion': 1.0, 'factor_zona_norte': 1.0}"
MUELLE GRANELES DL,22,2026-04-29 22:00:00,ZONA_NORTE,noche,111.627,111.768,1.0013,0.85,0.13,🟢 NORMAL,14.117,4.071,"{'factor_eventos': 1.0, 'factor_fin_de_semana': 1.0, 'factor_franja_noche': 1.02, 'factor_global': 1.0, 'factor_movilidad_ciudad': 1.0, 'factor_obras_construccion': 1.0, 'factor_zona_norte': 1.0}"
MUELLE GRANELES DL,23,2026-04-29 23:00:00,ZONA_NORTE,noche,84.718,84.825,1.0013,0.85,0.13,🟢 NORMAL,10.98,3.167,"{'factor_eventos': 1.0, 'factor_fin_de_semana': 1.0, 'factor_franja_noche': 1.02, 'factor_global': 1.0, 'factor_movilidad_ciudad': 1.0, 'factor_obras_construccion': 1.0, 'factor_zona_norte': 1.0}"
MUELLE LEVANTE DL,0,2026-04-29 00:00:00,ZONA_NORTE,noche,14.674,14.692,1.0013,0.85,0.13,🟢 NORMAL,8.479,4.321,"{'factor_eventos': 1.0, 'factor_fin_de_semana': 1.0, 'factor_franja_noche': 1.02, 'factor_global': 1.0, 'factor_movilidad_ciudad': 1.0, 'factor_obras_construccion': 1.0, 'factor_zona_norte': 1.0}"
MUELLE LEVANTE DL,1,2026-04-29 01:00:00,ZONA_NORTE,noche,14.723,14.741,1.0013,0.85,0.13,🟢 NORMAL,10.626,5.545,"{'factor_eventos': 1.0, 'factor_fin_de_semana': 1.0, 'factor_franja_noche': 1.02, 'factor_global': 1.0, 'factor_movilidad_ciudad': 1.0, 'factor_obras_construccion': 1.0, 'factor_zona_norte': 1.0}"
MUELLE LEVANTE DL,2,2026-04-29 02:00:00,ZONA_NORTE,noche,14.129,14.147,1.0013,0.85,0.13,🟢 NORMAL,10.309,5.178,"{'factor_eventos': 1.0, 'factor_fin_de_semana': 1.0, 'factor_franja_noche': 1.02, 'factor_global': 1.0, 'factor_movilidad_ciudad': 1.0, 'factor_obras_construccion': 1.0, 'factor_zona_norte': 1.0}"
MUELLE LEVANTE DL,3,2026-04-29 03:00:00,ZONA_NORTE,noche,14.723,14.741,1.0013,0.85,0.13,🟢 NORMAL,10.513,5.386,"{'factor_eventos': 1.0, 'factor_fin_de_semana': 1.0, 'factor_franja_noche': 1.02, 'factor_global': 1.0, 'factor_movilidad_ciudad': 1.0, 'factor_obras_construccion': 1.0, 'factor_zona_norte': 1.0}"
MUELLE LEVANTE DL,4,2026-04-29 04:00:00,ZONA_NORTE,noche,17.045,17.066,1.0013,0.85,0.13,🟢 NORMAL,12.071,5.743,"{'factor_eventos': 1.0, 'factor_fin_de_semana': 1.0, 'factor_franja_noche': 1.02, 'factor_global': 1.0, 'factor_movilidad_ciudad': 1.0, 'factor_obras_construccion': 1.0, 'factor_zona_norte': 1.0}"
MUELLE LEVANTE DL,5,2026-04-29 05:00:00,ZONA_NORTE,noche,20.825,20.851,1.0013,0.85,0.13,🟢 NORMAL,11.157,5.644,"{'factor_eventos': 1.0, 'factor_fin_de_semana': 1.0, 'factor_franja_noche': 1.02, 'factor_global': 1.0, 'factor_movilidad_ciudad': 1.0, 'factor_obras_construccion': 1.0, 'factor_zona_norte': 1.0}"
MUELLE LEVANTE DL,6,2026-04-29 06:00:00,ZONA_NORTE,manana,17.375,17.375,1.0,0.85,0.0,🟢 NORMAL,11.303,5.802,"{'factor_eventos': 1.0, 'factor_fin_de_semana': 1.0, 'factor_franja_manana': 1.0, 'factor_global': 1.0, 'factor_movilidad_ciudad': 1.0, 'factor_obras_construccion': 1.0, 'factor_zona_norte': 1.0}"
MUELLE LEVANTE DL,7,2026-04-29 07:00:00,ZONA_NORTE,manana,16.781,16.781,1.0,0.85,0.0,🟢 NORMAL,11.307,5.324,"{'factor_eventos': 1.0, 'factor_fin_de_semana': 1.0, 'factor_franja_manana': 1.0, 'factor_global': 1.0, 'factor_movilidad_ciudad': 1.0, 'factor_obras_construccion': 1.0, 'factor_zona_norte': 1.0}"
MUELLE LEVANTE DL,8,2026-04-29 08:00:00,ZONA_NORTE,manana,17.375,17.375,1.0,0.85,0.0,🟢 NORMAL,11.686,4.928,"{'factor_eventos': 1.0, 'factor_fin_de_semana': 1.0, 'factor_franja_manana': 1.0, 'factor_global': 1.0, 'factor_movilidad_ciudad': 1.0, 'factor_obras_construccion': 1.0, 'factor_zona_norte': 1.0}"
MUELLE LEVANTE DL,9,2026-04-29 09:00:00,ZONA_NORTE,manana,19.078,19.078,1.0,0.85,0.0,🟢 NORMAL,12.761,5.611,"{'factor_eventos': 1.0, 'factor_fin_de_semana': 1.0, 'factor_franja_manana': 1.0, 'factor_global': 1.0, 'factor_movilidad_ciudad': 1.0, 'factor_obras_construccion': 1.0, 'factor_zona_norte': 1.0}"
MUELLE LEVANTE DL,10,2026-04-29 10:00:00,ZONA_NORTE,manana,0.1,0.1,1.0,0.85,0.0,🟢 NORMAL,13.156,6.256,"{'factor_eventos': 1.0, 'factor_fin_de_semana': 1.0, 'factor_franja_manana': 1.0, 'factor_global': 1.0, 'factor_movilidad_ciudad': 1.0, 'factor_obras_construccion': 1.0, 'factor_zona_norte': 1.0}"
MUELLE LEVANTE DL,11,2026-04-29 11:00:00,ZONA_NORTE,manana,20.011,20.011,1.0,0.85,0.0,🟢 NORMAL,11.779,5.845,"{'factor_eventos': 1.0, 'factor_fin_de_semana': 1.0, 'factor_franja_manana': 1.0, 'factor_global': 1.0, 'factor_movilidad_ciudad': 1.0, 'factor_obras_construccion': 1.0, 'factor_zona_norte': 1.0}"
MUELLE LEVANTE DL,12,2026-04-29 12:00:00,ZONA_NORTE,manana,20.011,20.011,1.0,0.85,0.0,🟢 NORMAL,11.199,6.034,"{'factor_eventos': 1.0, 'factor_fin_de_semana': 1.0, 'factor_franja_manana': 1.0, 'factor_global': 1.0, 'factor_movilidad_ciudad': 1.0, 'factor_obras_construccion': 1.0, 'factor_zona_norte': 1.0}"
MUELLE LEVANTE DL,13,2026-04-29 13:00:00,ZONA_NORTE,manana,21.411,21.411,1.0,0.85,0.0,🟢 NORMAL,13.566,6.913,"{'factor_eventos': 1.0, 'factor_fin_de_semana': 1.0, 'factor_franja_manana': 1.0, 'factor_global': 1.0, 'factor_movilidad_ciudad': 1.0, 'factor_obras_construccion': 1.0, 'factor_zona_norte': 1.0}"
MUELLE LEVANTE DL,14,2026-04-29 14:00:00,ZONA_NORTE,tarde,30.617,30.672,1.0018,0.85,0.18,🟢 NORMAL,16.958,8.641,"{'factor_calor_acumulado': 1.0, 'factor_eventos': 1.0, 'factor_fin_de_semana': 1.0, 'factor_franja_tarde': 1.02, 'factor_global': 1.0, 'factor_movilidad_ciudad': 1.0, 'factor_obras_construccion': 1.0, 'factor_zona_norte': 1.0}"
MUELLE LEVANTE DL,15,2026-04-29 15:00:00,ZONA_NORTE,tarde,21.465,21.504,1.0018,0.85,0.18,🟢 NORMAL,15.262,7.777,"{'factor_calor_acumulado': 1.0, 'factor_eventos': 1.0, 'factor_fin_de_semana': 1.0, 'factor_franja_tarde': 1.02, 'factor_global': 1.0, 'factor_movilidad_ciudad': 1.0, 'factor_obras_construccion': 1.0, 'factor_zona_norte': 1.0}"
MUELLE LEVANTE DL,16,2026-04-29 16:00:00,ZONA_NORTE,tarde,17.841,17.874,1.0018,0.85,0.18,🟢 NORMAL,11.87,6.049,"{'factor_calor_acumulado': 1.0, 'factor_eventos': 1.0, 'factor_fin_de_semana': 1.0, 'factor_franja_tarde': 1.02, 'factor_global': 1.0, 'factor_movilidad_ciudad': 1.0, 'factor_obras_construccion': 1.0, 'factor_zona_norte': 1.0}"
MUELLE LEVANTE DL,17,2026-04-29 17:00:00,ZONA_NORTE,tarde,17.248,17.279,1.0018,0.85,0.18,🟢 NORMAL,10.174,5.185,"{'factor_calor_acumulado': 1.0, 'factor_eventos': 1.0, 'factor_fin_de_semana': 1.0, 'factor_franja_tarde': 1.02, 'factor_global': 1.0, 'factor_movilidad_ciudad': 1.0, 'factor_obras_construccion': 1.0, 'factor_zona_norte': 1.0}"
MUELLE LEVANTE DL,18,2026-04-29 18:00:00,ZONA_NORTE,tarde,17.841,17.874,1.0018,0.85,0.18,🟢 NORMAL,11.87,6.049,"{'factor_calor_acumulado': 1.0, 'factor_eventos': 1.0, 'factor_fin_de_semana': 1.0, 'factor_franja_tarde': 1.02, 'factor_global': 1.0, 'factor_movilidad_ciudad': 1.0, 'factor_obras_construccion': 1.0, 'factor_zona_norte': 1.0}"
MUELLE LEVANTE DL,19,2026-04-29 19:00:00,ZONA_NORTE,tarde,21.465,21.504,1.0018,0.85,0.18,🟢 NORMAL,15.262,7.777,"{'factor_calor_acumulado': 1.0, 'factor_eventos': 1.0, 'factor_fin_de_semana': 1.0, 'factor_franja_tarde': 1.02, 'factor_global': 1.0, 'factor_movilidad_ciudad': 1.0, 'factor_obras_construccion': 1.0, 'factor_zona_norte': 1.0}"
MUELLE LEVANTE DL,20,2026-04-29 20:00:00,ZONA_NORTE,tarde,31.493,31.551,1.0018,0.85,0.18,🟢 NORMAL,18.653,9.505,"{'factor_calor_acumulado': 1.0, 'factor_eventos': 1.0, 'factor_fin_de_semana': 1.0, 'factor_franja_tarde': 1.02, 'factor_global': 1.0, 'factor_movilidad_ciudad': 1.0, 'factor_obras_construccion': 1.0, 'factor_zona_norte': 1.0}"
MUELLE LEVANTE DL,21,2026-04-29 21:00:00,ZONA_NORTE,tarde,34.679,34.742,1.0018,0.85,0.18,🟢 NORMAL,20.349,10.369,"{'factor_calor_acumulado': 1.0, 'factor_eventos': 1.0, 'factor_fin_de_semana': 1.0, 'factor_franja_tarde': 1.02, 'factor_global': 1.0, 'factor_movilidad_ciudad': 1.0, 'factor_obras_construccion': 1.0, 'factor_zona_norte': 1.0}"
MUELLE LEVANTE DL,22,2026-04-29 22:00:00,ZONA_NORTE,noche,21.881,21.908,1.0013,0.85,0.13,🟢 NORMAL,15.262,7.777,"{'factor_eventos': 1.0, 'factor_fin_de_semana': 1.0, 'factor_franja_noche': 1.02, 'factor_global': 1.0, 'factor_movilidad_ciudad': 1.0, 'factor_obras_construccion': 1.0, 'factor_zona_norte': 1.0}"
MUELLE LEVANTE DL,23,2026-04-29 23:00:00,ZONA_NORTE,noche,18.257,18.28,1.0013,0.85,0.13,🟢 NORMAL,11.87,6.049,"{'factor_eventos': 1.0, 'factor_fin_de_semana': 1.0, 'factor_franja_noche': 1.02, 'factor_global': 1.0, 'factor_movilidad_ciudad': 1.0, 'factor_obras_construccion': 1.0, 'factor_zona_norte': 1.0}"
O.A.M.I 1,0,2026-04-29 00:00:00,ZONA_NORTE,noche,14.674,14.692,1.0013,0.85,0.13,🟢 NORMAL,8.967,4.709,"{'factor_eventos': 1.0, 'factor_fin_de_semana': 1.0, 'factor_franja_noche': 1.02, 'factor_global': 1.0, 'factor_movilidad_ciudad': 1.0, 'factor_obras_construccion': 1.0, 'factor_zona_norte': 1.0}"
O.A.M.I 1,1,2026-04-29 01:00:00,ZONA_NORTE,noche,17.045,17.066,1.0013,0.85,0.13,🟢 NORMAL,15.2,6.67,"{'factor_eventos': 1.0, 'factor_fin_de_semana': 1.0, 'factor_franja_noche': 1.02, 'factor_global': 1.0, 'factor_movilidad_ciudad': 1.0, 'factor_obras_construccion': 1.0, 'factor_zona_norte': 1.0}"
O.A.M.I 1,2,2026-04-29 02:00:00,ZONA_NORTE,noche,17.045,17.066,1.0013,0.85,0.13,🟢 NORMAL,15.372,5.678,"{'factor_eventos': 1.0, 'factor_fin_de_semana': 1.0, 'factor_franja_noche': 1.02, 'factor_global': 1.0, 'factor_movilidad_ciudad': 1.0, 'factor_obras_construccion': 1.0, 'factor_zona_norte': 1.0}"
O.A.M.I 1,3,2026-04-29 03:00:00,ZONA_NORTE,noche,17.045,17.066,1.0013,0.85,0.13,🟢 NORMAL,15.1,5.17,"{'factor_eventos': 1.0, 'factor_fin_de_semana': 1.0, 'factor_franja_noche': 1.02, 'factor_global': 1.0, 'factor_movilidad_ciudad': 1.0, 'factor_obras_construccion': 1.0, 'factor_zona_norte': 1.0}"
O.A.M.I 1,4,2026-04-29 04:00:00,ZONA_NORTE,noche,14.129,14.147,1.0013,0.85,0.13,🟢 NORMAL,10.288,4.762,"{'factor_eventos': 1.0, 'factor_fin_de_semana': 1.0, 'factor_franja_noche': 1.02, 'factor_global': 1.0, 'factor_movilidad_ciudad': 1.0, 'factor_obras_construccion': 1.0, 'factor_zona_norte': 1.0}"
O.A.M.I 1,5,2026-04-29 05:00:00,ZONA_NORTE,noche,20.825,20.851,1.0013,0.85,0.13,🟢 NORMAL,11.58,4.763,"{'factor_eventos': 1.0, 'factor_fin_de_semana': 1.0, 'factor_franja_noche': 1.02, 'factor_global': 1.0, 'factor_movilidad_ciudad': 1.0, 'factor_obras_construccion': 1.0, 'factor_zona_norte': 1.0}"
O.A.M.I 1,6,2026-04-29 06:00:00,ZONA_NORTE,manana,16.781,16.781,1.0,0.85,0.0,🟢 NORMAL,10.45,4.8,"{'factor_eventos': 1.0, 'factor_fin_de_semana': 1.0, 'factor_franja_manana': 1.0, 'factor_global': 1.0, 'factor_movilidad_ciudad': 1.0, 'factor_obras_construccion': 1.0, 'factor_zona_norte': 1.0}"
O.A.M.I 1,7,2026-04-29 07:00:00,ZONA_NORTE,manana,19.078,19.078,1.0,0.85,0.0,🟢 NORMAL,14.503,5.15,"{'factor_eventos': 1.0, 'factor_fin_de_semana': 1.0, 'factor_franja_manana': 1.0, 'factor_global': 1.0, 'factor_movilidad_ciudad': 1.0, 'factor_obras_construccion': 1.0, 'factor_zona_norte': 1.0}"
O.A.M.I 1,8,2026-04-29 08:00:00,ZONA_NORTE,manana,19.078,19.078,1.0,0.85,0.0,🟢 NORMAL,12.31,5.907,"{'factor_eventos': 1.0, 'factor_fin_de_semana': 1.0, 'factor_franja_manana': 1.0, 'factor_global': 1.0, 'factor_movilidad_ciudad': 1.0, 'factor_obras_construccion': 1.0, 'factor_zona_norte': 1.0}"
O.A.M.I 1,9,2026-04-29 09:00:00,ZONA_NORTE,manana,19.697,19.697,1.0,0.85,0.0,🟢 NORMAL,14.303,6.898,"{'factor_eventos': 1.0, 'factor_fin_de_semana': 1.0, 'factor_franja_manana': 1.0, 'factor_global': 1.0, 'factor_movilidad_ciudad': 1.0, 'factor_obras_construccion': 1.0, 'factor_zona_norte': 1.0}"
O.A.M.I 1,10,2026-04-29 10:00:00,ZONA_NORTE,manana,0.1,0.1,1.0,0.85,0.0,🟢 NORMAL,14.458,7.448,"{'factor_eventos': 1.0, 'factor_fin_de_semana': 1.0, 'factor_franja_manana': 1.0, 'factor_global': 1.0, 'factor_movilidad_ciudad': 1.0, 'factor_obras_construccion': 1.0, 'factor_zona_norte': 1.0}"
O.A.M.I 1,11,2026-04-29 11:00:00,ZONA_NORTE,manana,20.63,20.63,1.0,0.85,0.0,🟢 NORMAL,13.0,7.797,"{'factor_eventos': 1.0, 'factor_fin_de_semana': 1.0, 'factor_franja_manana': 1.0, 'factor_global': 1.0, 'factor_movilidad_ciudad': 1.0, 'factor_obras_construccion': 1.0, 'factor_zona_norte': 1.0}"
O.A.M.I 1,12,2026-04-29 12:00:00,ZONA_NORTE,manana,20.63,20.63,1.0,0.85,0.0,🟢 NORMAL,12.78,6.82,"{'factor_eventos': 1.0, 'factor_fin_de_semana': 1.0, 'factor_franja_manana': 1.0, 'factor_global': 1.0, 'factor_movilidad_ciudad': 1.0, 'factor_obras_construccion': 1.0, 'factor_zona_norte': 1.0}"
O.A.M.I 1,13,2026-04-29 13:00:00,ZONA_NORTE,manana,22.713,22.713,1.0,0.85,0.0,🟢 NORMAL,14.347,7.534,"{'factor_eventos': 1.0, 'factor_fin_de_semana': 1.0, 'factor_franja_manana': 1.0, 'factor_global': 1.0, 'factor_movilidad_ciudad': 1.0, 'factor_obras_construccion': 1.0, 'factor_zona_norte': 1.0}"
O.A.M.I 1,14,2026-04-29 14:00:00,ZONA_NORTE,tarde,32.326,32.384,1.0018,0.85,0.18,🟢 NORMAL,17.934,9.417,"{'factor_calor_acumulado': 1.0, 'factor_eventos': 1.0, 'factor_fin_de_semana': 1.0, 'factor_franja_tarde': 1.02, 'factor_global': 1.0, 'factor_movilidad_ciudad': 1.0, 'factor_obras_construccion': 1.0, 'factor_zona_norte': 1.0}"
O.A.M.I 1,15,2026-04-29 15:00:00,ZONA_NORTE,tarde,26.616,26.664,1.0018,0.85,0.18,🟢 NORMAL,16.141,8.476,"{'factor_calor_acumulado': 1.0, 'factor_eventos': 1.0, 'factor_fin_de_semana': 1.0, 'factor_franja_tarde': 1.02, 'factor_global': 1.0, 'factor_movilidad_ciudad': 1.0, 'factor_obras_construccion': 1.0, 'factor_zona_norte': 1.0}"
O.A.M.I 1,16,2026-04-29 16:00:00,ZONA_NORTE,tarde,20.163,20.2,1.0018,0.85,0.18,🟢 NORMAL,12.553,6.592,"{'factor_calor_acumulado': 1.0, 'factor_eventos': 1.0, 'factor_fin_de_semana': 1.0, 'factor_franja_tarde': 1.02, 'factor_global': 1.0, 'factor_movilidad_ciudad': 1.0, 'factor_obras_construccion': 1.0, 'factor_zona_norte': 1.0}"
O.A.M.I 1,17,2026-04-29 17:00:00,ZONA_NORTE,tarde,17.841,17.874,1.0018,0.85,0.18,🟢 NORMAL,10.76,5.65,"{'factor_calor_acumulado': 1.0, 'factor_eventos': 1.0, 'factor_fin_de_semana': 1.0, 'factor_franja_tarde': 1.02, 'factor_global': 1.0, 'factor_movilidad_ciudad': 1.0, 'factor_obras_construccion': 1.0, 'factor_zona_norte': 1.0}"
O.A.M.I 1,18,2026-04-29 18:00:00,ZONA_NORTE,tarde,20.163,20.2,1.0018,0.85,0.18,🟢 NORMAL,12.553,6.592,"{'factor_calor_acumulado': 1.0, 'factor_eventos': 1.0, 'factor_fin_de_semana': 1.0, 'factor_franja_tarde': 1.02, 'factor_global': 1.0, 'factor_movilidad_ciudad': 1.0, 'factor_obras_construccion': 1.0, 'factor_zona_norte': 1.0}"
O.A.M.I 1,19,2026-04-29 19:00:00,ZONA_NORTE,tarde,26.616,26.664,1.0018,0.85,0.18,🟢 NORMAL,16.141,8.476,"{'factor_calor_acumulado': 1.0, 'factor_eventos': 1.0, 'factor_fin_de_semana': 1.0, 'factor_franja_tarde': 1.02, 'factor_global': 1.0, 'factor_movilidad_ciudad': 1.0, 'factor_obras_construccion': 1.0, 'factor_zona_norte': 1.0}"
O.A.M.I 1,20,2026-04-29 20:00:00,ZONA_NORTE,tarde,34.679,34.742,1.0018,0.85,0.18,🟢 NORMAL,19.727,10.359,"{'factor_calor_acumulado': 1.0, 'factor_eventos': 1.0, 'factor_fin_de_semana': 1.0, 'factor_franja_tarde': 1.02, 'factor_global': 1.0, 'factor_movilidad_ciudad': 1.0, 'factor_obras_construccion': 1.0, 'factor_zona_norte': 1.0}"
O.A.M.I 1,21,2026-04-29 21:00:00,ZONA_NORTE,tarde,30.625,30.68,1.0018,0.85,0.18,🟢 NORMAL,21.521,11.301,"{'factor_calor_acumulado': 1.0, 'factor_eventos': 1.0, 'factor_fin_de_semana': 1.0, 'factor_franja_tarde': 1.02, 'factor_global': 1.0, 'factor_movilidad_ciudad': 1.0, 'factor_obras_construccion': 1.0, 'factor_zona_norte': 1.0}"
O.A.M.I 1,22,2026-04-29 22:00:00,ZONA_NORTE,noche,27.031,27.065,1.0013,0.85,0.13,🟢 NORMAL,16.141,8.476,"{'factor_eventos': 1.0, 'factor_fin_de_semana': 1.0, 'factor_franja_noche': 1.02, 'factor_global': 1.0, 'factor_movilidad_ciudad': 1.0, 'factor_obras_construccion': 1.0, 'factor_zona_norte': 1.0}"
O.A.M.I 1,23,2026-04-29 23:00:00,ZONA_NORTE,noche,20.579,20.605,1.0013,0.85,0.13,🟢 NORMAL,12.553,6.592,"{'factor_eventos': 1.0, 'factor_fin_de_semana': 1.0, 'factor_franja_noche': 1.02, 'factor_global': 1.0, 'factor_movilidad_ciudad': 1.0, 'factor_obras_construccion': 1.0, 'factor_zona_norte': 1.0}"
P.A.U. 1 (norte+sur),0,2026-04-29 00:00:00,ZONA_NORTE,noche,0.1,0.1,1.0013,0.85,0.13,🟢 NORMAL,42.425,28.326,"{'factor_eventos': 1.0, 'factor_fin_de_semana': 1.0, 'factor_franja_noche': 1.02, 'factor_global': 1.0, 'factor_movilidad_ciudad': 1.0, 'factor_obras_construccion': 1.0, 'factor_zona_norte': 1.0}"
P.A.U. 1 (norte+sur),1,2026-04-29 01:00:00,ZONA_NORTE,noche,33.133,33.175,1.0013,0.85,0.13,🟢 NORMAL,63.635,34.963,"{'factor_eventos': 1.0, 'factor_fin_de_semana': 1.0, 'factor_franja_noche': 1.02, 'factor_global': 1.0, 'factor_movilidad_ciudad': 1.0, 'factor_obras_construccion': 1.0, 'factor_zona_norte': 1.0}"
P.A.U. 1 (norte+sur),2,2026-04-29 02:00:00,ZONA_NORTE,noche,29.048,29.085,1.0013,0.85,0.13,🟢 NORMAL,61.166,30.731,"{'factor_eventos': 1.0, 'factor_fin_de_semana': 1.0, 'factor_franja_noche': 1.02, 'factor_global': 1.0, 'factor_movilidad_ciudad': 1.0, 'factor_obras_construccion': 1.0, 'factor_zona_norte': 1.0}"
P.A.U. 1 (norte+sur),3,2026-04-29 03:00:00,ZONA_NORTE,noche,25.489,25.521,1.0013,0.85,0.13,🟢 NORMAL,50.282,28.877,"{'factor_eventos': 1.0, 'factor_fin_de_semana': 1.0, 'factor_franja_noche': 1.02, 'factor_global': 1.0, 'factor_movilidad_ciudad': 1.0, 'factor_obras_construccion': 1.0, 'factor_zona_norte': 1.0}"
P.A.U. 1 (norte+sur),4,2026-04-29 04:00:00,ZONA_NORTE,noche,0.1,0.1,1.0013,0.85,0.13,🟢 NORMAL,58.058,26.653,"{'factor_eventos': 1.0, 'factor_fin_de_semana': 1.0, 'factor_franja_noche': 1.02, 'factor_global': 1.0, 'factor_movilidad_ciudad': 1.0, 'factor_obras_construccion': 1.0, 'factor_zona_norte': 1.0}"
P.A.U. 1 (norte+sur),5,2026-04-29 05:00:00,ZONA_NORTE,noche,0.1,0.1,1.0013,0.85,0.13,🟢 NORMAL,46.396,23.636,"{'factor_eventos': 1.0, 'factor_fin_de_semana': 1.0, 'factor_franja_noche': 1.02, 'factor_global': 1.0, 'factor_movilidad_ciudad': 1.0, 'factor_obras_construccion': 1.0, 'factor_zona_norte': 1.0}"
P.A.U. 1 (norte+sur),6,2026-04-29 06:00:00,ZONA_NORTE,manana,0.1,0.1,1.0,0.85,0.0,🟢 NORMAL,55.153,24.467,"{'factor_eventos': 1.0, 'factor_fin_de_semana': 1.0, 'factor_franja_manana': 1.0, 'factor_global': 1.0, 'factor_movilidad_ciudad': 1.0, 'factor_obras_construccion': 1.0, 'factor_zona_norte': 1.0}"
P.A.U. 1 (norte+sur),7,2026-04-29 07:00:00,ZONA_NORTE,manana,0.1,0.1,1.0,0.85,0.0,🟢 NORMAL,55.43,30.778,"{'factor_eventos': 1.0, 'factor_fin_de_semana': 1.0, 'factor_franja_manana': 1.0, 'factor_global': 1.0, 'factor_movilidad_ciudad': 1.0, 'factor_obras_construccion': 1.0, 'factor_zona_norte': 1.0}"
P.A.U. 1 (norte+sur),8,2026-04-29 08:00:00,ZONA_NORTE,manana,53.14,53.14,1.0,0.85,0.0,🟢 NORMAL,79.336,37.522,"{'factor_eventos': 1.0, 'factor_fin_de_semana': 1.0, 'factor_franja_manana': 1.0, 'factor_global': 1.0, 'factor_movilidad_ciudad': 1.0, 'factor_obras_construccion': 1.0, 'factor_zona_norte': 1.0}"
P.A.U. 1 (norte+sur),9,2026-04-29 09:00:00,ZONA_NORTE,manana,58.714,58.714,1.0,0.85,0.0,🟢 NORMAL,83.299,50.166,"{'factor_eventos': 1.0, 'factor_fin_de_semana': 1.0, 'factor_franja_manana': 1.0, 'factor_global': 1.0, 'factor_movilidad_ciudad': 1.0, 'factor_obras_construccion': 1.0, 'factor_zona_norte': 1.0}"
P.A.U. 1 (norte+sur),10,2026-04-29 10:00:00,ZONA_NORTE,manana,24.899,24.899,1.0,0.85,0.0,🟢 NORMAL,70.236,52.486,"{'factor_eventos': 1.0, 'factor_fin_de_semana': 1.0, 'factor_franja_manana': 1.0, 'factor_global': 1.0, 'factor_movilidad_ciudad': 1.0, 'factor_obras_construccion': 1.0, 'factor_zona_norte': 1.0}"
P.A.U. 1 (norte+sur),11,2026-04-29 11:00:00,ZONA_NORTE,manana,0.1,0.1,1.0,0.85,0.0,🟢 NORMAL,62.22,45.349,"{'factor_eventos': 1.0, 'factor_fin_de_semana': 1.0, 'factor_franja_manana': 1.0, 'factor_global': 1.0, 'factor_movilidad_ciudad': 1.0, 'factor_obras_construccion': 1.0, 'factor_zona_norte': 1.0}"
P.A.U. 1 (norte+sur),12,2026-04-29 12:00:00,ZONA_NORTE,manana,0.1,0.1,1.0,0.85,0.0,🟢 NORMAL,56.496,36.884,"{'factor_eventos': 1.0, 'factor_fin_de_semana': 1.0, 'factor_franja_manana': 1.0, 'factor_global': 1.0, 'factor_movilidad_ciudad': 1.0, 'factor_obras_construccion': 1.0, 'factor_zona_norte': 1.0}"
P.A.U. 1 (norte+sur),13,2026-04-29 13:00:00,ZONA_NORTE,manana,0.1,0.1,1.0,0.85,0.0,🟢 NORMAL,67.881,45.321,"{'factor_eventos': 1.0, 'factor_fin_de_semana': 1.0, 'factor_franja_manana': 1.0, 'factor_global': 1.0, 'factor_movilidad_ciudad': 1.0, 'factor_obras_construccion': 1.0, 'factor_zona_norte': 1.0}"
P.A.U. 1 (norte+sur),14,2026-04-29 14:00:00,ZONA_NORTE,tarde,0.1,0.1,1.0018,0.85,0.18,🟢 NORMAL,84.851,56.651,"{'factor_calor_acumulado': 1.0, 'factor_eventos': 1.0, 'factor_fin_de_semana': 1.0, 'factor_franja_tarde': 1.02, 'factor_global': 1.0, 'factor_movilidad_ciudad': 1.0, 'factor_obras_construccion': 1.0, 'factor_zona_norte': 1.0}"
P.A.U. 1 (norte+sur),15,2026-04-29 15:00:00,ZONA_NORTE,tarde,0.1,0.1,1.0018,0.85,0.18,🟢 NORMAL,76.366,50.987,"{'factor_calor_acumulado': 1.0, 'factor_eventos': 1.0, 'factor_fin_de_semana': 1.0, 'factor_franja_tarde': 1.02, 'factor_global': 1.0, 'factor_movilidad_ciudad': 1.0, 'factor_obras_construccion': 1.0, 'factor_zona_norte': 1.0}"
P.A.U. 1 (norte+sur),16,2026-04-29 16:00:00,ZONA_NORTE,tarde,0.1,0.1,1.0018,0.85,0.18,🟢 NORMAL,59.396,39.656,"{'factor_calor_acumulado': 1.0, 'factor_eventos': 1.0, 'factor_fin_de_semana': 1.0, 'factor_franja_tarde': 1.02, 'factor_global': 1.0, 'factor_movilidad_ciudad': 1.0, 'factor_obras_construccion': 1.0, 'factor_zona_norte': 1.0}"
P.A.U. 1 (norte+sur),17,2026-04-29 17:00:00,ZONA_NORTE,tarde,0.1,0.1,1.0018,0.85,0.18,🟢 NORMAL,50.911,33.99,"{'factor_calor_acumulado': 1.0, 'factor_eventos': 1.0, 'factor_fin_de_semana': 1.0, 'factor_franja_tarde': 1.02, 'factor_global': 1.0, 'factor_movilidad_ciudad': 1.0, 'factor_obras_construccion': 1.0, 'factor_zona_norte': 1.0}"
P.A.U. 1 (norte+sur),18,2026-04-29 18:00:00,ZONA_NORTE,tarde,0.1,0.1,1.0018,0.85,0.18,🟢 NORMAL,59.396,39.656,"{'factor_calor_acumulado': 1.0, 'factor_eventos': 1.0, 'factor_fin_de_semana': 1.0, 'factor_franja_tarde': 1.02, 'factor_global': 1.0, 'factor_movilidad_ciudad': 1.0, 'factor_obras_construccion': 1.0, 'factor_zona_norte': 1.0}"
P.A.U. 1 (norte+sur),19,2026-04-29 19:00:00,ZONA_NORTE,tarde,0.1,0.1,1.0018,0.85,0.18,🟢 NORMAL,76.366,50.987,"{'factor_calor_acumulado': 1.0, 'factor_eventos': 1.0, 'factor_fin_de_semana': 1.0, 'factor_franja_tarde': 1.02, 'factor_global': 1.0, 'factor_movilidad_ciudad': 1.0, 'factor_obras_construccion': 1.0, 'factor_zona_norte': 1.0}"
P.A.U. 1 (norte+sur),20,2026-04-29 20:00:00,ZONA_NORTE,tarde,0.1,0.1,1.0018,0.85,0.18,🟢 NORMAL,93.336,62.316,"{'factor_calor_acumulado': 1.0, 'factor_eventos': 1.0, 'factor_fin_de_semana': 1.0, 'factor_franja_tarde': 1.02, 'factor_global': 1.0, 'factor_movilidad_ciudad': 1.0, 'factor_obras_construccion': 1.0, 'factor_zona_norte': 1.0}"
P.A.U. 1 (norte+sur),21,2026-04-29 21:00:00,ZONA_NORTE,tarde,0.1,0.1,1.0018,0.85,0.18,🟢 NORMAL,101.821,67.982,"{'factor_calor_acumulado': 1.0, 'factor_eventos': 1.0, 'factor_fin_de_semana': 1.0, 'factor_franja_tarde': 1.02, 'factor_global': 1.0, 'factor_movilidad_ciudad': 1.0, 'factor_obras_construccion': 1.0, 'factor_zona_norte': 1.0}"
P.A.U. 1 (norte+sur),22,2026-04-29 22:00:00,ZONA_NORTE,noche,0.1,0.1,1.0013,0.85,0.13,🟢 NORMAL,76.366,50.987,"{'factor_eventos': 1.0, 'factor_fin_de_semana': 1.0, 'factor_franja_noche': 1.02, 'factor_global': 1.0, 'factor_movilidad_ciudad': 1.0, 'factor_obras_construccion': 1.0, 'factor_zona_norte': 1.0}"
P.A.U. 1 (norte+sur),23,2026-04-29 23:00:00,ZONA_NORTE,noche,0.1,0.1,1.0013,0.85,0.13,🟢 NORMAL,59.396,39.656,"{'factor_eventos': 1.0, 'factor_fin_de_semana': 1.0, 'factor_franja_noche': 1.02, 'factor_global': 1.0, 'factor_movilidad_ciudad': 1.0, 'factor_obras_construccion': 1.0, 'factor_zona_norte': 1.0}"
P.A.U. 2,0,2026-04-29 00:00:00,ZONA_NORTE,noche,118.549,118.699,1.0013,0.85,0.13,🟢 NORMAL,16.918,14.079,"{'factor_eventos': 1.0, 'factor_fin_de_semana': 1.0, 'factor_franja_noche': 1.02, 'factor_global': 1.0, 'factor_movilidad_ciudad': 1.0, 'factor_obras_construccion': 1.0, 'factor_zona_norte': 1.0}"
P.A.U. 2,1,2026-04-29 01:00:00,ZONA_NORTE,noche,0.1,0.1,1.0013,0.85,0.13,🟢 NORMAL,24.093,14.594,"{'factor_eventos': 1.0, 'factor_fin_de_semana': 1.0, 'factor_franja_noche': 1.02, 'factor_global': 1.0, 'factor_movilidad_ciudad': 1.0, 'factor_obras_construccion': 1.0, 'factor_zona_norte': 1.0}"
P.A.U. 2,2,2026-04-29 02:00:00,ZONA_NORTE,noche,0.1,0.1,1.0013,0.85,0.13,🟢 NORMAL,20.468,13.098,"{'factor_eventos': 1.0, 'factor_fin_de_semana': 1.0, 'factor_franja_noche': 1.02, 'factor_global': 1.0, 'factor_movilidad_ciudad': 1.0, 'factor_obras_construccion': 1.0, 'factor_zona_norte': 1.0}"
P.A.U. 2,3,2026-04-29 03:00:00,ZONA_NORTE,noche,0.1,0.1,1.0013,0.85,0.13,🟢 NORMAL,17.121,12.516,"{'factor_eventos': 1.0, 'factor_fin_de_semana': 1.0, 'factor_franja_noche': 1.02, 'factor_global': 1.0, 'factor_movilidad_ciudad': 1.0, 'factor_obras_construccion': 1.0, 'factor_zona_norte': 1.0}"
P.A.U. 2,4,2026-04-29 04:00:00,ZONA_NORTE,noche,0.1,0.1,1.0013,0.85,0.13,🟢 NORMAL,16.693,12.364,"{'factor_eventos': 1.0, 'factor_fin_de_semana': 1.0, 'factor_franja_noche': 1.02, 'factor_global': 1.0, 'factor_movilidad_ciudad': 1.0, 'factor_obras_construccion': 1.0, 'factor_zona_norte': 1.0}"
P.A.U. 2,5,2026-04-29 05:00:00,ZONA_NORTE,noche,0.1,0.1,1.0013,0.85,0.13,🟢 NORMAL,15.21,11.096,"{'factor_eventos': 1.0, 'factor_fin_de_semana': 1.0, 'factor_franja_noche': 1.02, 'factor_global': 1.0, 'factor_movilidad_ciudad': 1.0, 'factor_obras_construccion': 1.0, 'factor_zona_norte': 1.0}"
P.A.U. 2,6,2026-04-29 06:00:00,ZONA_NORTE,manana,0.1,0.1,1.0,0.85,0.0,🟢 NORMAL,20.79,12.287,"{'factor_eventos': 1.0, 'factor_fin_de_semana': 1.0, 'factor_franja_manana': 1.0, 'factor_global': 1.0, 'factor_movilidad_ciudad': 1.0, 'factor_obras_construccion': 1.0, 'factor_zona_norte': 1.0}"
P.A.U. 2,7,2026-04-29 07:00:00,ZONA_NORTE,manana,0.1,0.1,1.0,0.85,0.0,🟢 NORMAL,25.998,15.098,"{'factor_eventos': 1.0, 'factor_fin_de_semana': 1.0, 'factor_franja_manana': 1.0, 'factor_global': 1.0, 'factor_movilidad_ciudad': 1.0, 'factor_obras_construccion': 1.0, 'factor_zona_norte': 1.0}"
P.A.U. 2,8,2026-04-29 08:00:00,ZONA_NORTE,manana,117.324,117.324,1.0,0.85,0.0,🟢 NORMAL,34.514,17.973,"{'factor_eventos': 1.0, 'factor_fin_de_semana': 1.0, 'factor_franja_manana': 1.0, 'factor_global': 1.0, 'factor_movilidad_ciudad': 1.0, 'factor_obras_construccion': 1.0, 'factor_zona_norte': 1.0}"
P.A.U. 2,9,2026-04-29 09:00:00,ZONA_NORTE,manana,26.303,26.303,1.0,0.85,0.0,🟢 NORMAL,38.922,24.566,"{'factor_eventos': 1.0, 'factor_fin_de_semana': 1.0, 'factor_franja_manana': 1.0, 'factor_global': 1.0, 'factor_movilidad_ciudad': 1.0, 'factor_obras_construccion': 1.0, 'factor_zona_norte': 1.0}"
P.A.U. 2,10,2026-04-29 10:00:00,ZONA_NORTE,manana,1247.505,1247.505,1.0,0.85,0.0,🟢 NORMAL,34.696,26.735,"{'factor_eventos': 1.0, 'factor_fin_de_semana': 1.0, 'factor_franja_manana': 1.0, 'factor_global': 1.0, 'factor_movilidad_ciudad': 1.0, 'factor_obras_construccion': 1.0, 'factor_zona_norte': 1.0}"
P.A.U. 2,11,2026-04-29 11:00:00,ZONA_NORTE,manana,99.775,99.775,1.0,0.85,0.0,🟢 NORMAL,31.343,22.703,"{'factor_eventos': 1.0, 'factor_fin_de_semana': 1.0, 'factor_franja_manana': 1.0, 'factor_global': 1.0, 'factor_movilidad_ciudad': 1.0, 'factor_obras_construccion': 1.0, 'factor_zona_norte': 1.0}"
P.A.U. 2,12,2026-04-29 12:00:00,ZONA_NORTE,manana,0.1,0.1,1.0,0.85,0.0,🟢 NORMAL,25.725,17.769,"{'factor_eventos': 1.0, 'factor_fin_de_semana': 1.0, 'factor_franja_manana': 1.0, 'factor_global': 1.0, 'factor_movilidad_ciudad': 1.0, 'factor_obras_construccion': 1.0, 'factor_zona_norte': 1.0}"
P.A.U. 2,13,2026-04-29 13:00:00,ZONA_NORTE,manana,390.487,390.487,1.0,0.85,0.0,🟢 NORMAL,27.068,22.527,"{'factor_eventos': 1.0, 'factor_fin_de_semana': 1.0, 'factor_franja_manana': 1.0, 'factor_global': 1.0, 'factor_movilidad_ciudad': 1.0, 'factor_obras_construccion': 1.0, 'factor_zona_norte': 1.0}"
P.A.U. 2,14,2026-04-29 14:00:00,ZONA_NORTE,tarde,395.26,395.979,1.0018,0.85,0.18,🟢 NORMAL,33.835,28.158,"{'factor_calor_acumulado': 1.0, 'factor_eventos': 1.0, 'factor_fin_de_semana': 1.0, 'factor_franja_tarde': 1.02, 'factor_global': 1.0, 'factor_movilidad_ciudad': 1.0, 'factor_obras_construccion': 1.0, 'factor_zona_norte': 1.0}"
P.A.U. 2,15,2026-04-29 15:00:00,ZONA_NORTE,tarde,389.934,390.644,1.0018,0.85,0.18,🟢 NORMAL,30.451,25.343,"{'factor_calor_acumulado': 1.0, 'factor_eventos': 1.0, 'factor_fin_de_semana': 1.0, 'factor_franja_tarde': 1.02, 'factor_global': 1.0, 'factor_movilidad_ciudad': 1.0, 'factor_obras_construccion': 1.0, 'factor_zona_norte': 1.0}"
P.A.U. 2,16,2026-04-29 16:00:00,ZONA_NORTE,tarde,389.98,390.69,1.0018,0.85,0.18,🟢 NORMAL,23.685,19.711,"{'factor_calor_acumulado': 1.0, 'factor_eventos': 1.0, 'factor_fin_de_semana': 1.0, 'factor_franja_tarde': 1.02, 'factor_global': 1.0, 'factor_movilidad_ciudad': 1.0, 'factor_obras_construccion': 1.0, 'factor_zona_norte': 1.0}"
P.A.U. 2,17,2026-04-29 17:00:00,ZONA_NORTE,tarde,389.98,390.69,1.0018,0.85,0.18,🟢 NORMAL,20.301,16.895,"{'factor_calor_acumulado': 1.0, 'factor_eventos': 1.0, 'factor_fin_de_semana': 1.0, 'factor_franja_tarde': 1.02, 'factor_global': 1.0, 'factor_movilidad_ciudad': 1.0, 'factor_obras_construccion': 1.0, 'factor_zona_norte': 1.0}"
P.A.U. 2,18,2026-04-29 18:00:00,ZONA_NORTE,tarde,389.98,390.69,1.0018,0.85,0.18,🟢 NORMAL,23.685,19.711,"{'factor_calor_acumulado': 1.0, 'factor_eventos': 1.0, 'factor_fin_de_semana': 1.0, 'factor_franja_tarde': 1.02, 'factor_global': 1.0, 'factor_movilidad_ciudad': 1.0, 'factor_obras_construccion': 1.0, 'factor_zona_norte': 1.0}"
P.A.U. 2,19,2026-04-29 19:00:00,ZONA_NORTE,tarde,389.98,390.69,1.0018,0.85,0.18,🟢 NORMAL,30.451,25.343,"{'factor_calor_acumulado': 1.0, 'factor_eventos': 1.0, 'factor_fin_de_semana': 1.0, 'factor_franja_tarde': 1.02, 'factor_global': 1.0, 'factor_movilidad_ciudad': 1.0, 'factor_obras_construccion': 1.0, 'factor_zona_norte': 1.0}"
P.A.U. 2,20,2026-04-29 20:00:00,ZONA_NORTE,tarde,400.012,400.741,1.0018,0.85,0.18,🟢 NORMAL,37.218,30.974,"{'factor_calor_acumulado': 1.0, 'factor_eventos': 1.0, 'factor_fin_de_semana': 1.0, 'factor_franja_tarde': 1.02, 'factor_global': 1.0, 'factor_movilidad_ciudad': 1.0, 'factor_obras_construccion': 1.0, 'factor_zona_norte': 1.0}"
P.A.U. 2,21,2026-04-29 21:00:00,ZONA_NORTE,tarde,403.319,404.054,1.0018,0.85,0.18,🟢 NORMAL,40.601,33.79,"{'factor_calor_acumulado': 1.0, 'factor_eventos': 1.0, 'factor_fin_de_semana': 1.0, 'factor_franja_tarde': 1.02, 'factor_global': 1.0, 'factor_movilidad_ciudad': 1.0, 'factor_obras_construccion': 1.0, 'factor_zona_norte': 1.0}"
P.A.U. 2,22,2026-04-29 22:00:00,ZONA_NORTE,noche,396.02,396.518,1.0013,0.85,0.13,🟢 NORMAL,30.451,25.343,"{'factor_eventos': 1.0, 'factor_fin_de_semana': 1.0, 'factor_franja_noche': 1.02, 'factor_global': 1.0, 'factor_movilidad_ciudad': 1.0, 'factor_obras_construccion': 1.0, 'factor_zona_norte': 1.0}"
P.A.U. 2,23,2026-04-29 23:00:00,ZONA_NORTE,noche,396.02,396.518,1.0013,0.85,0.13,🟢 NORMAL,23.685,19.711,"{'factor_eventos': 1.0, 'factor_fin_de_semana': 1.0, 'factor_franja_noche': 1.02, 'factor_global': 1.0, 'factor_movilidad_ciudad': 1.0, 'factor_obras_construccion': 1.0, 'factor_zona_norte': 1.0}"
PARQUE LO MORANT,0,2026-04-29 00:00:00,ZONA_NORTE,noche,32.885,32.926,1.0013,0.85,0.13,🟢 NORMAL,21.375,18.035,"{'factor_eventos': 1.0, 'factor_fin_de_semana': 1.0, 'factor_franja_noche': 1.02, 'factor_global': 1.0, 'factor_movilidad_ciudad': 1.0, 'factor_obras_construccion': 1.0, 'factor_zona_norte': 1.0}"
PARQUE LO MORANT,1,2026-04-29 01:00:00,ZONA_NORTE,noche,0.1,0.1,1.0013,0.85,0.13,🟢 NORMAL,30.377,22.444,"{'factor_eventos': 1.0, 'factor_fin_de_semana': 1.0, 'factor_franja_noche': 1.02, 'factor_global': 1.0, 'factor_movilidad_ciudad': 1.0, 'factor_obras_construccion': 1.0, 'factor_zona_norte': 1.0}"
PARQUE LO MORANT,2,2026-04-29 02:00:00,ZONA_NORTE,noche,16.706,16.727,1.0013,0.85,0.13,🟢 NORMAL,29.428,22.007,"{'factor_eventos': 1.0, 'factor_fin_de_semana': 1.0, 'factor_franja_noche': 1.02, 'factor_global': 1.0, 'factor_movilidad_ciudad': 1.0, 'factor_obras_construccion': 1.0, 'factor_zona_norte': 1.0}"
PARQUE LO MORANT,3,2026-04-29 03:00:00,ZONA_NORTE,noche,18.668,18.691,1.0013,0.85,0.13,🟢 NORMAL,25.358,20.748,"{'factor_eventos': 1.0, 'factor_fin_de_semana': 1.0, 'factor_franja_noche': 1.02, 'factor_global': 1.0, 'factor_movilidad_ciudad': 1.0, 'factor_obras_construccion': 1.0, 'factor_zona_norte': 1.0}"
PARQUE LO MORANT,4,2026-04-29 04:00:00,ZONA_NORTE,noche,18.681,18.705,1.0013,0.85,0.13,🟢 NORMAL,25.115,19.329,"{'factor_eventos': 1.0, 'factor_fin_de_semana': 1.0, 'factor_franja_noche': 1.02, 'factor_global': 1.0, 'factor_movilidad_ciudad': 1.0, 'factor_obras_construccion': 1.0, 'factor_zona_norte': 1.0}"
PARQUE LO MORANT,5,2026-04-29 05:00:00,ZONA_NORTE,noche,19.863,19.888,1.0013,0.85,0.13,🟢 NORMAL,24.07,17.579,"{'factor_eventos': 1.0, 'factor_fin_de_semana': 1.0, 'factor_franja_noche': 1.02, 'factor_global': 1.0, 'factor_movilidad_ciudad': 1.0, 'factor_obras_construccion': 1.0, 'factor_zona_norte': 1.0}"
PARQUE LO MORANT,6,2026-04-29 06:00:00,ZONA_NORTE,manana,14.256,14.256,1.0,0.85,0.0,🟢 NORMAL,25.935,19.247,"{'factor_eventos': 1.0, 'factor_fin_de_semana': 1.0, 'factor_franja_manana': 1.0, 'factor_global': 1.0, 'factor_movilidad_ciudad': 1.0, 'factor_obras_construccion': 1.0, 'factor_zona_norte': 1.0}"
PARQUE LO MORANT,7,2026-04-29 07:00:00,ZONA_NORTE,manana,14.315,14.315,1.0,0.85,0.0,🟢 NORMAL,29.545,22.606,"{'factor_eventos': 1.0, 'factor_fin_de_semana': 1.0, 'factor_franja_manana': 1.0, 'factor_global': 1.0, 'factor_movilidad_ciudad': 1.0, 'factor_obras_construccion': 1.0, 'factor_zona_norte': 1.0}"
PARQUE LO MORANT,8,2026-04-29 08:00:00,ZONA_NORTE,manana,0.1,0.1,1.0,0.85,0.0,🟢 NORMAL,33.747,25.016,"{'factor_eventos': 1.0, 'factor_fin_de_semana': 1.0, 'factor_franja_manana': 1.0, 'factor_global': 1.0, 'factor_movilidad_ciudad': 1.0, 'factor_obras_construccion': 1.0, 'factor_zona_norte': 1.0}"
PARQUE LO MORANT,9,2026-04-29 09:00:00,ZONA_NORTE,manana,0.1,0.1,1.0,0.85,0.0,🟢 NORMAL,35.377,29.402,"{'factor_eventos': 1.0, 'factor_fin_de_semana': 1.0, 'factor_franja_manana': 1.0, 'factor_global': 1.0, 'factor_movilidad_ciudad': 1.0, 'factor_obras_construccion': 1.0, 'factor_zona_norte': 1.0}"
PARQUE LO MORANT,10,2026-04-29 10:00:00,ZONA_NORTE,manana,0.1,0.1,1.0,0.85,0.0,🟢 NORMAL,36.332,30.698,"{'factor_eventos': 1.0, 'factor_fin_de_semana': 1.0, 'factor_franja_manana': 1.0, 'factor_global': 1.0, 'factor_movilidad_ciudad': 1.0, 'factor_obras_construccion': 1.0, 'factor_zona_norte': 1.0}"
PARQUE LO MORANT,11,2026-04-29 11:00:00,ZONA_NORTE,manana,0.1,0.1,1.0,0.85,0.0,🟢 NORMAL,35.282,28.844,"{'factor_eventos': 1.0, 'factor_fin_de_semana': 1.0, 'factor_franja_manana': 1.0, 'factor_global': 1.0, 'factor_movilidad_ciudad': 1.0, 'factor_obras_construccion': 1.0, 'factor_zona_norte': 1.0}"
PARQUE LO MORANT,12,2026-04-29 12:00:00,ZONA_NORTE,manana,0.1,0.1,1.0,0.85,0.0,🟢 NORMAL,33.567,25.09,"{'factor_eventos': 1.0, 'factor_fin_de_semana': 1.0, 'factor_franja_manana': 1.0, 'factor_global': 1.0, 'factor_movilidad_ciudad': 1.0, 'factor_obras_construccion': 1.0, 'factor_zona_norte': 1.0}"
PARQUE LO MORANT,13,2026-04-29 13:00:00,ZONA_NORTE,manana,0.1,0.1,1.0,0.85,0.0,🟢 NORMAL,34.2,28.856,"{'factor_eventos': 1.0, 'factor_fin_de_semana': 1.0, 'factor_franja_manana': 1.0, 'factor_global': 1.0, 'factor_movilidad_ciudad': 1.0, 'factor_obras_construccion': 1.0, 'factor_zona_norte': 1.0}"
PARQUE LO MORANT,14,2026-04-29 14:00:00,ZONA_NORTE,tarde,43.213,43.292,1.0018,0.85,0.18,🟢 NORMAL,42.75,36.07,"{'factor_calor_acumulado': 1.0, 'factor_eventos': 1.0, 'factor_fin_de_semana': 1.0, 'factor_franja_tarde': 1.02, 'factor_global': 1.0, 'factor_movilidad_ciudad': 1.0, 'factor_obras_construccion': 1.0, 'factor_zona_norte': 1.0}"
PARQUE LO MORANT,15,2026-04-29 15:00:00,ZONA_NORTE,tarde,24.622,24.666,1.0018,0.85,0.18,🟢 NORMAL,38.475,32.463,"{'factor_calor_acumulado': 1.0, 'factor_eventos': 1.0, 'factor_fin_de_semana': 1.0, 'factor_franja_tarde': 1.02, 'factor_global': 1.0, 'factor_movilidad_ciudad': 1.0, 'factor_obras_construccion': 1.0, 'factor_zona_norte': 1.0}"
PARQUE LO MORANT,16,2026-04-29 16:00:00,ZONA_NORTE,tarde,0.1,0.1,1.0018,0.85,0.18,🟢 NORMAL,29.925,25.25,"{'factor_calor_acumulado': 1.0, 'factor_eventos': 1.0, 'factor_fin_de_semana': 1.0, 'factor_franja_tarde': 1.02, 'factor_global': 1.0, 'factor_movilidad_ciudad': 1.0, 'factor_obras_construccion': 1.0, 'factor_zona_norte': 1.0}"
PARQUE LO MORANT,17,2026-04-29 17:00:00,ZONA_NORTE,tarde,15.858,15.887,1.0018,0.85,0.18,🟢 NORMAL,25.65,21.642,"{'factor_calor_acumulado': 1.0, 'factor_eventos': 1.0, 'factor_fin_de_semana': 1.0, 'factor_franja_tarde': 1.02, 'factor_global': 1.0, 'factor_movilidad_ciudad': 1.0, 'factor_obras_construccion': 1.0, 'factor_zona_norte': 1.0}"
PARQUE LO MORANT,18,2026-04-29 18:00:00,ZONA_NORTE,tarde,0.1,0.1,1.0018,0.85,0.18,🟢 NORMAL,29.925,25.25,"{'factor_calor_acumulado': 1.0, 'factor_eventos': 1.0, 'factor_fin_de_semana': 1.0, 'factor_franja_tarde': 1.02, 'factor_global': 1.0, 'factor_movilidad_ciudad': 1.0, 'factor_obras_construccion': 1.0, 'factor_zona_norte': 1.0}"
PARQUE LO MORANT,19,2026-04-29 19:00:00,ZONA_NORTE,tarde,24.622,24.666,1.0018,0.85,0.18,🟢 NORMAL,38.475,32.463,"{'factor_calor_acumulado': 1.0, 'factor_eventos': 1.0, 'factor_fin_de_semana': 1.0, 'factor_franja_tarde': 1.02, 'factor_global': 1.0, 'factor_movilidad_ciudad': 1.0, 'factor_obras_construccion': 1.0, 'factor_zona_norte': 1.0}"
PARQUE LO MORANT,20,2026-04-29 20:00:00,ZONA_NORTE,tarde,45.555,45.638,1.0018,0.85,0.18,🟢 NORMAL,47.025,39.677,"{'factor_calor_acumulado': 1.0, 'factor_eventos': 1.0, 'factor_fin_de_semana': 1.0, 'factor_franja_tarde': 1.02, 'factor_global': 1.0, 'factor_movilidad_ciudad': 1.0, 'factor_obras_construccion': 1.0, 'factor_zona_norte': 1.0}"
PARQUE LO MORANT,21,2026-04-29 21:00:00,ZONA_NORTE,tarde,49.442,49.532,1.0018,0.85,0.18,🟢 NORMAL,51.3,43.285,"{'factor_calor_acumulado': 1.0, 'factor_eventos': 1.0, 'factor_fin_de_semana': 1.0, 'factor_franja_tarde': 1.02, 'factor_global': 1.0, 'factor_movilidad_ciudad': 1.0, 'factor_obras_construccion': 1.0, 'factor_zona_norte': 1.0}"
PARQUE LO MORANT,22,2026-04-29 22:00:00,ZONA_NORTE,noche,22.896,22.925,1.0013,0.85,0.13,🟢 NORMAL,38.475,32.463,"{'factor_eventos': 1.0, 'factor_fin_de_semana': 1.0, 'factor_franja_noche': 1.02, 'factor_global': 1.0, 'factor_movilidad_ciudad': 1.0, 'factor_obras_construccion': 1.0, 'factor_zona_norte': 1.0}"
PARQUE LO MORANT,23,2026-04-29 23:00:00,ZONA_NORTE,noche,0.1,0.1,1.0013,0.85,0.13,🟢 NORMAL,29.925,25.25,"{'factor_eventos': 1.0, 'factor_fin_de_semana': 1.0, 'factor_franja_noche': 1.02, 'factor_global': 1.0, 'factor_movilidad_ciudad': 1.0, 'factor_obras_construccion': 1.0, 'factor_zona_norte': 1.0}"
PLAYA DE SAN JUAN 1,0,2026-04-29 00:00:00,PLAYA_SAN_JUAN,noche,133.032,130.546,0.9813,0.85,-1.87,🟢 NORMAL,167.209,121.097,"{'factor_calor_acumulado': 1.0, 'factor_fin_de_semana': 1.0, 'factor_franja_noche': 1.02, 'factor_global': 1.0, 'factor_ocupacion_hotelera': 0.8, 'factor_playa_san_juan': 1.0, 'factor_vacaciones_escolares': 1.0, 'factor_vuelos_turismo': 1.0}"
PLAYA DE SAN JUAN 1,1,2026-04-29 01:00:00,PLAYA_SAN_JUAN,noche,84.047,82.477,0.9813,0.85,-1.87,🟢 NORMAL,118.22,56.086,"{'factor_calor_acumulado': 1.0, 'factor_fin_de_semana': 1.0, 'factor_franja_noche': 1.02, 'factor_global': 1.0, 'factor_ocupacion_hotelera': 0.8, 'factor_playa_san_juan': 1.0, 'factor_vacaciones_escolares': 1.0, 'factor_vuelos_turismo': 1.0}"
PLAYA DE SAN JUAN 1,2,2026-04-29 02:00:00,PLAYA_SAN_JUAN,noche,78.776,77.303,0.9813,0.85,-1.87,🟢 NORMAL,111.53,50.405,"{'factor_calor_acumulado': 1.0, 'factor_fin_de_semana': 1.0, 'factor_franja_noche': 1.02, 'factor_global': 1.0, 'factor_ocupacion_hotelera': 0.8, 'factor_playa_san_juan': 1.0, 'factor_vacaciones_escolares': 1.0, 'factor_vuelos_turismo': 1.0}"
PLAYA DE SAN JUAN 1,3,2026-04-29 03:00:00,PLAYA_SAN_JUAN,noche,75.663,74.249,0.9813,0.85,-1.87,🟢 NORMAL,108.25,47.4,"{'factor_calor_acumulado': 1.0, 'factor_fin_de_semana': 1.0, 'factor_franja_noche': 1.02, 'factor_global': 1.0, 'factor_ocupacion_hotelera': 0.8, 'factor_playa_san_juan': 1.0, 'factor_vacaciones_escolares': 1.0, 'factor_vuelos_turismo': 1.0}"
PLAYA DE SAN JUAN 1,4,2026-04-29 04:00:00,PLAYA_SAN_JUAN,noche,67.972,66.702,0.9813,0.85,-1.87,🟢 NORMAL,105.73,44.3,"{'factor_calor_acumulado': 1.0, 'factor_fin_de_semana': 1.0, 'factor_franja_noche': 1.02, 'factor_global': 1.0, 'factor_ocupacion_hotelera': 0.8, 'factor_playa_san_juan': 1.0, 'factor_vacaciones_escolares': 1.0, 'factor_vuelos_turismo': 1.0}"
PLAYA DE SAN JUAN 1,5,2026-04-29 05:00:00,PLAYA_SAN_JUAN,noche,65.365,64.143,0.9813,0.85,-1.87,🟢 NORMAL,97.16,39.685,"{'factor_calor_acumulado': 1.0, 'factor_fin_de_semana': 1.0, 'factor_franja_noche': 1.02, 'factor_global': 1.0, 'factor_ocupacion_hotelera': 0.8, 'factor_playa_san_juan': 1.0, 'factor_vacaciones_escolares': 1.0, 'factor_vuelos_turismo': 1.0}"
PLAYA DE SAN JUAN 1,6,2026-04-29 06:00:00,PLAYA_SAN_JUAN,manana,60.56,59.13,0.9764,0.85,-2.36,🟢 NORMAL,84.72,38.326,"{'factor_calor_acumulado': 1.0, 'factor_fin_de_semana': 1.0, 'factor_franja_manana': 1.0, 'factor_global': 1.0, 'factor_ocupacion_hotelera': 0.8, 'factor_playa_san_juan': 1.0, 'factor_vacaciones_escolares': 1.0, 'factor_vuelos_turismo': 1.0}"
PLAYA DE SAN JUAN 1,7,2026-04-29 07:00:00,PLAYA_SAN_JUAN,manana,63.095,61.605,0.9764,0.85,-2.36,🟢 NORMAL,88.76,38.525,"{'factor_calor_acumulado': 1.0, 'factor_fin_de_semana': 1.0, 'factor_franja_manana': 1.0, 'factor_global': 1.0, 'factor_ocupacion_hotelera': 0.8, 'factor_playa_san_juan': 1.0, 'factor_vacaciones_escolares': 1.0, 'factor_vuelos_turismo': 1.0}"
PLAYA DE SAN JUAN 1,8,2026-04-29 08:00:00,PLAYA_SAN_JUAN,manana,71.828,70.132,0.9764,0.85,-2.36,🟢 NORMAL,105.965,46.2,"{'factor_calor_acumulado': 1.0, 'factor_fin_de_semana': 1.0, 'factor_franja_manana': 1.0, 'factor_global': 1.0, 'factor_ocupacion_hotelera': 0.8, 'factor_playa_san_juan': 1.0, 'factor_vacaciones_escolares': 1.0, 'factor_vuelos_turismo': 1.0}"
PLAYA DE SAN JUAN 1,9,2026-04-29 09:00:00,PLAYA_SAN_JUAN,manana,84.55,82.554,0.9764,0.85,-2.36,🟢 NORMAL,119.87,58.19,"{'factor_calor_acumulado': 1.0, 'factor_fin_de_semana': 1.0, 'factor_franja_manana': 1.0, 'factor_global': 1.0, 'factor_ocupacion_hotelera': 0.8, 'factor_playa_san_juan': 1.0, 'factor_vacaciones_escolares': 1.0, 'factor_vuelos_turismo': 1.0}"
PLAYA DE SAN JUAN 1,10,2026-04-29 10:00:00,PLAYA_SAN_JUAN,manana,51.68,50.46,0.9764,0.85,-2.36,🟢 NORMAL,124.432,61.898,"{'factor_calor_acumulado': 1.0, 'factor_fin_de_semana': 1.0, 'factor_franja_manana': 1.0, 'factor_global': 1.0, 'factor_ocupacion_hotelera': 0.8, 'factor_playa_san_juan': 1.0, 'factor_vacaciones_escolares': 1.0, 'factor_vuelos_turismo': 1.0}"
PLAYA DE SAN JUAN 1,11,2026-04-29 11:00:00,PLAYA_SAN_JUAN,manana,86.875,84.824,0.9764,0.85,-2.36,🟢 NORMAL,115.99,62.795,"{'factor_calor_acumulado': 1.0, 'factor_fin_de_semana': 1.0, 'factor_franja_manana': 1.0, 'factor_global': 1.0, 'factor_ocupacion_hotelera': 0.8, 'factor_playa_san_juan': 1.0, 'factor_vacaciones_escolares': 1.0, 'factor_vuelos_turismo': 1.0}"
PLAYA DE SAN JUAN 1,12,2026-04-29 12:00:00,PLAYA_SAN_JUAN,manana,86.875,84.824,0.9764,0.85,-2.36,🟢 NORMAL,116.98,62.675,"{'factor_calor_acumulado': 1.0, 'factor_fin_de_semana': 1.0, 'factor_franja_manana': 1.0, 'factor_global': 1.0, 'factor_ocupacion_hotelera': 0.8, 'factor_playa_san_juan': 1.0, 'factor_vacaciones_escolares': 1.0, 'factor_vuelos_turismo': 1.0}"
PLAYA DE SAN JUAN 1,13,2026-04-29 13:00:00,PLAYA_SAN_JUAN,manana,224.863,219.553,0.9764,0.85,-2.36,🟢 NORMAL,267.534,193.755,"{'factor_calor_acumulado': 1.0, 'factor_fin_de_semana': 1.0, 'factor_franja_manana': 1.0, 'factor_global': 1.0, 'factor_ocupacion_hotelera': 0.8, 'factor_playa_san_juan': 1.0, 'factor_vacaciones_escolares': 1.0, 'factor_vuelos_turismo': 1.0}"
PLAYA DE SAN JUAN 1,14,2026-04-29 14:00:00,PLAYA_SAN_JUAN,tarde,323.175,317.641,0.9829,0.85,-1.71,🟢 NORMAL,334.418,242.194,"{'factor_calor_acumulado': 1.0, 'factor_fin_de_semana': 1.0, 'factor_franja_tarde': 1.02, 'factor_global': 1.0, 'factor_ocupacion_hotelera': 0.8, 'factor_playa_san_juan': 1.0, 'factor_vacaciones_escolares': 1.0, 'factor_vuelos_turismo': 1.0}"
PLAYA DE SAN JUAN 1,15,2026-04-29 15:00:00,PLAYA_SAN_JUAN,tarde,248.537,244.281,0.9829,0.85,-1.71,🟢 NORMAL,300.976,217.974,"{'factor_calor_acumulado': 1.0, 'factor_fin_de_semana': 1.0, 'factor_franja_tarde': 1.02, 'factor_global': 1.0, 'factor_ocupacion_hotelera': 0.8, 'factor_playa_san_juan': 1.0, 'factor_vacaciones_escolares': 1.0, 'factor_vuelos_turismo': 1.0}"
PLAYA DE SAN JUAN 1,16,2026-04-29 16:00:00,PLAYA_SAN_JUAN,tarde,202.954,199.478,0.9829,0.85,-1.71,🟢 NORMAL,234.092,169.536,"{'factor_calor_acumulado': 1.0, 'factor_fin_de_semana': 1.0, 'factor_franja_tarde': 1.02, 'factor_global': 1.0, 'factor_ocupacion_hotelera': 0.8, 'factor_playa_san_juan': 1.0, 'factor_vacaciones_escolares': 1.0, 'factor_vuelos_turismo': 1.0}"
PLAYA DE SAN JUAN 1,17,2026-04-29 17:00:00,PLAYA_SAN_JUAN,tarde,174.249,171.265,0.9829,0.85,-1.71,🟢 NORMAL,200.651,145.316,"{'factor_calor_acumulado': 1.0, 'factor_fin_de_semana': 1.0, 'factor_franja_tarde': 1.02, 'factor_global': 1.0, 'factor_ocupacion_hotelera': 0.8, 'factor_playa_san_juan': 1.0, 'factor_vacaciones_escolares': 1.0, 'factor_vuelos_turismo': 1.0}"
PLAYA DE SAN JUAN 1,18,2026-04-29 18:00:00,PLAYA_SAN_JUAN,tarde,202.954,199.478,0.9829,0.85,-1.71,🟢 NORMAL,234.092,169.536,"{'factor_calor_acumulado': 1.0, 'factor_fin_de_semana': 1.0, 'factor_franja_tarde': 1.02, 'factor_global': 1.0, 'factor_ocupacion_hotelera': 0.8, 'factor_playa_san_juan': 1.0, 'factor_vacaciones_escolares': 1.0, 'factor_vuelos_turismo': 1.0}"
PLAYA DE SAN JUAN 1,19,2026-04-29 19:00:00,PLAYA_SAN_JUAN,tarde,248.537,244.281,0.9829,0.85,-1.71,🟢 NORMAL,300.976,217.974,"{'factor_calor_acumulado': 1.0, 'factor_fin_de_semana': 1.0, 'factor_franja_tarde': 1.02, 'factor_global': 1.0, 'factor_ocupacion_hotelera': 0.8, 'factor_playa_san_juan': 1.0, 'factor_vacaciones_escolares': 1.0, 'factor_vuelos_turismo': 1.0}"
PLAYA DE SAN JUAN 1,20,2026-04-29 20:00:00,PLAYA_SAN_JUAN,tarde,329.28,323.641,0.9829,0.85,-1.71,🟢 NORMAL,367.86,266.414,"{'factor_calor_acumulado': 1.0, 'factor_fin_de_semana': 1.0, 'factor_franja_tarde': 1.02, 'factor_global': 1.0, 'factor_ocupacion_hotelera': 0.8, 'factor_playa_san_juan': 1.0, 'factor_vacaciones_escolares': 1.0, 'factor_vuelos_turismo': 1.0}"
PLAYA DE SAN JUAN 1,21,2026-04-29 21:00:00,PLAYA_SAN_JUAN,tarde,332.587,326.891,0.9829,0.85,-1.71,🟢 NORMAL,401.301,290.633,"{'factor_calor_acumulado': 1.0, 'factor_fin_de_semana': 1.0, 'factor_franja_tarde': 1.02, 'factor_global': 1.0, 'factor_ocupacion_hotelera': 0.8, 'factor_playa_san_juan': 1.0, 'factor_vacaciones_escolares': 1.0, 'factor_vuelos_turismo': 1.0}"
PLAYA DE SAN JUAN 1,22,2026-04-29 22:00:00,PLAYA_SAN_JUAN,noche,248.21,243.571,0.9813,0.85,-1.87,🟢 NORMAL,300.976,217.974,"{'factor_calor_acumulado': 1.0, 'factor_fin_de_semana': 1.0, 'factor_franja_noche': 1.02, 'factor_global': 1.0, 'factor_ocupacion_hotelera': 0.8, 'factor_playa_san_juan': 1.0, 'factor_vacaciones_escolares': 1.0, 'factor_vuelos_turismo': 1.0}"
PLAYA DE SAN JUAN 1,23,2026-04-29 23:00:00,PLAYA_SAN_JUAN,noche,202.626,198.84,0.9813,0.85,-1.87,🟢 NORMAL,234.092,169.536,"{'factor_calor_acumulado': 1.0, 'factor_fin_de_semana': 1.0, 'factor_franja_noche': 1.02, 'factor_global': 1.0, 'factor_ocupacion_hotelera': 0.8, 'factor_playa_san_juan': 1.0, 'factor_vacaciones_escolares': 1.0, 'factor_vuelos_turismo': 1.0}"
PZA. MONTAÑETA,0,2026-04-29 00:00:00,ZONA_NORTE,noche,16.915,16.936,1.0013,0.85,0.13,🟢 NORMAL,33.361,29.082,"{'factor_eventos': 1.0, 'factor_fin_de_semana': 1.0, 'factor_franja_noche': 1.02, 'factor_global': 1.0, 'factor_movilidad_ciudad': 1.0, 'factor_obras_construccion': 1.0, 'factor_zona_norte': 1.0}"
PZA. MONTAÑETA,1,2026-04-29 01:00:00,ZONA_NORTE,noche,49.085,49.147,1.0013,0.85,0.13,🟢 NORMAL,48.463,38.45,"{'factor_eventos': 1.0, 'factor_fin_de_semana': 1.0, 'factor_franja_noche': 1.02, 'factor_global': 1.0, 'factor_movilidad_ciudad': 1.0, 'factor_obras_construccion': 1.0, 'factor_zona_norte': 1.0}"
PZA. MONTAÑETA,2,2026-04-29 02:00:00,ZONA_NORTE,noche,42.179,42.233,1.0013,0.85,0.13,🟢 NORMAL,41.681,34.268,"{'factor_eventos': 1.0, 'factor_fin_de_semana': 1.0, 'factor_franja_noche': 1.02, 'factor_global': 1.0, 'factor_movilidad_ciudad': 1.0, 'factor_obras_construccion': 1.0, 'factor_zona_norte': 1.0}"
PZA. MONTAÑETA,3,2026-04-29 03:00:00,ZONA_NORTE,noche,36.003,36.049,1.0013,0.85,0.13,🟢 NORMAL,39.126,32.899,"{'factor_eventos': 1.0, 'factor_fin_de_semana': 1.0, 'factor_franja_noche': 1.02, 'factor_global': 1.0, 'factor_movilidad_ciudad': 1.0, 'factor_obras_construccion': 1.0, 'factor_zona_norte': 1.0}"
PZA. MONTAÑETA,4,2026-04-29 04:00:00,ZONA_NORTE,noche,35.779,35.824,1.0013,0.85,0.13,🟢 NORMAL,37.356,32.0,"{'factor_eventos': 1.0, 'factor_fin_de_semana': 1.0, 'factor_franja_noche': 1.02, 'factor_global': 1.0, 'factor_movilidad_ciudad': 1.0, 'factor_obras_construccion': 1.0, 'factor_zona_norte': 1.0}"
PZA. MONTAÑETA,5,2026-04-29 05:00:00,ZONA_NORTE,noche,0.1,0.1,1.0013,0.85,0.13,🟢 NORMAL,35.748,28.185,"{'factor_eventos': 1.0, 'factor_fin_de_semana': 1.0, 'factor_franja_noche': 1.02, 'factor_global': 1.0, 'factor_movilidad_ciudad': 1.0, 'factor_obras_construccion': 1.0, 'factor_zona_norte': 1.0}"
PZA. MONTAÑETA,6,2026-04-29 06:00:00,ZONA_NORTE,manana,0.1,0.1,1.0,0.85,0.0,🟢 NORMAL,34.578,27.024,"{'factor_eventos': 1.0, 'factor_fin_de_semana': 1.0, 'factor_franja_manana': 1.0, 'factor_global': 1.0, 'factor_movilidad_ciudad': 1.0, 'factor_obras_construccion': 1.0, 'factor_zona_norte': 1.0}"
PZA. MONTAÑETA,7,2026-04-29 07:00:00,ZONA_NORTE,manana,26.368,26.368,1.0,0.85,0.0,🟢 NORMAL,39.268,31.434,"{'factor_eventos': 1.0, 'factor_fin_de_semana': 1.0, 'factor_franja_manana': 1.0, 'factor_global': 1.0, 'factor_movilidad_ciudad': 1.0, 'factor_obras_construccion': 1.0, 'factor_zona_norte': 1.0}"
PZA. MONTAÑETA,8,2026-04-29 08:00:00,ZONA_NORTE,manana,51.025,51.025,1.0,0.85,0.0,🟢 NORMAL,51.194,36.878,"{'factor_eventos': 1.0, 'factor_fin_de_semana': 1.0, 'factor_franja_manana': 1.0, 'factor_global': 1.0, 'factor_movilidad_ciudad': 1.0, 'factor_obras_construccion': 1.0, 'factor_zona_norte': 1.0}"
PZA. MONTAÑETA,9,2026-04-29 09:00:00,ZONA_NORTE,manana,57.052,57.052,1.0,0.85,0.0,🟢 NORMAL,56.925,45.604,"{'factor_eventos': 1.0, 'factor_fin_de_semana': 1.0, 'factor_franja_manana': 1.0, 'factor_global': 1.0, 'factor_movilidad_ciudad': 1.0, 'factor_obras_construccion': 1.0, 'factor_zona_norte': 1.0}"
PZA. MONTAÑETA,10,2026-04-29 10:00:00,ZONA_NORTE,manana,20.558,20.558,1.0,0.85,0.0,🟢 NORMAL,60.595,51.796,"{'factor_eventos': 1.0, 'factor_fin_de_semana': 1.0, 'factor_franja_manana': 1.0, 'factor_global': 1.0, 'factor_movilidad_ciudad': 1.0, 'factor_obras_construccion': 1.0, 'factor_zona_norte': 1.0}"
PZA. MONTAÑETA,11,2026-04-29 11:00:00,ZONA_NORTE,manana,58.666,58.666,1.0,0.85,0.0,🟢 NORMAL,60.33,52.115,"{'factor_eventos': 1.0, 'factor_fin_de_semana': 1.0, 'factor_franja_manana': 1.0, 'factor_global': 1.0, 'factor_movilidad_ciudad': 1.0, 'factor_obras_construccion': 1.0, 'factor_zona_norte': 1.0}"
PZA. MONTAÑETA,12,2026-04-29 12:00:00,ZONA_NORTE,manana,54.725,54.725,1.0,0.85,0.0,🟢 NORMAL,57.57,46.406,"{'factor_eventos': 1.0, 'factor_fin_de_semana': 1.0, 'factor_franja_manana': 1.0, 'factor_global': 1.0, 'factor_movilidad_ciudad': 1.0, 'factor_obras_construccion': 1.0, 'factor_zona_norte': 1.0}"
PZA. MONTAÑETA,13,2026-04-29 13:00:00,ZONA_NORTE,manana,53.375,53.375,1.0,0.85,0.0,🟢 NORMAL,53.378,46.53,"{'factor_eventos': 1.0, 'factor_fin_de_semana': 1.0, 'factor_franja_manana': 1.0, 'factor_global': 1.0, 'factor_movilidad_ciudad': 1.0, 'factor_obras_construccion': 1.0, 'factor_zona_norte': 1.0}"
PZA. MONTAÑETA,14,2026-04-29 14:00:00,ZONA_NORTE,tarde,62.431,62.544,1.0018,0.85,0.18,🟢 NORMAL,66.723,58.163,"{'factor_calor_acumulado': 1.0, 'factor_eventos': 1.0, 'factor_fin_de_semana': 1.0, 'factor_franja_tarde': 1.02, 'factor_global': 1.0, 'factor_movilidad_ciudad': 1.0, 'factor_obras_construccion': 1.0, 'factor_zona_norte': 1.0}"
PZA. MONTAÑETA,15,2026-04-29 15:00:00,ZONA_NORTE,tarde,58.631,58.738,1.0018,0.85,0.18,🟢 NORMAL,60.051,52.346,"{'factor_calor_acumulado': 1.0, 'factor_eventos': 1.0, 'factor_fin_de_semana': 1.0, 'factor_franja_tarde': 1.02, 'factor_global': 1.0, 'factor_movilidad_ciudad': 1.0, 'factor_obras_construccion': 1.0, 'factor_zona_norte': 1.0}"
PZA. MONTAÑETA,16,2026-04-29 16:00:00,ZONA_NORTE,tarde,47.281,47.367,1.0018,0.85,0.18,🟢 NORMAL,46.706,40.714,"{'factor_calor_acumulado': 1.0, 'factor_eventos': 1.0, 'factor_fin_de_semana': 1.0, 'factor_franja_tarde': 1.02, 'factor_global': 1.0, 'factor_movilidad_ciudad': 1.0, 'factor_obras_construccion': 1.0, 'factor_zona_norte': 1.0}"
PZA. MONTAÑETA,17,2026-04-29 17:00:00,ZONA_NORTE,tarde,39.32,39.392,1.0018,0.85,0.18,🟢 NORMAL,40.034,34.898,"{'factor_calor_acumulado': 1.0, 'factor_eventos': 1.0, 'factor_fin_de_semana': 1.0, 'factor_franja_tarde': 1.02, 'factor_global': 1.0, 'factor_movilidad_ciudad': 1.0, 'factor_obras_construccion': 1.0, 'factor_zona_norte': 1.0}"
PZA. MONTAÑETA,18,2026-04-29 18:00:00,ZONA_NORTE,tarde,47.281,47.367,1.0018,0.85,0.18,🟢 NORMAL,46.706,40.714,"{'factor_calor_acumulado': 1.0, 'factor_eventos': 1.0, 'factor_fin_de_semana': 1.0, 'factor_franja_tarde': 1.02, 'factor_global': 1.0, 'factor_movilidad_ciudad': 1.0, 'factor_obras_construccion': 1.0, 'factor_zona_norte': 1.0}"
PZA. MONTAÑETA,19,2026-04-29 19:00:00,ZONA_NORTE,tarde,58.631,58.738,1.0018,0.85,0.18,🟢 NORMAL,60.051,52.346,"{'factor_calor_acumulado': 1.0, 'factor_eventos': 1.0, 'factor_fin_de_semana': 1.0, 'factor_franja_tarde': 1.02, 'factor_global': 1.0, 'factor_movilidad_ciudad': 1.0, 'factor_obras_construccion': 1.0, 'factor_zona_norte': 1.0}"
PZA. MONTAÑETA,20,2026-04-29 20:00:00,ZONA_NORTE,tarde,65.701,65.82,1.0018,0.85,0.18,🟢 NORMAL,73.395,63.979,"{'factor_calor_acumulado': 1.0, 'factor_eventos': 1.0, 'factor_fin_de_semana': 1.0, 'factor_franja_tarde': 1.02, 'factor_global': 1.0, 'factor_movilidad_ciudad': 1.0, 'factor_obras_construccion': 1.0, 'factor_zona_norte': 1.0}"
PZA. MONTAÑETA,21,2026-04-29 21:00:00,ZONA_NORTE,tarde,74.045,74.18,1.0018,0.85,0.18,🟢 NORMAL,80.067,69.796,"{'factor_calor_acumulado': 1.0, 'factor_eventos': 1.0, 'factor_fin_de_semana': 1.0, 'factor_franja_tarde': 1.02, 'factor_global': 1.0, 'factor_movilidad_ciudad': 1.0, 'factor_obras_construccion': 1.0, 'factor_zona_norte': 1.0}"
PZA. MONTAÑETA,22,2026-04-29 22:00:00,ZONA_NORTE,noche,56.905,56.977,1.0013,0.85,0.13,🟢 NORMAL,60.051,52.346,"{'factor_eventos': 1.0, 'factor_fin_de_semana': 1.0, 'factor_franja_noche': 1.02, 'factor_global': 1.0, 'factor_movilidad_ciudad': 1.0, 'factor_obras_construccion': 1.0, 'factor_zona_norte': 1.0}"
PZA. MONTAÑETA,23,2026-04-29 23:00:00,ZONA_NORTE,noche,45.555,45.613,1.0013,0.85,0.13,🟢 NORMAL,46.706,40.714,"{'factor_eventos': 1.0, 'factor_fin_de_semana': 1.0, 'factor_franja_noche': 1.02, 'factor_global': 1.0, 'factor_movilidad_ciudad': 1.0, 'factor_obras_construccion': 1.0, 'factor_zona_norte': 1.0}"
Pla-Hospital,0,2026-04-29 00:00:00,ZONA_NORTE,noche,17.336,17.358,1.0013,0.85,0.13,🟢 NORMAL,8.554,5.402,"{'factor_eventos': 1.0, 'factor_fin_de_semana': 1.0, 'factor_franja_noche': 1.02, 'factor_global': 1.0, 'factor_movilidad_ciudad': 1.0, 'factor_obras_construccion': 1.0, 'factor_zona_norte': 1.0}"
Pla-Hospital,1,2026-04-29 01:00:00,ZONA_NORTE,noche,0.1,0.1,1.0013,0.85,0.13,🟢 NORMAL,49.462,17.909,"{'factor_eventos': 1.0, 'factor_fin_de_semana': 1.0, 'factor_franja_noche': 1.02, 'factor_global': 1.0, 'factor_movilidad_ciudad': 1.0, 'factor_obras_construccion': 1.0, 'factor_zona_norte': 1.0}"
Pla-Hospital,2,2026-04-29 02:00:00,ZONA_NORTE,noche,19.349,19.373,1.0013,0.85,0.13,🟢 NORMAL,37.39,14.381,"{'factor_eventos': 1.0, 'factor_fin_de_semana': 1.0, 'factor_franja_noche': 1.02, 'factor_global': 1.0, 'factor_movilidad_ciudad': 1.0, 'factor_obras_construccion': 1.0, 'factor_zona_norte': 1.0}"
Pla-Hospital,3,2026-04-29 03:00:00,ZONA_NORTE,noche,27.695,27.73,1.0013,0.85,0.13,🟢 NORMAL,18.86,10.891,"{'factor_eventos': 1.0, 'factor_fin_de_semana': 1.0, 'factor_franja_noche': 1.02, 'factor_global': 1.0, 'factor_movilidad_ciudad': 1.0, 'factor_obras_construccion': 1.0, 'factor_zona_norte': 1.0}"
Pla-Hospital,4,2026-04-29 04:00:00,ZONA_NORTE,noche,31.749,31.789,1.0013,0.85,0.13,🟢 NORMAL,17.621,9.266,"{'factor_eventos': 1.0, 'factor_fin_de_semana': 1.0, 'factor_franja_noche': 1.02, 'factor_global': 1.0, 'factor_movilidad_ciudad': 1.0, 'factor_obras_construccion': 1.0, 'factor_zona_norte': 1.0}"
Pla-Hospital,5,2026-04-29 05:00:00,ZONA_NORTE,noche,36.002,36.048,1.0013,0.85,0.13,🟢 NORMAL,19.022,8.538,"{'factor_eventos': 1.0, 'factor_fin_de_semana': 1.0, 'factor_franja_noche': 1.02, 'factor_global': 1.0, 'factor_movilidad_ciudad': 1.0, 'factor_obras_construccion': 1.0, 'factor_zona_norte': 1.0}"
Pla-Hospital,6,2026-04-29 06:00:00,ZONA_NORTE,manana,14.937,14.937,1.0,0.85,0.0,🟢 NORMAL,34.36,14.648,"{'factor_eventos': 1.0, 'factor_fin_de_semana': 1.0, 'factor_franja_manana': 1.0, 'factor_global': 1.0, 'factor_movilidad_ciudad': 1.0, 'factor_obras_construccion': 1.0, 'factor_zona_norte': 1.0}"
Pla-Hospital,7,2026-04-29 07:00:00,ZONA_NORTE,manana,26.368,26.368,1.0,0.85,0.0,🟢 NORMAL,49.659,20.337,"{'factor_eventos': 1.0, 'factor_fin_de_semana': 1.0, 'factor_franja_manana': 1.0, 'factor_global': 1.0, 'factor_movilidad_ciudad': 1.0, 'factor_obras_construccion': 1.0, 'factor_zona_norte': 1.0}"
Pla-Hospital,8,2026-04-29 08:00:00,ZONA_NORTE,manana,50.082,50.082,1.0,0.85,0.0,🟢 NORMAL,53.278,31.912,"{'factor_eventos': 1.0, 'factor_fin_de_semana': 1.0, 'factor_franja_manana': 1.0, 'factor_global': 1.0, 'factor_movilidad_ciudad': 1.0, 'factor_obras_construccion': 1.0, 'factor_zona_norte': 1.0}"
Pla-Hospital,9,2026-04-29 09:00:00,ZONA_NORTE,manana,60.344,60.344,1.0,0.85,0.0,🟢 NORMAL,57.462,51.064,"{'factor_eventos': 1.0, 'factor_fin_de_semana': 1.0, 'factor_franja_manana': 1.0, 'factor_global': 1.0, 'factor_movilidad_ciudad': 1.0, 'factor_obras_construccion': 1.0, 'factor_zona_norte': 1.0}"
Pla-Hospital,10,2026-04-29 10:00:00,ZONA_NORTE,manana,21.708,21.708,1.0,0.85,0.0,🟢 NORMAL,68.144,53.209,"{'factor_eventos': 1.0, 'factor_fin_de_semana': 1.0, 'factor_franja_manana': 1.0, 'factor_global': 1.0, 'factor_movilidad_ciudad': 1.0, 'factor_obras_construccion': 1.0, 'factor_zona_norte': 1.0}"
Pla-Hospital,11,2026-04-29 11:00:00,ZONA_NORTE,manana,48.699,48.699,1.0,0.85,0.0,🟢 NORMAL,55.206,35.948,"{'factor_eventos': 1.0, 'factor_fin_de_semana': 1.0, 'factor_franja_manana': 1.0, 'factor_global': 1.0, 'factor_movilidad_ciudad': 1.0, 'factor_obras_construccion': 1.0, 'factor_zona_norte': 1.0}"
Pla-Hospital,12,2026-04-29 12:00:00,ZONA_NORTE,manana,93.81,93.81,1.0,0.85,0.0,🟢 NORMAL,39.8,26.02,"{'factor_eventos': 1.0, 'factor_fin_de_semana': 1.0, 'factor_franja_manana': 1.0, 'factor_global': 1.0, 'factor_movilidad_ciudad': 1.0, 'factor_obras_construccion': 1.0, 'factor_zona_norte': 1.0}"
Pla-Hospital,13,2026-04-29 13:00:00,ZONA_NORTE,manana,19.886,19.886,1.0,0.85,0.0,🟢 NORMAL,13.686,8.644,"{'factor_eventos': 1.0, 'factor_fin_de_semana': 1.0, 'factor_franja_manana': 1.0, 'factor_global': 1.0, 'factor_movilidad_ciudad': 1.0, 'factor_obras_construccion': 1.0, 'factor_zona_norte': 1.0}"
Pla-Hospital,14,2026-04-29 14:00:00,ZONA_NORTE,tarde,29.498,29.552,1.0018,0.85,0.18,🟢 NORMAL,17.107,10.805,"{'factor_calor_acumulado': 1.0, 'factor_eventos': 1.0, 'factor_fin_de_semana': 1.0, 'factor_franja_tarde': 1.02, 'factor_global': 1.0, 'factor_movilidad_ciudad': 1.0, 'factor_obras_construccion': 1.0, 'factor_zona_norte': 1.0}"
Pla-Hospital,15,2026-04-29 15:00:00,ZONA_NORTE,tarde,23.789,23.832,1.0018,0.85,0.18,🟢 NORMAL,15.397,9.724,"{'factor_calor_acumulado': 1.0, 'factor_eventos': 1.0, 'factor_fin_de_semana': 1.0, 'factor_franja_tarde': 1.02, 'factor_global': 1.0, 'factor_movilidad_ciudad': 1.0, 'factor_obras_construccion': 1.0, 'factor_zona_norte': 1.0}"
Pla-Hospital,16,2026-04-29 16:00:00,ZONA_NORTE,tarde,17.336,17.368,1.0018,0.85,0.18,🟢 NORMAL,11.975,7.563,"{'factor_calor_acumulado': 1.0, 'factor_eventos': 1.0, 'factor_fin_de_semana': 1.0, 'factor_franja_tarde': 1.02, 'factor_global': 1.0, 'factor_movilidad_ciudad': 1.0, 'factor_obras_construccion': 1.0, 'factor_zona_norte': 1.0}"
Pla-Hospital,17,2026-04-29 17:00:00,ZONA_NORTE,tarde,14.42,14.446,1.0018,0.85,0.18,🟢 NORMAL,10.265,6.482,"{'factor_calor_acumulado': 1.0, 'factor_eventos': 1.0, 'factor_fin_de_semana': 1.0, 'factor_franja_tarde': 1.02, 'factor_global': 1.0, 'factor_movilidad_ciudad': 1.0, 'factor_obras_construccion': 1.0, 'factor_zona_norte': 1.0}"
Pla-Hospital,18,2026-04-29 18:00:00,ZONA_NORTE,tarde,17.336,17.368,1.0018,0.85,0.18,🟢 NORMAL,11.975,7.563,"{'factor_calor_acumulado': 1.0, 'factor_eventos': 1.0, 'factor_fin_de_semana': 1.0, 'factor_franja_tarde': 1.02, 'factor_global': 1.0, 'factor_movilidad_ciudad': 1.0, 'factor_obras_construccion': 1.0, 'factor_zona_norte': 1.0}"
Pla-Hospital,19,2026-04-29 19:00:00,ZONA_NORTE,tarde,23.789,23.832,1.0018,0.85,0.18,🟢 NORMAL,15.397,9.724,"{'factor_calor_acumulado': 1.0, 'factor_eventos': 1.0, 'factor_fin_de_semana': 1.0, 'factor_franja_tarde': 1.02, 'factor_global': 1.0, 'factor_movilidad_ciudad': 1.0, 'factor_obras_construccion': 1.0, 'factor_zona_norte': 1.0}"
Pla-Hospital,20,2026-04-29 20:00:00,ZONA_NORTE,tarde,31.852,31.91,1.0018,0.85,0.18,🟢 NORMAL,18.819,11.885,"{'factor_calor_acumulado': 1.0, 'factor_eventos': 1.0, 'factor_fin_de_semana': 1.0, 'factor_franja_tarde': 1.02, 'factor_global': 1.0, 'factor_movilidad_ciudad': 1.0, 'factor_obras_construccion': 1.0, 'factor_zona_norte': 1.0}"
Pla-Hospital,21,2026-04-29 21:00:00,ZONA_NORTE,tarde,27.797,27.848,1.0018,0.85,0.18,🟢 NORMAL,20.529,12.965,"{'factor_calor_acumulado': 1.0, 'factor_eventos': 1.0, 'factor_fin_de_semana': 1.0, 'factor_franja_tarde': 1.02, 'factor_global': 1.0, 'factor_movilidad_ciudad': 1.0, 'factor_obras_construccion': 1.0, 'factor_zona_norte': 1.0}"
Pla-Hospital,22,2026-04-29 22:00:00,ZONA_NORTE,noche,24.204,24.235,1.0013,0.85,0.13,🟢 NORMAL,15.397,9.724,"{'factor_eventos': 1.0, 'factor_fin_de_semana': 1.0, 'factor_franja_noche': 1.02, 'factor_global': 1.0, 'factor_movilidad_ciudad': 1.0, 'factor_obras_construccion': 1.0, 'factor_zona_norte': 1.0}"
Pla-Hospital,23,2026-04-29 23:00:00,ZONA_NORTE,noche,17.752,17.774,1.0013,0.85,0.13,🟢 NORMAL,11.975,7.563,"{'factor_eventos': 1.0, 'factor_fin_de_semana': 1.0, 'factor_franja_noche': 1.02, 'factor_global': 1.0, 'factor_movilidad_ciudad': 1.0, 'factor_obras_construccion': 1.0, 'factor_zona_norte': 1.0}"
Postiguet,0,2026-04-29 00:00:00,ZONA_NORTE,noche,20.679,20.705,1.0013,0.85,0.13,🟢 NORMAL,12.887,8.026,"{'factor_eventos': 1.0, 'factor_fin_de_semana': 1.0, 'factor_franja_noche': 1.02, 'factor_global': 1.0, 'factor_movilidad_ciudad': 1.0, 'factor_obras_construccion': 1.0, 'factor_zona_norte': 1.0}"
Postiguet,1,2026-04-29 01:00:00,ZONA_NORTE,noche,30.947,30.986,1.0013,0.85,0.13,🟢 NORMAL,19.716,9.894,"{'factor_eventos': 1.0, 'factor_fin_de_semana': 1.0, 'factor_franja_noche': 1.02, 'factor_global': 1.0, 'factor_movilidad_ciudad': 1.0, 'factor_obras_construccion': 1.0, 'factor_zona_norte': 1.0}"
Postiguet,2,2026-04-29 02:00:00,ZONA_NORTE,noche,28.564,28.6,1.0013,0.85,0.13,🟢 NORMAL,18.731,9.257,"{'factor_eventos': 1.0, 'factor_fin_de_semana': 1.0, 'factor_franja_noche': 1.02, 'factor_global': 1.0, 'factor_movilidad_ciudad': 1.0, 'factor_obras_construccion': 1.0, 'factor_zona_norte': 1.0}"
Postiguet,3,2026-04-29 03:00:00,ZONA_NORTE,noche,31.749,31.789,1.0013,0.85,0.13,🟢 NORMAL,18.327,9.933,"{'factor_eventos': 1.0, 'factor_fin_de_semana': 1.0, 'factor_franja_noche': 1.02, 'factor_global': 1.0, 'factor_movilidad_ciudad': 1.0, 'factor_obras_construccion': 1.0, 'factor_zona_norte': 1.0}"
Postiguet,4,2026-04-29 04:00:00,ZONA_NORTE,noche,28.564,28.6,1.0013,0.85,0.13,🟢 NORMAL,18.496,9.684,"{'factor_eventos': 1.0, 'factor_fin_de_semana': 1.0, 'factor_franja_noche': 1.02, 'factor_global': 1.0, 'factor_movilidad_ciudad': 1.0, 'factor_obras_construccion': 1.0, 'factor_zona_norte': 1.0}"
Postiguet,5,2026-04-29 05:00:00,ZONA_NORTE,noche,35.2,35.244,1.0013,0.85,0.13,🟢 NORMAL,19.271,9.314,"{'factor_eventos': 1.0, 'factor_fin_de_semana': 1.0, 'factor_franja_noche': 1.02, 'factor_global': 1.0, 'factor_movilidad_ciudad': 1.0, 'factor_obras_construccion': 1.0, 'factor_zona_norte': 1.0}"
Postiguet,6,2026-04-29 06:00:00,ZONA_NORTE,manana,32.817,32.817,1.0,0.85,0.0,🟢 NORMAL,18.822,8.908,"{'factor_eventos': 1.0, 'factor_fin_de_semana': 1.0, 'factor_franja_manana': 1.0, 'factor_global': 1.0, 'factor_movilidad_ciudad': 1.0, 'factor_obras_construccion': 1.0, 'factor_zona_norte': 1.0}"
Postiguet,7,2026-04-29 07:00:00,ZONA_NORTE,manana,32.067,32.067,1.0,0.85,0.0,🟢 NORMAL,17.347,8.123,"{'factor_eventos': 1.0, 'factor_fin_de_semana': 1.0, 'factor_franja_manana': 1.0, 'factor_global': 1.0, 'factor_movilidad_ciudad': 1.0, 'factor_obras_construccion': 1.0, 'factor_zona_norte': 1.0}"
Postiguet,8,2026-04-29 08:00:00,ZONA_NORTE,manana,32.817,32.817,1.0,0.85,0.0,🟢 NORMAL,18.715,8.453,"{'factor_eventos': 1.0, 'factor_fin_de_semana': 1.0, 'factor_franja_manana': 1.0, 'factor_global': 1.0, 'factor_movilidad_ciudad': 1.0, 'factor_obras_construccion': 1.0, 'factor_zona_norte': 1.0}"
Postiguet,9,2026-04-29 09:00:00,ZONA_NORTE,manana,35.2,35.2,1.0,0.85,0.0,🟢 NORMAL,19.844,8.864,"{'factor_eventos': 1.0, 'factor_fin_de_semana': 1.0, 'factor_franja_manana': 1.0, 'factor_global': 1.0, 'factor_movilidad_ciudad': 1.0, 'factor_obras_construccion': 1.0, 'factor_zona_norte': 1.0}"
Postiguet,10,2026-04-29 10:00:00,ZONA_NORTE,manana,0.1,0.1,1.0,0.85,0.0,🟢 NORMAL,20.005,9.554,"{'factor_eventos': 1.0, 'factor_fin_de_semana': 1.0, 'factor_franja_manana': 1.0, 'factor_global': 1.0, 'factor_movilidad_ciudad': 1.0, 'factor_obras_construccion': 1.0, 'factor_zona_norte': 1.0}"
Postiguet,11,2026-04-29 11:00:00,ZONA_NORTE,manana,33.264,33.264,1.0,0.85,0.0,🟢 NORMAL,20.595,10.812,"{'factor_eventos': 1.0, 'factor_fin_de_semana': 1.0, 'factor_franja_manana': 1.0, 'factor_global': 1.0, 'factor_movilidad_ciudad': 1.0, 'factor_obras_construccion': 1.0, 'factor_zona_norte': 1.0}"
Postiguet,12,2026-04-29 12:00:00,ZONA_NORTE,manana,33.264,33.264,1.0,0.85,0.0,🟢 NORMAL,20.182,9.954,"{'factor_eventos': 1.0, 'factor_fin_de_semana': 1.0, 'factor_franja_manana': 1.0, 'factor_global': 1.0, 'factor_movilidad_ciudad': 1.0, 'factor_obras_construccion': 1.0, 'factor_zona_norte': 1.0}"
Postiguet,13,2026-04-29 13:00:00,ZONA_NORTE,manana,28.63,28.63,1.0,0.85,0.0,🟢 NORMAL,20.619,12.842,"{'factor_eventos': 1.0, 'factor_fin_de_semana': 1.0, 'factor_franja_manana': 1.0, 'factor_global': 1.0, 'factor_movilidad_ciudad': 1.0, 'factor_obras_construccion': 1.0, 'factor_zona_norte': 1.0}"
Postiguet,14,2026-04-29 14:00:00,ZONA_NORTE,tarde,177.929,178.253,1.0018,0.85,0.18,🟢 NORMAL,25.774,16.052,"{'factor_calor_acumulado': 1.0, 'factor_eventos': 1.0, 'factor_fin_de_semana': 1.0, 'factor_franja_tarde': 1.02, 'factor_global': 1.0, 'factor_movilidad_ciudad': 1.0, 'factor_obras_construccion': 1.0, 'factor_zona_norte': 1.0}"
Postiguet,15,2026-04-29 15:00:00,ZONA_NORTE,tarde,40.693,40.767,1.0018,0.85,0.18,🟢 NORMAL,23.197,14.446,"{'factor_calor_acumulado': 1.0, 'factor_eventos': 1.0, 'factor_fin_de_semana': 1.0, 'factor_franja_tarde': 1.02, 'factor_global': 1.0, 'factor_movilidad_ciudad': 1.0, 'factor_obras_construccion': 1.0, 'factor_zona_norte': 1.0}"
Postiguet,16,2026-04-29 16:00:00,ZONA_NORTE,tarde,31.436,31.493,1.0018,0.85,0.18,🟢 NORMAL,18.042,11.236,"{'factor_calor_acumulado': 1.0, 'factor_eventos': 1.0, 'factor_fin_de_semana': 1.0, 'factor_franja_tarde': 1.02, 'factor_global': 1.0, 'factor_movilidad_ciudad': 1.0, 'factor_obras_construccion': 1.0, 'factor_zona_norte': 1.0}"
Postiguet,17,2026-04-29 17:00:00,ZONA_NORTE,tarde,23.789,23.832,1.0018,0.85,0.18,🟢 NORMAL,15.464,9.631,"{'factor_calor_acumulado': 1.0, 'factor_eventos': 1.0, 'factor_fin_de_semana': 1.0, 'factor_franja_tarde': 1.02, 'factor_global': 1.0, 'factor_movilidad_ciudad': 1.0, 'factor_obras_construccion': 1.0, 'factor_zona_norte': 1.0}"
Postiguet,18,2026-04-29 18:00:00,ZONA_NORTE,tarde,31.436,31.493,1.0018,0.85,0.18,🟢 NORMAL,18.042,11.236,"{'factor_calor_acumulado': 1.0, 'factor_eventos': 1.0, 'factor_fin_de_semana': 1.0, 'factor_franja_tarde': 1.02, 'factor_global': 1.0, 'factor_movilidad_ciudad': 1.0, 'factor_obras_construccion': 1.0, 'factor_zona_norte': 1.0}"
Postiguet,19,2026-04-29 19:00:00,ZONA_NORTE,tarde,309.442,310.005,1.0018,0.85,0.18,🟢 NORMAL,23.197,14.446,"{'factor_calor_acumulado': 1.0, 'factor_eventos': 1.0, 'factor_fin_de_semana': 1.0, 'factor_franja_tarde': 1.02, 'factor_global': 1.0, 'factor_movilidad_ciudad': 1.0, 'factor_obras_construccion': 1.0, 'factor_zona_norte': 1.0}"
Postiguet,20,2026-04-29 20:00:00,ZONA_NORTE,tarde,14.67,14.697,1.0018,0.85,0.18,🟢 NORMAL,28.352,17.657,"{'factor_calor_acumulado': 1.0, 'factor_eventos': 1.0, 'factor_fin_de_semana': 1.0, 'factor_franja_tarde': 1.02, 'factor_global': 1.0, 'factor_movilidad_ciudad': 1.0, 'factor_obras_construccion': 1.0, 'factor_zona_norte': 1.0}"
Postiguet,21,2026-04-29 21:00:00,ZONA_NORTE,tarde,0.168,0.168,1.0018,0.85,0.18,🟢 NORMAL,30.929,19.261,"{'factor_calor_acumulado': 1.0, 'factor_eventos': 1.0, 'factor_fin_de_semana': 1.0, 'factor_franja_tarde': 1.02, 'factor_global': 1.0, 'factor_movilidad_ciudad': 1.0, 'factor_obras_construccion': 1.0, 'factor_zona_norte': 1.0}"
Postiguet,22,2026-04-29 22:00:00,ZONA_NORTE,noche,308.935,309.324,1.0013,0.85,0.13,🟢 NORMAL,23.197,14.446,"{'factor_eventos': 1.0, 'factor_fin_de_semana': 1.0, 'factor_franja_noche': 1.02, 'factor_global': 1.0, 'factor_movilidad_ciudad': 1.0, 'factor_obras_construccion': 1.0, 'factor_zona_norte': 1.0}"
Postiguet,23,2026-04-29 23:00:00,ZONA_NORTE,noche,31.852,31.892,1.0013,0.85,0.13,🟢 NORMAL,18.042,11.236,"{'factor_eventos': 1.0, 'factor_fin_de_semana': 1.0, 'factor_franja_noche': 1.02, 'factor_global': 1.0, 'factor_movilidad_ciudad': 1.0, 'factor_obras_construccion': 1.0, 'factor_zona_norte': 1.0}"
RABASA DL,0,2026-04-29 00:00:00,ZONA_NORTE,noche,17.336,17.358,1.0013,0.85,0.13,🟢 NORMAL,4.88,2.2,"{'factor_eventos': 1.0, 'factor_fin_de_semana': 1.0, 'factor_franja_noche': 1.02, 'factor_global': 1.0, 'factor_movilidad_ciudad': 1.0, 'factor_obras_construccion': 1.0, 'factor_zona_norte': 1.0}"
RABASA DL,1,2026-04-29 01:00:00,ZONA_NORTE,noche,18.668,18.691,1.0013,0.85,0.13,🟢 NORMAL,27.9,17.98,"{'factor_eventos': 1.0, 'factor_fin_de_semana': 1.0, 'factor_franja_noche': 1.02, 'factor_global': 1.0, 'factor_movilidad_ciudad': 1.0, 'factor_obras_construccion': 1.0, 'factor_zona_norte': 1.0}"
RABASA DL,2,2026-04-29 02:00:00,ZONA_NORTE,noche,52.249,52.315,1.0013,0.85,0.13,🟢 NORMAL,27.3,16.25,"{'factor_eventos': 1.0, 'factor_fin_de_semana': 1.0, 'factor_franja_noche': 1.02, 'factor_global': 1.0, 'factor_movilidad_ciudad': 1.0, 'factor_obras_construccion': 1.0, 'factor_zona_norte': 1.0}"
RABASA DL,3,2026-04-29 03:00:00,ZONA_NORTE,noche,27.378,27.412,1.0013,0.85,0.13,🟢 NORMAL,24.8,15.765,"{'factor_eventos': 1.0, 'factor_fin_de_semana': 1.0, 'factor_franja_noche': 1.02, 'factor_global': 1.0, 'factor_movilidad_ciudad': 1.0, 'factor_obras_construccion': 1.0, 'factor_zona_norte': 1.0}"
RABASA DL,4,2026-04-29 04:00:00,ZONA_NORTE,noche,27.378,27.412,1.0013,0.85,0.13,🟢 NORMAL,25.92,14.48,"{'factor_eventos': 1.0, 'factor_fin_de_semana': 1.0, 'factor_franja_noche': 1.02, 'factor_global': 1.0, 'factor_movilidad_ciudad': 1.0, 'factor_obras_construccion': 1.0, 'factor_zona_norte': 1.0}"
RABASA DL,5,2026-04-29 05:00:00,ZONA_NORTE,noche,47.838,47.898,1.0013,0.85,0.13,🟢 NORMAL,28.835,13.9,"{'factor_eventos': 1.0, 'factor_fin_de_semana': 1.0, 'factor_franja_noche': 1.02, 'factor_global': 1.0, 'factor_movilidad_ciudad': 1.0, 'factor_obras_construccion': 1.0, 'factor_zona_norte': 1.0}"
RABASA DL,6,2026-04-29 06:00:00,ZONA_NORTE,manana,27.793,27.793,1.0,0.85,0.0,🟢 NORMAL,23.295,14.11,"{'factor_eventos': 1.0, 'factor_fin_de_semana': 1.0, 'factor_franja_manana': 1.0, 'factor_global': 1.0, 'factor_movilidad_ciudad': 1.0, 'factor_obras_construccion': 1.0, 'factor_zona_norte': 1.0}"
RABASA DL,7,2026-04-29 07:00:00,ZONA_NORTE,manana,14.666,14.666,1.0,0.85,0.0,🟢 NORMAL,25.5,15.8,"{'factor_eventos': 1.0, 'factor_fin_de_semana': 1.0, 'factor_franja_manana': 1.0, 'factor_global': 1.0, 'factor_movilidad_ciudad': 1.0, 'factor_obras_construccion': 1.0, 'factor_zona_norte': 1.0}"
RABASA DL,8,2026-04-29 08:00:00,ZONA_NORTE,manana,0.1,0.1,1.0,0.85,0.0,🟢 NORMAL,35.9,19.5,"{'factor_eventos': 1.0, 'factor_fin_de_semana': 1.0, 'factor_franja_manana': 1.0, 'factor_global': 1.0, 'factor_movilidad_ciudad': 1.0, 'factor_obras_construccion': 1.0, 'factor_zona_norte': 1.0}"
RABASA DL,9,2026-04-29 09:00:00,ZONA_NORTE,manana,0.1,0.1,1.0,0.85,0.0,🟢 NORMAL,36.94,24.36,"{'factor_eventos': 1.0, 'factor_fin_de_semana': 1.0, 'factor_franja_manana': 1.0, 'factor_global': 1.0, 'factor_movilidad_ciudad': 1.0, 'factor_obras_construccion': 1.0, 'factor_zona_norte': 1.0}"
RABASA DL,10,2026-04-29 10:00:00,ZONA_NORTE,manana,0.1,0.1,1.0,0.85,0.0,🟢 NORMAL,34.5,25.3,"{'factor_eventos': 1.0, 'factor_fin_de_semana': 1.0, 'factor_franja_manana': 1.0, 'factor_global': 1.0, 'factor_movilidad_ciudad': 1.0, 'factor_obras_construccion': 1.0, 'factor_zona_norte': 1.0}"
RABASA DL,11,2026-04-29 11:00:00,ZONA_NORTE,manana,0.1,0.1,1.0,0.85,0.0,🟢 NORMAL,32.2,22.8,"{'factor_eventos': 1.0, 'factor_fin_de_semana': 1.0, 'factor_franja_manana': 1.0, 'factor_global': 1.0, 'factor_movilidad_ciudad': 1.0, 'factor_obras_construccion': 1.0, 'factor_zona_norte': 1.0}"
RABASA DL,12,2026-04-29 12:00:00,ZONA_NORTE,manana,0.1,0.1,1.0,0.85,0.0,🟢 NORMAL,29.9,19.9,"{'factor_eventos': 1.0, 'factor_fin_de_semana': 1.0, 'factor_franja_manana': 1.0, 'factor_global': 1.0, 'factor_movilidad_ciudad': 1.0, 'factor_obras_construccion': 1.0, 'factor_zona_norte': 1.0}"
RABASA DL,13,2026-04-29 13:00:00,ZONA_NORTE,manana,15.241,15.241,1.0,0.85,0.0,🟢 NORMAL,7.808,3.521,"{'factor_eventos': 1.0, 'factor_fin_de_semana': 1.0, 'factor_franja_manana': 1.0, 'factor_global': 1.0, 'factor_movilidad_ciudad': 1.0, 'factor_obras_construccion': 1.0, 'factor_zona_norte': 1.0}"
RABASA DL,14,2026-04-29 14:00:00,ZONA_NORTE,tarde,15.668,15.697,1.0018,0.85,0.18,🟢 NORMAL,9.761,4.401,"{'factor_calor_acumulado': 1.0, 'factor_eventos': 1.0, 'factor_fin_de_semana': 1.0, 'factor_franja_tarde': 1.02, 'factor_global': 1.0, 'factor_movilidad_ciudad': 1.0, 'factor_obras_construccion': 1.0, 'factor_zona_norte': 1.0}"
RABASA DL,15,2026-04-29 15:00:00,ZONA_NORTE,tarde,13.993,14.019,1.0018,0.85,0.18,🟢 NORMAL,8.784,3.961,"{'factor_calor_acumulado': 1.0, 'factor_eventos': 1.0, 'factor_fin_de_semana': 1.0, 'factor_franja_tarde': 1.02, 'factor_global': 1.0, 'factor_movilidad_ciudad': 1.0, 'factor_obras_construccion': 1.0, 'factor_zona_norte': 1.0}"
RABASA DL,16,2026-04-29 16:00:00,ZONA_NORTE,tarde,13.993,14.019,1.0018,0.85,0.18,🟢 NORMAL,6.832,3.081,"{'factor_calor_acumulado': 1.0, 'factor_eventos': 1.0, 'factor_fin_de_semana': 1.0, 'factor_franja_tarde': 1.02, 'factor_global': 1.0, 'factor_movilidad_ciudad': 1.0, 'factor_obras_construccion': 1.0, 'factor_zona_norte': 1.0}"
RABASA DL,17,2026-04-29 17:00:00,ZONA_NORTE,tarde,13.993,14.019,1.0018,0.85,0.18,🟢 NORMAL,5.856,2.641,"{'factor_calor_acumulado': 1.0, 'factor_eventos': 1.0, 'factor_fin_de_semana': 1.0, 'factor_franja_tarde': 1.02, 'factor_global': 1.0, 'factor_movilidad_ciudad': 1.0, 'factor_obras_construccion': 1.0, 'factor_zona_norte': 1.0}"
RABASA DL,18,2026-04-29 18:00:00,ZONA_NORTE,tarde,13.993,14.019,1.0018,0.85,0.18,🟢 NORMAL,6.832,3.081,"{'factor_calor_acumulado': 1.0, 'factor_eventos': 1.0, 'factor_fin_de_semana': 1.0, 'factor_franja_tarde': 1.02, 'factor_global': 1.0, 'factor_movilidad_ciudad': 1.0, 'factor_obras_construccion': 1.0, 'factor_zona_norte': 1.0}"
RABASA DL,19,2026-04-29 19:00:00,ZONA_NORTE,tarde,13.993,14.019,1.0018,0.85,0.18,🟢 NORMAL,8.784,3.961,"{'factor_calor_acumulado': 1.0, 'factor_eventos': 1.0, 'factor_fin_de_semana': 1.0, 'factor_franja_tarde': 1.02, 'factor_global': 1.0, 'factor_movilidad_ciudad': 1.0, 'factor_obras_construccion': 1.0, 'factor_zona_norte': 1.0}"
RABASA DL,20,2026-04-29 20:00:00,ZONA_NORTE,tarde,14.836,14.863,1.0018,0.85,0.18,🟢 NORMAL,10.736,4.841,"{'factor_calor_acumulado': 1.0, 'factor_eventos': 1.0, 'factor_fin_de_semana': 1.0, 'factor_franja_tarde': 1.02, 'factor_global': 1.0, 'factor_movilidad_ciudad': 1.0, 'factor_obras_construccion': 1.0, 'factor_zona_norte': 1.0}"
RABASA DL,21,2026-04-29 21:00:00,ZONA_NORTE,tarde,17.132,17.163,1.0018,0.85,0.18,🟢 NORMAL,11.713,5.281,"{'factor_calor_acumulado': 1.0, 'factor_eventos': 1.0, 'factor_fin_de_semana': 1.0, 'factor_franja_tarde': 1.02, 'factor_global': 1.0, 'factor_movilidad_ciudad': 1.0, 'factor_obras_construccion': 1.0, 'factor_zona_norte': 1.0}"
RABASA DL,22,2026-04-29 22:00:00,ZONA_NORTE,noche,14.409,14.427,1.0013,0.85,0.13,🟢 NORMAL,8.784,3.961,"{'factor_eventos': 1.0, 'factor_fin_de_semana': 1.0, 'factor_franja_noche': 1.02, 'factor_global': 1.0, 'factor_movilidad_ciudad': 1.0, 'factor_obras_construccion': 1.0, 'factor_zona_norte': 1.0}"
RABASA DL,23,2026-04-29 23:00:00,ZONA_NORTE,noche,14.409,14.427,1.0013,0.85,0.13,🟢 NORMAL,6.832,3.081,"{'factor_eventos': 1.0, 'factor_fin_de_semana': 1.0, 'factor_franja_noche': 1.02, 'factor_global': 1.0, 'factor_movilidad_ciudad': 1.0, 'factor_obras_construccion': 1.0, 'factor_zona_norte': 1.0}"
SANTO DOMINGO DL,0,2026-04-29 00:00:00,ZONA_NORTE,noche,17.336,17.358,1.0013,0.85,0.13,🟢 NORMAL,6.384,2.834,"{'factor_eventos': 1.0, 'factor_fin_de_semana': 1.0, 'factor_franja_noche': 1.02, 'factor_global': 1.0, 'factor_movilidad_ciudad': 1.0, 'factor_obras_construccion': 1.0, 'factor_zona_norte': 1.0}"
SANTO DOMINGO DL,1,2026-04-29 01:00:00,ZONA_NORTE,noche,59.682,59.757,1.0013,0.85,0.13,🟢 NORMAL,72.979,56.735,"{'factor_eventos': 1.0, 'factor_fin_de_semana': 1.0, 'factor_franja_noche': 1.02, 'factor_global': 1.0, 'factor_movilidad_ciudad': 1.0, 'factor_obras_construccion': 1.0, 'factor_zona_norte': 1.0}"
SANTO DOMINGO DL,2,2026-04-29 02:00:00,ZONA_NORTE,noche,0.163,0.163,1.0013,0.85,0.13,🟢 NORMAL,63.18,51.267,"{'factor_eventos': 1.0, 'factor_fin_de_semana': 1.0, 'factor_franja_noche': 1.02, 'factor_global': 1.0, 'factor_movilidad_ciudad': 1.0, 'factor_obras_construccion': 1.0, 'factor_zona_norte': 1.0}"
SANTO DOMINGO DL,3,2026-04-29 03:00:00,ZONA_NORTE,noche,61.453,61.531,1.0013,0.85,0.13,🟢 NORMAL,61.325,51.861,"{'factor_eventos': 1.0, 'factor_fin_de_semana': 1.0, 'factor_franja_noche': 1.02, 'factor_global': 1.0, 'factor_movilidad_ciudad': 1.0, 'factor_obras_construccion': 1.0, 'factor_zona_norte': 1.0}"
SANTO DOMINGO DL,4,2026-04-29 04:00:00,ZONA_NORTE,noche,56.885,56.957,1.0013,0.85,0.13,🟢 NORMAL,55.268,48.276,"{'factor_eventos': 1.0, 'factor_fin_de_semana': 1.0, 'factor_franja_noche': 1.02, 'factor_global': 1.0, 'factor_movilidad_ciudad': 1.0, 'factor_obras_construccion': 1.0, 'factor_zona_norte': 1.0}"
SANTO DOMINGO DL,5,2026-04-29 05:00:00,ZONA_NORTE,noche,51.77,51.835,1.0013,0.85,0.13,🟢 NORMAL,50.108,42.625,"{'factor_eventos': 1.0, 'factor_fin_de_semana': 1.0, 'factor_franja_noche': 1.02, 'factor_global': 1.0, 'factor_movilidad_ciudad': 1.0, 'factor_obras_construccion': 1.0, 'factor_zona_norte': 1.0}"
SANTO DOMINGO DL,6,2026-04-29 06:00:00,ZONA_NORTE,manana,55.11,55.11,1.0,0.85,0.0,🟢 NORMAL,53.086,43.585,"{'factor_eventos': 1.0, 'factor_fin_de_semana': 1.0, 'factor_franja_manana': 1.0, 'factor_global': 1.0, 'factor_movilidad_ciudad': 1.0, 'factor_obras_construccion': 1.0, 'factor_zona_norte': 1.0}"
SANTO DOMINGO DL,7,2026-04-29 07:00:00,ZONA_NORTE,manana,57.724,57.724,1.0,0.85,0.0,🟢 NORMAL,67.146,48.938,"{'factor_eventos': 1.0, 'factor_fin_de_semana': 1.0, 'factor_franja_manana': 1.0, 'factor_global': 1.0, 'factor_movilidad_ciudad': 1.0, 'factor_obras_construccion': 1.0, 'factor_zona_norte': 1.0}"
SANTO DOMINGO DL,8,2026-04-29 08:00:00,ZONA_NORTE,manana,73.835,73.835,1.0,0.85,0.0,🟢 NORMAL,86.606,57.627,"{'factor_eventos': 1.0, 'factor_fin_de_semana': 1.0, 'factor_franja_manana': 1.0, 'factor_global': 1.0, 'factor_movilidad_ciudad': 1.0, 'factor_obras_construccion': 1.0, 'factor_zona_norte': 1.0}"
SANTO DOMINGO DL,9,2026-04-29 09:00:00,ZONA_NORTE,manana,84.059,84.059,1.0,0.85,0.0,🟢 NORMAL,96.406,75.039,"{'factor_eventos': 1.0, 'factor_fin_de_semana': 1.0, 'factor_franja_manana': 1.0, 'factor_global': 1.0, 'factor_movilidad_ciudad': 1.0, 'factor_obras_construccion': 1.0, 'factor_zona_norte': 1.0}"
SANTO DOMINGO DL,10,2026-04-29 10:00:00,ZONA_NORTE,manana,48.844,48.844,1.0,0.85,0.0,🟢 NORMAL,95.622,84.81,"{'factor_eventos': 1.0, 'factor_fin_de_semana': 1.0, 'factor_franja_manana': 1.0, 'factor_global': 1.0, 'factor_movilidad_ciudad': 1.0, 'factor_obras_construccion': 1.0, 'factor_zona_norte': 1.0}"
SANTO DOMINGO DL,11,2026-04-29 11:00:00,ZONA_NORTE,manana,81.195,81.195,1.0,0.85,0.0,🟢 NORMAL,89.33,76.442,"{'factor_eventos': 1.0, 'factor_fin_de_semana': 1.0, 'factor_franja_manana': 1.0, 'factor_global': 1.0, 'factor_movilidad_ciudad': 1.0, 'factor_obras_construccion': 1.0, 'factor_zona_norte': 1.0}"
SANTO DOMINGO DL,12,2026-04-29 12:00:00,ZONA_NORTE,manana,73.816,73.816,1.0,0.85,0.0,🟢 NORMAL,81.947,66.179,"{'factor_eventos': 1.0, 'factor_fin_de_semana': 1.0, 'factor_franja_manana': 1.0, 'factor_global': 1.0, 'factor_movilidad_ciudad': 1.0, 'factor_obras_construccion': 1.0, 'factor_zona_norte': 1.0}"
SANTO DOMINGO DL,13,2026-04-29 13:00:00,ZONA_NORTE,manana,15.668,15.668,1.0,0.85,0.0,🟢 NORMAL,10.215,4.534,"{'factor_eventos': 1.0, 'factor_fin_de_semana': 1.0, 'factor_franja_manana': 1.0, 'factor_global': 1.0, 'factor_movilidad_ciudad': 1.0, 'factor_obras_construccion': 1.0, 'factor_zona_norte': 1.0}"
SANTO DOMINGO DL,14,2026-04-29 14:00:00,ZONA_NORTE,tarde,18.584,18.618,1.0018,0.85,0.18,🟢 NORMAL,12.769,5.668,"{'factor_calor_acumulado': 1.0, 'factor_eventos': 1.0, 'factor_fin_de_semana': 1.0, 'factor_franja_tarde': 1.02, 'factor_global': 1.0, 'factor_movilidad_ciudad': 1.0, 'factor_obras_construccion': 1.0, 'factor_zona_norte': 1.0}"
SANTO DOMINGO DL,15,2026-04-29 15:00:00,ZONA_NORTE,tarde,16.717,16.747,1.0018,0.85,0.18,🟢 NORMAL,11.492,5.1,"{'factor_calor_acumulado': 1.0, 'factor_eventos': 1.0, 'factor_fin_de_semana': 1.0, 'factor_franja_tarde': 1.02, 'factor_global': 1.0, 'factor_movilidad_ciudad': 1.0, 'factor_obras_construccion': 1.0, 'factor_zona_norte': 1.0}"
SANTO DOMINGO DL,16,2026-04-29 16:00:00,ZONA_NORTE,tarde,13.993,14.019,1.0018,0.85,0.18,🟢 NORMAL,8.939,3.967,"{'factor_calor_acumulado': 1.0, 'factor_eventos': 1.0, 'factor_fin_de_semana': 1.0, 'factor_franja_tarde': 1.02, 'factor_global': 1.0, 'factor_movilidad_ciudad': 1.0, 'factor_obras_construccion': 1.0, 'factor_zona_norte': 1.0}"
SANTO DOMINGO DL,17,2026-04-29 17:00:00,ZONA_NORTE,tarde,13.993,14.019,1.0018,0.85,0.18,🟢 NORMAL,7.661,3.4,"{'factor_calor_acumulado': 1.0, 'factor_eventos': 1.0, 'factor_fin_de_semana': 1.0, 'factor_franja_tarde': 1.02, 'factor_global': 1.0, 'factor_movilidad_ciudad': 1.0, 'factor_obras_construccion': 1.0, 'factor_zona_norte': 1.0}"
SANTO DOMINGO DL,18,2026-04-29 18:00:00,ZONA_NORTE,tarde,13.993,14.019,1.0018,0.85,0.18,🟢 NORMAL,8.939,3.967,"{'factor_calor_acumulado': 1.0, 'factor_eventos': 1.0, 'factor_fin_de_semana': 1.0, 'factor_franja_tarde': 1.02, 'factor_global': 1.0, 'factor_movilidad_ciudad': 1.0, 'factor_obras_construccion': 1.0, 'factor_zona_norte': 1.0}"
SANTO DOMINGO DL,19,2026-04-29 19:00:00,ZONA_NORTE,tarde,16.717,16.747,1.0018,0.85,0.18,🟢 NORMAL,11.492,5.1,"{'factor_calor_acumulado': 1.0, 'factor_eventos': 1.0, 'factor_fin_de_semana': 1.0, 'factor_franja_tarde': 1.02, 'factor_global': 1.0, 'factor_movilidad_ciudad': 1.0, 'factor_obras_construccion': 1.0, 'factor_zona_norte': 1.0}"
SANTO DOMINGO DL,20,2026-04-29 20:00:00,ZONA_NORTE,tarde,19.053,19.088,1.0018,0.85,0.18,🟢 NORMAL,14.046,6.234,"{'factor_calor_acumulado': 1.0, 'factor_eventos': 1.0, 'factor_fin_de_semana': 1.0, 'factor_franja_tarde': 1.02, 'factor_global': 1.0, 'factor_movilidad_ciudad': 1.0, 'factor_obras_construccion': 1.0, 'factor_zona_norte': 1.0}"
SANTO DOMINGO DL,21,2026-04-29 21:00:00,ZONA_NORTE,tarde,20.348,20.386,1.0018,0.85,0.18,🟢 NORMAL,15.322,6.801,"{'factor_calor_acumulado': 1.0, 'factor_eventos': 1.0, 'factor_fin_de_semana': 1.0, 'factor_franja_tarde': 1.02, 'factor_global': 1.0, 'factor_movilidad_ciudad': 1.0, 'factor_obras_construccion': 1.0, 'factor_zona_norte': 1.0}"
SANTO DOMINGO DL,22,2026-04-29 22:00:00,ZONA_NORTE,noche,17.132,17.154,1.0013,0.85,0.13,🟢 NORMAL,11.492,5.1,"{'factor_eventos': 1.0, 'factor_fin_de_semana': 1.0, 'factor_franja_noche': 1.02, 'factor_global': 1.0, 'factor_movilidad_ciudad': 1.0, 'factor_obras_construccion': 1.0, 'factor_zona_norte': 1.0}"
SANTO DOMINGO DL,23,2026-04-29 23:00:00,ZONA_NORTE,noche,14.409,14.427,1.0013,0.85,0.13,🟢 NORMAL,8.939,3.967,"{'factor_eventos': 1.0, 'factor_fin_de_semana': 1.0, 'factor_franja_noche': 1.02, 'factor_global': 1.0, 'factor_movilidad_ciudad': 1.0, 'factor_obras_construccion': 1.0, 'factor_zona_norte': 1.0}"
SH_Demo,0,2026-04-29 00:00:00,ZONA_NORTE,noche,48.95,49.011,1.0013,0.85,0.13,🟢 NORMAL,49.092,30.382,"{'factor_eventos': 1.0, 'factor_fin_de_semana': 1.0, 'factor_franja_noche': 1.02, 'factor_global': 1.0, 'factor_movilidad_ciudad': 1.0, 'factor_obras_construccion': 1.0, 'factor_zona_norte': 1.0}"
SH_Demo,1,2026-04-29 01:00:00,ZONA_NORTE,noche,0.1,0.1,1.0013,0.85,0.13,🟢 NORMAL,34.582,25.831,"{'factor_eventos': 1.0, 'factor_fin_de_semana': 1.0, 'factor_franja_noche': 1.02, 'factor_global': 1.0, 'factor_movilidad_ciudad': 1.0, 'factor_obras_construccion': 1.0, 'factor_zona_norte': 1.0}"
SH_Demo,2,2026-04-29 02:00:00,ZONA_NORTE,noche,0.1,0.1,1.0013,0.85,0.13,🟢 NORMAL,30.579,24.899,"{'factor_eventos': 1.0, 'factor_fin_de_semana': 1.0, 'factor_franja_noche': 1.02, 'factor_global': 1.0, 'factor_movilidad_ciudad': 1.0, 'factor_obras_construccion': 1.0, 'factor_zona_norte': 1.0}"
SH_Demo,3,2026-04-29 03:00:00,ZONA_NORTE,noche,0.1,0.1,1.0013,0.85,0.13,🟢 NORMAL,29.099,24.491,"{'factor_eventos': 1.0, 'factor_fin_de_semana': 1.0, 'factor_franja_noche': 1.02, 'factor_global': 1.0, 'factor_movilidad_ciudad': 1.0, 'factor_obras_construccion': 1.0, 'factor_zona_norte': 1.0}"
SH_Demo,4,2026-04-29 04:00:00,ZONA_NORTE,noche,6.669,6.678,1.0013,0.85,0.13,🟢 NORMAL,26.757,22.41,"{'factor_eventos': 1.0, 'factor_fin_de_semana': 1.0, 'factor_franja_noche': 1.02, 'factor_global': 1.0, 'factor_movilidad_ciudad': 1.0, 'factor_obras_construccion': 1.0, 'factor_zona_norte': 1.0}"
SH_Demo,5,2026-04-29 05:00:00,ZONA_NORTE,noche,47.646,47.706,1.0013,0.85,0.13,🟢 NORMAL,23.414,19.772,"{'factor_eventos': 1.0, 'factor_fin_de_semana': 1.0, 'factor_franja_noche': 1.02, 'factor_global': 1.0, 'factor_movilidad_ciudad': 1.0, 'factor_obras_construccion': 1.0, 'factor_zona_norte': 1.0}"
SH_Demo,6,2026-04-29 06:00:00,ZONA_NORTE,manana,14.746,14.746,1.0,0.85,0.0,🟢 NORMAL,25.975,21.084,"{'factor_eventos': 1.0, 'factor_fin_de_semana': 1.0, 'factor_franja_manana': 1.0, 'factor_global': 1.0, 'factor_movilidad_ciudad': 1.0, 'factor_obras_construccion': 1.0, 'factor_zona_norte': 1.0}"
SH_Demo,7,2026-04-29 07:00:00,ZONA_NORTE,manana,0.1,0.1,1.0,0.85,0.0,🟢 NORMAL,29.614,23.369,"{'factor_eventos': 1.0, 'factor_fin_de_semana': 1.0, 'factor_franja_manana': 1.0, 'factor_global': 1.0, 'factor_movilidad_ciudad': 1.0, 'factor_obras_construccion': 1.0, 'factor_zona_norte': 1.0}"
SH_Demo,8,2026-04-29 08:00:00,ZONA_NORTE,manana,26.567,26.567,1.0,0.85,0.0,🟢 NORMAL,39.371,27.646,"{'factor_eventos': 1.0, 'factor_fin_de_semana': 1.0, 'factor_franja_manana': 1.0, 'factor_global': 1.0, 'factor_movilidad_ciudad': 1.0, 'factor_obras_construccion': 1.0, 'factor_zona_norte': 1.0}"
SH_Demo,9,2026-04-29 09:00:00,ZONA_NORTE,manana,47.665,47.665,1.0,0.85,0.0,🟢 NORMAL,43.644,35.563,"{'factor_eventos': 1.0, 'factor_fin_de_semana': 1.0, 'factor_franja_manana': 1.0, 'factor_global': 1.0, 'factor_movilidad_ciudad': 1.0, 'factor_obras_construccion': 1.0, 'factor_zona_norte': 1.0}"
SH_Demo,10,2026-04-29 10:00:00,ZONA_NORTE,manana,8.102,8.102,1.0,0.85,0.0,🟢 NORMAL,43.272,38.951,"{'factor_eventos': 1.0, 'factor_fin_de_semana': 1.0, 'factor_franja_manana': 1.0, 'factor_global': 1.0, 'factor_movilidad_ciudad': 1.0, 'factor_obras_construccion': 1.0, 'factor_zona_norte': 1.0}"
SH_Demo,11,2026-04-29 11:00:00,ZONA_NORTE,manana,42.14,42.14,1.0,0.85,0.0,🟢 NORMAL,42.601,35.034,"{'factor_eventos': 1.0, 'factor_fin_de_semana': 1.0, 'factor_franja_manana': 1.0, 'factor_global': 1.0, 'factor_movilidad_ciudad': 1.0, 'factor_obras_construccion': 1.0, 'factor_zona_norte': 1.0}"
SH_Demo,12,2026-04-29 12:00:00,ZONA_NORTE,manana,24.982,24.982,1.0,0.85,0.0,🟢 NORMAL,39.188,30.302,"{'factor_eventos': 1.0, 'factor_fin_de_semana': 1.0, 'factor_franja_manana': 1.0, 'factor_global': 1.0, 'factor_movilidad_ciudad': 1.0, 'factor_obras_construccion': 1.0, 'factor_zona_norte': 1.0}"
SH_Demo,13,2026-04-29 13:00:00,ZONA_NORTE,manana,65.146,65.146,1.0,0.85,0.0,🟢 NORMAL,78.547,48.611,"{'factor_eventos': 1.0, 'factor_fin_de_semana': 1.0, 'factor_franja_manana': 1.0, 'factor_global': 1.0, 'factor_movilidad_ciudad': 1.0, 'factor_obras_construccion': 1.0, 'factor_zona_norte': 1.0}"
SH_Demo,14,2026-04-29 14:00:00,ZONA_NORTE,tarde,83.239,83.39,1.0018,0.85,0.18,🟢 NORMAL,98.184,60.764,"{'factor_calor_acumulado': 1.0, 'factor_eventos': 1.0, 'factor_fin_de_semana': 1.0, 'factor_franja_tarde': 1.02, 'factor_global': 1.0, 'factor_movilidad_ciudad': 1.0, 'factor_obras_construccion': 1.0, 'factor_zona_norte': 1.0}"
SH_Demo,15,2026-04-29 15:00:00,ZONA_NORTE,tarde,75.625,75.762,1.0018,0.85,0.18,🟢 NORMAL,88.366,54.687,"{'factor_calor_acumulado': 1.0, 'factor_eventos': 1.0, 'factor_fin_de_semana': 1.0, 'factor_franja_tarde': 1.02, 'factor_global': 1.0, 'factor_movilidad_ciudad': 1.0, 'factor_obras_construccion': 1.0, 'factor_zona_norte': 1.0}"
SH_Demo,16,2026-04-29 16:00:00,ZONA_NORTE,tarde,39.307,39.379,1.0018,0.85,0.18,🟢 NORMAL,68.73,42.535,"{'factor_calor_acumulado': 1.0, 'factor_eventos': 1.0, 'factor_fin_de_semana': 1.0, 'factor_franja_tarde': 1.02, 'factor_global': 1.0, 'factor_movilidad_ciudad': 1.0, 'factor_obras_construccion': 1.0, 'factor_zona_norte': 1.0}"
SH_Demo,17,2026-04-29 17:00:00,ZONA_NORTE,tarde,53.339,53.436,1.0018,0.85,0.18,🟢 NORMAL,58.911,36.458,"{'factor_calor_acumulado': 1.0, 'factor_eventos': 1.0, 'factor_fin_de_semana': 1.0, 'factor_franja_tarde': 1.02, 'factor_global': 1.0, 'factor_movilidad_ciudad': 1.0, 'factor_obras_construccion': 1.0, 'factor_zona_norte': 1.0}"
SH_Demo,18,2026-04-29 18:00:00,ZONA_NORTE,tarde,39.307,39.379,1.0018,0.85,0.18,🟢 NORMAL,68.73,42.535,"{'factor_calor_acumulado': 1.0, 'factor_eventos': 1.0, 'factor_fin_de_semana': 1.0, 'factor_franja_tarde': 1.02, 'factor_global': 1.0, 'factor_movilidad_ciudad': 1.0, 'factor_obras_construccion': 1.0, 'factor_zona_norte': 1.0}"
SH_Demo,19,2026-04-29 19:00:00,ZONA_NORTE,tarde,75.625,75.762,1.0018,0.85,0.18,🟢 NORMAL,88.366,54.687,"{'factor_calor_acumulado': 1.0, 'factor_eventos': 1.0, 'factor_fin_de_semana': 1.0, 'factor_franja_tarde': 1.02, 'factor_global': 1.0, 'factor_movilidad_ciudad': 1.0, 'factor_obras_construccion': 1.0, 'factor_zona_norte': 1.0}"
SH_Demo,20,2026-04-29 20:00:00,ZONA_NORTE,tarde,86.788,86.946,1.0018,0.85,0.18,🟢 NORMAL,108.003,66.84,"{'factor_calor_acumulado': 1.0, 'factor_eventos': 1.0, 'factor_fin_de_semana': 1.0, 'factor_franja_tarde': 1.02, 'factor_global': 1.0, 'factor_movilidad_ciudad': 1.0, 'factor_obras_construccion': 1.0, 'factor_zona_norte': 1.0}"
SH_Demo,21,2026-04-29 21:00:00,ZONA_NORTE,tarde,97.75,97.928,1.0018,0.85,0.18,🟢 NORMAL,117.822,72.916,"{'factor_calor_acumulado': 1.0, 'factor_eventos': 1.0, 'factor_fin_de_semana': 1.0, 'factor_franja_tarde': 1.02, 'factor_global': 1.0, 'factor_movilidad_ciudad': 1.0, 'factor_obras_construccion': 1.0, 'factor_zona_norte': 1.0}"
SH_Demo,22,2026-04-29 22:00:00,ZONA_NORTE,noche,73.899,73.992,1.0013,0.85,0.13,🟢 NORMAL,88.366,54.687,"{'factor_eventos': 1.0, 'factor_fin_de_semana': 1.0, 'factor_franja_noche': 1.02, 'factor_global': 1.0, 'factor_movilidad_ciudad': 1.0, 'factor_obras_construccion': 1.0, 'factor_zona_norte': 1.0}"
SH_Demo,23,2026-04-29 23:00:00,ZONA_NORTE,noche,37.581,37.629,1.0013,0.85,0.13,🟢 NORMAL,68.73,42.535,"{'factor_eventos': 1.0, 'factor_fin_de_semana': 1.0, 'factor_franja_noche': 1.02, 'factor_global': 1.0, 'factor_movilidad_ciudad': 1.0, 'factor_obras_construccion': 1.0, 'factor_zona_norte': 1.0}"
TOBO,0,2026-04-29 00:00:00,ZONA_NORTE,noche,59.575,59.65,1.0013,0.85,0.13,🟢 NORMAL,79.403,28.684,"{'factor_eventos': 1.0, 'factor_fin_de_semana': 1.0, 'factor_franja_noche': 1.02, 'factor_global': 1.0, 'factor_movilidad_ciudad': 1.0, 'factor_obras_construccion': 1.0, 'factor_zona_norte': 1.0}"
TOBO,1,2026-04-29 01:00:00,ZONA_NORTE,noche,72.604,72.695,1.0013,0.85,0.13,🟢 NORMAL,113.615,39.5,"{'factor_eventos': 1.0, 'factor_fin_de_semana': 1.0, 'factor_franja_noche': 1.02, 'factor_global': 1.0, 'factor_movilidad_ciudad': 1.0, 'factor_obras_construccion': 1.0, 'factor_zona_norte': 1.0}"
TOBO,2,2026-04-29 02:00:00,ZONA_NORTE,noche,66.752,66.836,1.0013,0.85,0.13,🟢 NORMAL,114.465,35.24,"{'factor_eventos': 1.0, 'factor_fin_de_semana': 1.0, 'factor_franja_noche': 1.02, 'factor_global': 1.0, 'factor_movilidad_ciudad': 1.0, 'factor_obras_construccion': 1.0, 'factor_zona_norte': 1.0}"
TOBO,3,2026-04-29 03:00:00,ZONA_NORTE,noche,65.805,65.888,1.0013,0.85,0.13,🟢 NORMAL,116.062,30.169,"{'factor_eventos': 1.0, 'factor_fin_de_semana': 1.0, 'factor_franja_noche': 1.02, 'factor_global': 1.0, 'factor_movilidad_ciudad': 1.0, 'factor_obras_construccion': 1.0, 'factor_zona_norte': 1.0}"
TOBO,4,2026-04-29 04:00:00,ZONA_NORTE,noche,63.66,63.74,1.0013,0.85,0.13,🟢 NORMAL,107.83,31.067,"{'factor_eventos': 1.0, 'factor_fin_de_semana': 1.0, 'factor_franja_noche': 1.02, 'factor_global': 1.0, 'factor_movilidad_ciudad': 1.0, 'factor_obras_construccion': 1.0, 'factor_zona_norte': 1.0}"
TOBO,5,2026-04-29 05:00:00,ZONA_NORTE,noche,64.736,64.818,1.0013,0.85,0.13,🟢 NORMAL,108.58,29.27,"{'factor_eventos': 1.0, 'factor_fin_de_semana': 1.0, 'factor_franja_noche': 1.02, 'factor_global': 1.0, 'factor_movilidad_ciudad': 1.0, 'factor_obras_construccion': 1.0, 'factor_zona_norte': 1.0}"
TOBO,6,2026-04-29 06:00:00,ZONA_NORTE,manana,64.736,64.736,1.0,0.85,0.0,🟢 NORMAL,106.695,30.697,"{'factor_eventos': 1.0, 'factor_fin_de_semana': 1.0, 'factor_franja_manana': 1.0, 'factor_global': 1.0, 'factor_movilidad_ciudad': 1.0, 'factor_obras_construccion': 1.0, 'factor_zona_norte': 1.0}"
TOBO,7,2026-04-29 07:00:00,ZONA_NORTE,manana,64.736,64.736,1.0,0.85,0.0,🟢 NORMAL,103.275,31.155,"{'factor_eventos': 1.0, 'factor_fin_de_semana': 1.0, 'factor_franja_manana': 1.0, 'factor_global': 1.0, 'factor_movilidad_ciudad': 1.0, 'factor_obras_construccion': 1.0, 'factor_zona_norte': 1.0}"
TOBO,8,2026-04-29 08:00:00,ZONA_NORTE,manana,70.608,70.608,1.0,0.85,0.0,🟢 NORMAL,107.81,40.213,"{'factor_eventos': 1.0, 'factor_fin_de_semana': 1.0, 'factor_franja_manana': 1.0, 'factor_global': 1.0, 'factor_movilidad_ciudad': 1.0, 'factor_obras_construccion': 1.0, 'factor_zona_norte': 1.0}"
TOBO,9,2026-04-29 09:00:00,ZONA_NORTE,manana,78.742,78.742,1.0,0.85,0.0,🟢 NORMAL,111.35,48.37,"{'factor_eventos': 1.0, 'factor_fin_de_semana': 1.0, 'factor_franja_manana': 1.0, 'factor_global': 1.0, 'factor_movilidad_ciudad': 1.0, 'factor_obras_construccion': 1.0, 'factor_zona_norte': 1.0}"
TOBO,10,2026-04-29 10:00:00,ZONA_NORTE,manana,41.971,41.971,1.0,0.85,0.0,🟢 NORMAL,113.135,51.3,"{'factor_eventos': 1.0, 'factor_fin_de_semana': 1.0, 'factor_franja_manana': 1.0, 'factor_global': 1.0, 'factor_movilidad_ciudad': 1.0, 'factor_obras_construccion': 1.0, 'factor_zona_norte': 1.0}"
TOBO,11,2026-04-29 11:00:00,ZONA_NORTE,manana,76.719,76.719,1.0,0.85,0.0,🟢 NORMAL,110.192,47.55,"{'factor_eventos': 1.0, 'factor_fin_de_semana': 1.0, 'factor_franja_manana': 1.0, 'factor_global': 1.0, 'factor_movilidad_ciudad': 1.0, 'factor_obras_construccion': 1.0, 'factor_zona_norte': 1.0}"
TOBO,12,2026-04-29 12:00:00,ZONA_NORTE,manana,74.88,74.88,1.0,0.85,0.0,🟢 NORMAL,110.955,44.253,"{'factor_eventos': 1.0, 'factor_fin_de_semana': 1.0, 'factor_franja_manana': 1.0, 'factor_global': 1.0, 'factor_movilidad_ciudad': 1.0, 'factor_obras_construccion': 1.0, 'factor_zona_norte': 1.0}"
TOBO,13,2026-04-29 13:00:00,ZONA_NORTE,manana,84.449,84.449,1.0,0.85,0.0,🟢 NORMAL,127.044,45.895,"{'factor_eventos': 1.0, 'factor_fin_de_semana': 1.0, 'factor_franja_manana': 1.0, 'factor_global': 1.0, 'factor_movilidad_ciudad': 1.0, 'factor_obras_construccion': 1.0, 'factor_zona_norte': 1.0}"
TOBO,14,2026-04-29 14:00:00,ZONA_NORTE,tarde,105.748,105.94,1.0018,0.85,0.18,🟢 NORMAL,158.806,57.369,"{'factor_calor_acumulado': 1.0, 'factor_eventos': 1.0, 'factor_fin_de_semana': 1.0, 'factor_franja_tarde': 1.02, 'factor_global': 1.0, 'factor_movilidad_ciudad': 1.0, 'factor_obras_construccion': 1.0, 'factor_zona_norte': 1.0}"
TOBO,15,2026-04-29 15:00:00,ZONA_NORTE,tarde,90.928,91.093,1.0018,0.85,0.18,🟢 NORMAL,142.925,51.632,"{'factor_calor_acumulado': 1.0, 'factor_eventos': 1.0, 'factor_fin_de_semana': 1.0, 'factor_franja_tarde': 1.02, 'factor_global': 1.0, 'factor_movilidad_ciudad': 1.0, 'factor_obras_construccion': 1.0, 'factor_zona_norte': 1.0}"
TOBO,16,2026-04-29 16:00:00,ZONA_NORTE,tarde,70.983,71.112,1.0018,0.85,0.18,🟢 NORMAL,111.164,40.159,"{'factor_calor_acumulado': 1.0, 'factor_eventos': 1.0, 'factor_fin_de_semana': 1.0, 'factor_franja_tarde': 1.02, 'factor_global': 1.0, 'factor_movilidad_ciudad': 1.0, 'factor_obras_construccion': 1.0, 'factor_zona_norte': 1.0}"
TOBO,17,2026-04-29 17:00:00,ZONA_NORTE,tarde,63.259,63.375,1.0018,0.85,0.18,🟢 NORMAL,95.284,34.422,"{'factor_calor_acumulado': 1.0, 'factor_eventos': 1.0, 'factor_fin_de_semana': 1.0, 'factor_franja_tarde': 1.02, 'factor_global': 1.0, 'factor_movilidad_ciudad': 1.0, 'factor_obras_construccion': 1.0, 'factor_zona_norte': 1.0}"
TOBO,18,2026-04-29 18:00:00,ZONA_NORTE,tarde,70.983,71.112,1.0018,0.85,0.18,🟢 NORMAL,111.164,40.159,"{'factor_calor_acumulado': 1.0, 'factor_eventos': 1.0, 'factor_fin_de_semana': 1.0, 'factor_franja_tarde': 1.02, 'factor_global': 1.0, 'factor_movilidad_ciudad': 1.0, 'factor_obras_construccion': 1.0, 'factor_zona_norte': 1.0}"
TOBO,19,2026-04-29 19:00:00,ZONA_NORTE,tarde,90.928,91.093,1.0018,0.85,0.18,🟢 NORMAL,142.925,51.632,"{'factor_calor_acumulado': 1.0, 'factor_eventos': 1.0, 'factor_fin_de_semana': 1.0, 'factor_franja_tarde': 1.02, 'factor_global': 1.0, 'factor_movilidad_ciudad': 1.0, 'factor_obras_construccion': 1.0, 'factor_zona_norte': 1.0}"
TOBO,20,2026-04-29 20:00:00,ZONA_NORTE,tarde,114.675,114.884,1.0018,0.85,0.18,🟢 NORMAL,174.687,63.106,"{'factor_calor_acumulado': 1.0, 'factor_eventos': 1.0, 'factor_fin_de_semana': 1.0, 'factor_franja_tarde': 1.02, 'factor_global': 1.0, 'factor_movilidad_ciudad': 1.0, 'factor_obras_construccion': 1.0, 'factor_zona_norte': 1.0}"
TOBO,21,2026-04-29 21:00:00,ZONA_NORTE,tarde,121.69,121.912,1.0018,0.85,0.18,🟢 NORMAL,190.567,68.843,"{'factor_calor_acumulado': 1.0, 'factor_eventos': 1.0, 'factor_fin_de_semana': 1.0, 'factor_franja_tarde': 1.02, 'factor_global': 1.0, 'factor_movilidad_ciudad': 1.0, 'factor_obras_construccion': 1.0, 'factor_zona_norte': 1.0}"
TOBO,22,2026-04-29 22:00:00,ZONA_NORTE,noche,89.202,89.314,1.0013,0.85,0.13,🟢 NORMAL,142.925,51.632,"{'factor_eventos': 1.0, 'factor_fin_de_semana': 1.0, 'factor_franja_noche': 1.02, 'factor_global': 1.0, 'factor_movilidad_ciudad': 1.0, 'factor_obras_construccion': 1.0, 'factor_zona_norte': 1.0}"
TOBO,23,2026-04-29 23:00:00,ZONA_NORTE,noche,69.257,69.345,1.0013,0.85,0.13,🟢 NORMAL,111.164,40.159,"{'factor_eventos': 1.0, 'factor_fin_de_semana': 1.0, 'factor_franja_noche': 1.02, 'factor_global': 1.0, 'factor_movilidad_ciudad': 1.0, 'factor_obras_construccion': 1.0, 'factor_zona_norte': 1.0}"
VALLONGA GLOBAL,0,2026-04-29 00:00:00,ZONA_NORTE,noche,26.461,26.495,1.0013,0.85,0.13,🟢 NORMAL,16.999,6.644,"{'factor_eventos': 1.0, 'factor_fin_de_semana': 1.0, 'factor_franja_noche': 1.02, 'factor_global': 1.0, 'factor_movilidad_ciudad': 1.0, 'factor_obras_construccion': 1.0, 'factor_zona_norte': 1.0}"
VALLONGA GLOBAL,1,2026-04-29 01:00:00,ZONA_NORTE,noche,25.29,25.322,1.0013,0.85,0.13,🟢 NORMAL,24.35,9.35,"{'factor_eventos': 1.0, 'factor_fin_de_semana': 1.0, 'factor_franja_noche': 1.02, 'factor_global': 1.0, 'factor_movilidad_ciudad': 1.0, 'factor_obras_construccion': 1.0, 'factor_zona_norte': 1.0}"
VALLONGA GLOBAL,2,2026-04-29 02:00:00,ZONA_NORTE,noche,25.29,25.322,1.0013,0.85,0.13,🟢 NORMAL,24.49,9.04,"{'factor_eventos': 1.0, 'factor_fin_de_semana': 1.0, 'factor_franja_noche': 1.02, 'factor_global': 1.0, 'factor_movilidad_ciudad': 1.0, 'factor_obras_construccion': 1.0, 'factor_zona_norte': 1.0}"
VALLONGA GLOBAL,3,2026-04-29 03:00:00,ZONA_NORTE,noche,17.162,17.183,1.0013,0.85,0.13,🟢 NORMAL,28.634,8.728,"{'factor_eventos': 1.0, 'factor_fin_de_semana': 1.0, 'factor_franja_noche': 1.02, 'factor_global': 1.0, 'factor_movilidad_ciudad': 1.0, 'factor_obras_construccion': 1.0, 'factor_zona_norte': 1.0}"
VALLONGA GLOBAL,4,2026-04-29 04:00:00,ZONA_NORTE,noche,25.29,25.322,1.0013,0.85,0.13,🟢 NORMAL,24.1,8.44,"{'factor_eventos': 1.0, 'factor_fin_de_semana': 1.0, 'factor_franja_noche': 1.02, 'factor_global': 1.0, 'factor_movilidad_ciudad': 1.0, 'factor_obras_construccion': 1.0, 'factor_zona_norte': 1.0}"
VALLONGA GLOBAL,5,2026-04-29 05:00:00,ZONA_NORTE,noche,29.543,29.58,1.0013,0.85,0.13,🟢 NORMAL,24.015,9.005,"{'factor_eventos': 1.0, 'factor_fin_de_semana': 1.0, 'factor_franja_noche': 1.02, 'factor_global': 1.0, 'factor_movilidad_ciudad': 1.0, 'factor_obras_construccion': 1.0, 'factor_zona_norte': 1.0}"
VALLONGA GLOBAL,6,2026-04-29 06:00:00,ZONA_NORTE,manana,29.543,29.543,1.0,0.85,0.0,🟢 NORMAL,23.45,8.159,"{'factor_eventos': 1.0, 'factor_fin_de_semana': 1.0, 'factor_franja_manana': 1.0, 'factor_global': 1.0, 'factor_movilidad_ciudad': 1.0, 'factor_obras_construccion': 1.0, 'factor_zona_norte': 1.0}"
VALLONGA GLOBAL,7,2026-04-29 07:00:00,ZONA_NORTE,manana,33.597,33.597,1.0,0.85,0.0,🟢 NORMAL,20.35,8.385,"{'factor_eventos': 1.0, 'factor_fin_de_semana': 1.0, 'factor_franja_manana': 1.0, 'factor_global': 1.0, 'factor_movilidad_ciudad': 1.0, 'factor_obras_construccion': 1.0, 'factor_zona_norte': 1.0}"
VALLONGA GLOBAL,8,2026-04-29 08:00:00,ZONA_NORTE,manana,29.543,29.543,1.0,0.85,0.0,🟢 NORMAL,22.94,9.22,"{'factor_eventos': 1.0, 'factor_fin_de_semana': 1.0, 'factor_franja_manana': 1.0, 'factor_global': 1.0, 'factor_movilidad_ciudad': 1.0, 'factor_obras_construccion': 1.0, 'factor_zona_norte': 1.0}"
VALLONGA GLOBAL,9,2026-04-29 09:00:00,ZONA_NORTE,manana,33.597,33.597,1.0,0.85,0.0,🟢 NORMAL,21.59,8.41,"{'factor_eventos': 1.0, 'factor_fin_de_semana': 1.0, 'factor_franja_manana': 1.0, 'factor_global': 1.0, 'factor_movilidad_ciudad': 1.0, 'factor_obras_construccion': 1.0, 'factor_zona_norte': 1.0}"
VALLONGA GLOBAL,10,2026-04-29 10:00:00,ZONA_NORTE,manana,0.1,0.1,1.0,0.85,0.0,🟢 NORMAL,23.15,9.66,"{'factor_eventos': 1.0, 'factor_fin_de_semana': 1.0, 'factor_franja_manana': 1.0, 'factor_global': 1.0, 'factor_movilidad_ciudad': 1.0, 'factor_obras_construccion': 1.0, 'factor_zona_norte': 1.0}"
VALLONGA GLOBAL,11,2026-04-29 11:00:00,ZONA_NORTE,manana,25.58,25.58,1.0,0.85,0.0,🟢 NORMAL,23.99,9.25,"{'factor_eventos': 1.0, 'factor_fin_de_semana': 1.0, 'factor_franja_manana': 1.0, 'factor_global': 1.0, 'factor_movilidad_ciudad': 1.0, 'factor_obras_construccion': 1.0, 'factor_zona_norte': 1.0}"
VALLONGA GLOBAL,12,2026-04-29 12:00:00,ZONA_NORTE,manana,21.424,21.424,1.0,0.85,0.0,🟢 NORMAL,26.09,9.6,"{'factor_eventos': 1.0, 'factor_fin_de_semana': 1.0, 'factor_franja_manana': 1.0, 'factor_global': 1.0, 'factor_movilidad_ciudad': 1.0, 'factor_obras_construccion': 1.0, 'factor_zona_norte': 1.0}"
VALLONGA GLOBAL,13,2026-04-29 13:00:00,ZONA_NORTE,manana,8.776,8.776,1.0,0.85,0.0,🟢 NORMAL,27.198,10.632,"{'factor_eventos': 1.0, 'factor_fin_de_semana': 1.0, 'factor_franja_manana': 1.0, 'factor_global': 1.0, 'factor_movilidad_ciudad': 1.0, 'factor_obras_construccion': 1.0, 'factor_zona_norte': 1.0}"
VALLONGA GLOBAL,14,2026-04-29 14:00:00,ZONA_NORTE,tarde,2.202,2.206,1.0018,0.85,0.18,🟢 NORMAL,33.998,13.289,"{'factor_calor_acumulado': 1.0, 'factor_eventos': 1.0, 'factor_fin_de_semana': 1.0, 'factor_franja_tarde': 1.02, 'factor_global': 1.0, 'factor_movilidad_ciudad': 1.0, 'factor_obras_construccion': 1.0, 'factor_zona_norte': 1.0}"
VALLONGA GLOBAL,15,2026-04-29 15:00:00,ZONA_NORTE,tarde,12.036,12.058,1.0018,0.85,0.18,🟢 NORMAL,30.598,11.96,"{'factor_calor_acumulado': 1.0, 'factor_eventos': 1.0, 'factor_fin_de_semana': 1.0, 'factor_franja_tarde': 1.02, 'factor_global': 1.0, 'factor_movilidad_ciudad': 1.0, 'factor_obras_construccion': 1.0, 'factor_zona_norte': 1.0}"
VALLONGA GLOBAL,16,2026-04-29 16:00:00,ZONA_NORTE,tarde,23.08,23.122,1.0018,0.85,0.18,🟢 NORMAL,23.798,9.302,"{'factor_calor_acumulado': 1.0, 'factor_eventos': 1.0, 'factor_fin_de_semana': 1.0, 'factor_franja_tarde': 1.02, 'factor_global': 1.0, 'factor_movilidad_ciudad': 1.0, 'factor_obras_construccion': 1.0, 'factor_zona_norte': 1.0}"
VALLONGA GLOBAL,17,2026-04-29 17:00:00,ZONA_NORTE,tarde,27.805,27.856,1.0018,0.85,0.18,🟢 NORMAL,20.399,7.974,"{'factor_calor_acumulado': 1.0, 'factor_eventos': 1.0, 'factor_fin_de_semana': 1.0, 'factor_franja_tarde': 1.02, 'factor_global': 1.0, 'factor_movilidad_ciudad': 1.0, 'factor_obras_construccion': 1.0, 'factor_zona_norte': 1.0}"
VALLONGA GLOBAL,18,2026-04-29 18:00:00,ZONA_NORTE,tarde,23.08,23.122,1.0018,0.85,0.18,🟢 NORMAL,23.798,9.302,"{'factor_calor_acumulado': 1.0, 'factor_eventos': 1.0, 'factor_fin_de_semana': 1.0, 'factor_franja_tarde': 1.02, 'factor_global': 1.0, 'factor_movilidad_ciudad': 1.0, 'factor_obras_construccion': 1.0, 'factor_zona_norte': 1.0}"
VALLONGA GLOBAL,19,2026-04-29 19:00:00,ZONA_NORTE,tarde,12.036,12.058,1.0018,0.85,0.18,🟢 NORMAL,30.598,11.96,"{'factor_calor_acumulado': 1.0, 'factor_eventos': 1.0, 'factor_fin_de_semana': 1.0, 'factor_franja_tarde': 1.02, 'factor_global': 1.0, 'factor_movilidad_ciudad': 1.0, 'factor_obras_construccion': 1.0, 'factor_zona_norte': 1.0}"
VALLONGA GLOBAL,20,2026-04-29 20:00:00,ZONA_NORTE,tarde,28.848,28.901,1.0018,0.85,0.18,🟢 NORMAL,37.398,14.618,"{'factor_calor_acumulado': 1.0, 'factor_eventos': 1.0, 'factor_fin_de_semana': 1.0, 'factor_franja_tarde': 1.02, 'factor_global': 1.0, 'factor_movilidad_ciudad': 1.0, 'factor_obras_construccion': 1.0, 'factor_zona_norte': 1.0}"
VALLONGA GLOBAL,21,2026-04-29 21:00:00,ZONA_NORTE,tarde,0.1,0.1,1.0018,0.85,0.18,🟢 NORMAL,40.797,15.947,"{'factor_calor_acumulado': 1.0, 'factor_eventos': 1.0, 'factor_fin_de_semana': 1.0, 'factor_franja_tarde': 1.02, 'factor_global': 1.0, 'factor_movilidad_ciudad': 1.0, 'factor_obras_construccion': 1.0, 'factor_zona_norte': 1.0}"
VALLONGA GLOBAL,22,2026-04-29 22:00:00,ZONA_NORTE,noche,11.529,11.544,1.0013,0.85,0.13,🟢 NORMAL,30.598,11.96,"{'factor_eventos': 1.0, 'factor_fin_de_semana': 1.0, 'factor_franja_noche': 1.02, 'factor_global': 1.0, 'factor_movilidad_ciudad': 1.0, 'factor_obras_construccion': 1.0, 'factor_zona_norte': 1.0}"
VALLONGA GLOBAL,23,2026-04-29 23:00:00,ZONA_NORTE,noche,22.573,22.601,1.0013,0.85,0.13,🟢 NORMAL,23.798,9.302,"{'factor_eventos': 1.0, 'factor_fin_de_semana': 1.0, 'factor_franja_noche': 1.02, 'factor_global': 1.0, 'factor_movilidad_ciudad': 1.0, 'factor_obras_construccion': 1.0, 'factor_zona_norte': 1.0}"
VALLONGA-TOLON DL,0,2026-04-29 00:00:00,ZONA_NORTE,noche,26.461,26.495,1.0013,0.85,0.13,🟢 NORMAL,16.999,6.644,"{'factor_eventos': 1.0, 'factor_fin_de_semana': 1.0, 'factor_franja_noche': 1.02, 'factor_global': 1.0, 'factor_movilidad_ciudad': 1.0, 'factor_obras_construccion': 1.0, 'factor_zona_norte': 1.0}"
VALLONGA-TOLON DL,1,2026-04-29 01:00:00,ZONA_NORTE,noche,25.29,25.322,1.0013,0.85,0.13,🟢 NORMAL,24.35,9.35,"{'factor_eventos': 1.0, 'factor_fin_de_semana': 1.0, 'factor_franja_noche': 1.02, 'factor_global': 1.0, 'factor_movilidad_ciudad': 1.0, 'factor_obras_construccion': 1.0, 'factor_zona_norte': 1.0}"
VALLONGA-TOLON DL,2,2026-04-29 02:00:00,ZONA_NORTE,noche,25.29,25.322,1.0013,0.85,0.13,🟢 NORMAL,24.49,9.04,"{'factor_eventos': 1.0, 'factor_fin_de_semana': 1.0, 'factor_franja_noche': 1.02, 'factor_global': 1.0, 'factor_movilidad_ciudad': 1.0, 'factor_obras_construccion': 1.0, 'factor_zona_norte': 1.0}"
VALLONGA-TOLON DL,3,2026-04-29 03:00:00,ZONA_NORTE,noche,17.162,17.183,1.0013,0.85,0.13,🟢 NORMAL,28.634,8.728,"{'factor_eventos': 1.0, 'factor_fin_de_semana': 1.0, 'factor_franja_noche': 1.02, 'factor_global': 1.0, 'factor_movilidad_ciudad': 1.0, 'factor_obras_construccion': 1.0, 'factor_zona_norte': 1.0}"
VALLONGA-TOLON DL,4,2026-04-29 04:00:00,ZONA_NORTE,noche,25.29,25.322,1.0013,0.85,0.13,🟢 NORMAL,24.1,8.44,"{'factor_eventos': 1.0, 'factor_fin_de_semana': 1.0, 'factor_franja_noche': 1.02, 'factor_global': 1.0, 'factor_movilidad_ciudad': 1.0, 'factor_obras_construccion': 1.0, 'factor_zona_norte': 1.0}"
VALLONGA-TOLON DL,5,2026-04-29 05:00:00,ZONA_NORTE,noche,29.543,29.58,1.0013,0.85,0.13,🟢 NORMAL,24.015,9.005,"{'factor_eventos': 1.0, 'factor_fin_de_semana': 1.0, 'factor_franja_noche': 1.02, 'factor_global': 1.0, 'factor_movilidad_ciudad': 1.0, 'factor_obras_construccion': 1.0, 'factor_zona_norte': 1.0}"
VALLONGA-TOLON DL,6,2026-04-29 06:00:00,ZONA_NORTE,manana,29.543,29.543,1.0,0.85,0.0,🟢 NORMAL,23.45,8.159,"{'factor_eventos': 1.0, 'factor_fin_de_semana': 1.0, 'factor_franja_manana': 1.0, 'factor_global': 1.0, 'factor_movilidad_ciudad': 1.0, 'factor_obras_construccion': 1.0, 'factor_zona_norte': 1.0}"
VALLONGA-TOLON DL,7,2026-04-29 07:00:00,ZONA_NORTE,manana,33.597,33.597,1.0,0.85,0.0,🟢 NORMAL,20.35,8.385,"{'factor_eventos': 1.0, 'factor_fin_de_semana': 1.0, 'factor_franja_manana': 1.0, 'factor_global': 1.0, 'factor_movilidad_ciudad': 1.0, 'factor_obras_construccion': 1.0, 'factor_zona_norte': 1.0}"
VALLONGA-TOLON DL,8,2026-04-29 08:00:00,ZONA_NORTE,manana,29.543,29.543,1.0,0.85,0.0,🟢 NORMAL,22.94,9.22,"{'factor_eventos': 1.0, 'factor_fin_de_semana': 1.0, 'factor_franja_manana': 1.0, 'factor_global': 1.0, 'factor_movilidad_ciudad': 1.0, 'factor_obras_construccion': 1.0, 'factor_zona_norte': 1.0}"
VALLONGA-TOLON DL,9,2026-04-29 09:00:00,ZONA_NORTE,manana,33.597,33.597,1.0,0.85,0.0,🟢 NORMAL,21.59,8.41,"{'factor_eventos': 1.0, 'factor_fin_de_semana': 1.0, 'factor_franja_manana': 1.0, 'factor_global': 1.0, 'factor_movilidad_ciudad': 1.0, 'factor_obras_construccion': 1.0, 'factor_zona_norte': 1.0}"
VALLONGA-TOLON DL,10,2026-04-29 10:00:00,ZONA_NORTE,manana,0.1,0.1,1.0,0.85,0.0,🟢 NORMAL,23.15,9.66,"{'factor_eventos': 1.0, 'factor_fin_de_semana': 1.0, 'factor_franja_manana': 1.0, 'factor_global': 1.0, 'factor_movilidad_ciudad': 1.0, 'factor_obras_construccion': 1.0, 'factor_zona_norte': 1.0}"
VALLONGA-TOLON DL,11,2026-04-29 11:00:00,ZONA_NORTE,manana,25.58,25.58,1.0,0.85,0.0,🟢 NORMAL,23.99,9.25,"{'factor_eventos': 1.0, 'factor_fin_de_semana': 1.0, 'factor_franja_manana': 1.0, 'factor_global': 1.0, 'factor_movilidad_ciudad': 1.0, 'factor_obras_construccion': 1.0, 'factor_zona_norte': 1.0}"
VALLONGA-TOLON DL,12,2026-04-29 12:00:00,ZONA_NORTE,manana,21.424,21.424,1.0,0.85,0.0,🟢 NORMAL,26.09,9.6,"{'factor_eventos': 1.0, 'factor_fin_de_semana': 1.0, 'factor_franja_manana': 1.0, 'factor_global': 1.0, 'factor_movilidad_ciudad': 1.0, 'factor_obras_construccion': 1.0, 'factor_zona_norte': 1.0}"
VALLONGA-TOLON DL,13,2026-04-29 13:00:00,ZONA_NORTE,manana,8.776,8.776,1.0,0.85,0.0,🟢 NORMAL,27.198,10.632,"{'factor_eventos': 1.0, 'factor_fin_de_semana': 1.0, 'factor_franja_manana': 1.0, 'factor_global': 1.0, 'factor_movilidad_ciudad': 1.0, 'factor_obras_construccion': 1.0, 'factor_zona_norte': 1.0}"
VALLONGA-TOLON DL,14,2026-04-29 14:00:00,ZONA_NORTE,tarde,2.202,2.206,1.0018,0.85,0.18,🟢 NORMAL,33.998,13.289,"{'factor_calor_acumulado': 1.0, 'factor_eventos': 1.0, 'factor_fin_de_semana': 1.0, 'factor_franja_tarde': 1.02, 'factor_global': 1.0, 'factor_movilidad_ciudad': 1.0, 'factor_obras_construccion': 1.0, 'factor_zona_norte': 1.0}"
VALLONGA-TOLON DL,15,2026-04-29 15:00:00,ZONA_NORTE,tarde,12.036,12.058,1.0018,0.85,0.18,🟢 NORMAL,30.598,11.96,"{'factor_calor_acumulado': 1.0, 'factor_eventos': 1.0, 'factor_fin_de_semana': 1.0, 'factor_franja_tarde': 1.02, 'factor_global': 1.0, 'factor_movilidad_ciudad': 1.0, 'factor_obras_construccion': 1.0, 'factor_zona_norte': 1.0}"
VALLONGA-TOLON DL,16,2026-04-29 16:00:00,ZONA_NORTE,tarde,23.08,23.122,1.0018,0.85,0.18,🟢 NORMAL,23.798,9.302,"{'factor_calor_acumulado': 1.0, 'factor_eventos': 1.0, 'factor_fin_de_semana': 1.0, 'factor_franja_tarde': 1.02, 'factor_global': 1.0, 'factor_movilidad_ciudad': 1.0, 'factor_obras_construccion': 1.0, 'factor_zona_norte': 1.0}"
VALLONGA-TOLON DL,17,2026-04-29 17:00:00,ZONA_NORTE,tarde,27.805,27.856,1.0018,0.85,0.18,🟢 NORMAL,20.399,7.974,"{'factor_calor_acumulado': 1.0, 'factor_eventos': 1.0, 'factor_fin_de_semana': 1.0, 'factor_franja_tarde': 1.02, 'factor_global': 1.0, 'factor_movilidad_ciudad': 1.0, 'factor_obras_construccion': 1.0, 'factor_zona_norte': 1.0}"
VALLONGA-TOLON DL,18,2026-04-29 18:00:00,ZONA_NORTE,tarde,23.08,23.122,1.0018,0.85,0.18,🟢 NORMAL,23.798,9.302,"{'factor_calor_acumulado': 1.0, 'factor_eventos': 1.0, 'factor_fin_de_semana': 1.0, 'factor_franja_tarde': 1.02, 'factor_global': 1.0, 'factor_movilidad_ciudad': 1.0, 'factor_obras_construccion': 1.0, 'factor_zona_norte': 1.0}"
VALLONGA-TOLON DL,19,2026-04-29 19:00:00,ZONA_NORTE,tarde,12.036,12.058,1.0018,0.85,0.18,🟢 NORMAL,30.598,11.96,"{'factor_calor_acumulado': 1.0, 'factor_eventos': 1.0, 'factor_fin_de_semana': 1.0, 'factor_franja_tarde': 1.02, 'factor_global': 1.0, 'factor_movilidad_ciudad': 1.0, 'factor_obras_construccion': 1.0, 'factor_zona_norte': 1.0}"
VALLONGA-TOLON DL,20,2026-04-29 20:00:00,ZONA_NORTE,tarde,28.848,28.901,1.0018,0.85,0.18,🟢 NORMAL,37.398,14.618,"{'factor_calor_acumulado': 1.0, 'factor_eventos': 1.0, 'factor_fin_de_semana': 1.0, 'factor_franja_tarde': 1.02, 'factor_global': 1.0, 'factor_movilidad_ciudad': 1.0, 'factor_obras_construccion': 1.0, 'factor_zona_norte': 1.0}"
VALLONGA-TOLON DL,21,2026-04-29 21:00:00,ZONA_NORTE,tarde,0.1,0.1,1.0018,0.85,0.18,🟢 NORMAL,40.797,15.947,"{'factor_calor_acumulado': 1.0, 'factor_eventos': 1.0, 'factor_fin_de_semana': 1.0, 'factor_franja_tarde': 1.02, 'factor_global': 1.0, 'factor_movilidad_ciudad': 1.0, 'factor_obras_construccion': 1.0, 'factor_zona_norte': 1.0}"
VALLONGA-TOLON DL,22,2026-04-29 22:00:00,ZONA_NORTE,noche,11.529,11.544,1.0013,0.85,0.13,🟢 NORMAL,30.598,11.96,"{'factor_eventos': 1.0, 'factor_fin_de_semana': 1.0, 'factor_franja_noche': 1.02, 'factor_global': 1.0, 'factor_movilidad_ciudad': 1.0, 'factor_obras_construccion': 1.0, 'factor_zona_norte': 1.0}"
VALLONGA-TOLON DL,23,2026-04-29 23:00:00,ZONA_NORTE,noche,22.573,22.601,1.0013,0.85,0.13,🟢 NORMAL,23.798,9.302,"{'factor_eventos': 1.0, 'factor_fin_de_semana': 1.0, 'factor_franja_noche': 1.02, 'factor_global': 1.0, 'factor_movilidad_ciudad': 1.0, 'factor_obras_construccion': 1.0, 'factor_zona_norte': 1.0}"
VILLAFRANQUEZA,0,2026-04-29 00:00:00,ZONA_NORTE,noche,51.386,51.45,1.0013,0.85,0.13,🟢 NORMAL,29.879,14.7,"{'factor_eventos': 1.0, 'factor_fin_de_semana': 1.0, 'factor_franja_noche': 1.02, 'factor_global': 1.0, 'factor_movilidad_ciudad': 1.0, 'factor_obras_construccion': 1.0, 'factor_zona_norte': 1.0}"
VILLAFRANQUEZA,1,2026-04-29 01:00:00,ZONA_NORTE,noche,16.981,17.003,1.0013,0.85,0.13,🟢 NORMAL,31.621,20.71,"{'factor_eventos': 1.0, 'factor_fin_de_semana': 1.0, 'factor_franja_noche': 1.02, 'factor_global': 1.0, 'factor_movilidad_ciudad': 1.0, 'factor_obras_construccion': 1.0, 'factor_zona_norte': 1.0}"
VILLAFRANQUEZA,2,2026-04-29 02:00:00,ZONA_NORTE,noche,15.164,15.184,1.0013,0.85,0.13,🟢 NORMAL,28.111,20.788,"{'factor_eventos': 1.0, 'factor_fin_de_semana': 1.0, 'factor_franja_noche': 1.02, 'factor_global': 1.0, 'factor_movilidad_ciudad': 1.0, 'factor_obras_construccion': 1.0, 'factor_zona_norte': 1.0}"
VILLAFRANQUEZA,3,2026-04-29 03:00:00,ZONA_NORTE,noche,18.55,18.573,1.0013,0.85,0.13,🟢 NORMAL,26.432,21.169,"{'factor_eventos': 1.0, 'factor_fin_de_semana': 1.0, 'factor_franja_noche': 1.02, 'factor_global': 1.0, 'factor_movilidad_ciudad': 1.0, 'factor_obras_construccion': 1.0, 'factor_zona_norte': 1.0}"
VILLAFRANQUEZA,4,2026-04-29 04:00:00,ZONA_NORTE,noche,17.869,17.891,1.0013,0.85,0.13,🟢 NORMAL,25.936,19.677,"{'factor_eventos': 1.0, 'factor_fin_de_semana': 1.0, 'factor_franja_noche': 1.02, 'factor_global': 1.0, 'factor_movilidad_ciudad': 1.0, 'factor_obras_construccion': 1.0, 'factor_zona_norte': 1.0}"
VILLAFRANQUEZA,5,2026-04-29 05:00:00,ZONA_NORTE,noche,13.471,13.488,1.0013,0.85,0.13,🟢 NORMAL,25.998,17.604,"{'factor_eventos': 1.0, 'factor_fin_de_semana': 1.0, 'factor_franja_noche': 1.02, 'factor_global': 1.0, 'factor_movilidad_ciudad': 1.0, 'factor_obras_construccion': 1.0, 'factor_zona_norte': 1.0}"
VILLAFRANQUEZA,6,2026-04-29 06:00:00,ZONA_NORTE,manana,13.457,13.457,1.0,0.85,0.0,🟢 NORMAL,27.42,18.988,"{'factor_eventos': 1.0, 'factor_fin_de_semana': 1.0, 'factor_franja_manana': 1.0, 'factor_global': 1.0, 'factor_movilidad_ciudad': 1.0, 'factor_obras_construccion': 1.0, 'factor_zona_norte': 1.0}"
VILLAFRANQUEZA,7,2026-04-29 07:00:00,ZONA_NORTE,manana,0.1,0.1,1.0,0.85,0.0,🟢 NORMAL,31.147,22.484,"{'factor_eventos': 1.0, 'factor_fin_de_semana': 1.0, 'factor_franja_manana': 1.0, 'factor_global': 1.0, 'factor_movilidad_ciudad': 1.0, 'factor_obras_construccion': 1.0, 'factor_zona_norte': 1.0}"
VILLAFRANQUEZA,8,2026-04-29 08:00:00,ZONA_NORTE,manana,26.579,26.579,1.0,0.85,0.0,🟢 NORMAL,37.05,25.918,"{'factor_eventos': 1.0, 'factor_fin_de_semana': 1.0, 'factor_franja_manana': 1.0, 'factor_global': 1.0, 'factor_movilidad_ciudad': 1.0, 'factor_obras_construccion': 1.0, 'factor_zona_norte': 1.0}"
VILLAFRANQUEZA,9,2026-04-29 09:00:00,ZONA_NORTE,manana,29.434,29.434,1.0,0.85,0.0,🟢 NORMAL,40.518,29.623,"{'factor_eventos': 1.0, 'factor_fin_de_semana': 1.0, 'factor_franja_manana': 1.0, 'factor_global': 1.0, 'factor_movilidad_ciudad': 1.0, 'factor_obras_construccion': 1.0, 'factor_zona_norte': 1.0}"
VILLAFRANQUEZA,10,2026-04-29 10:00:00,ZONA_NORTE,manana,0.1,0.1,1.0,0.85,0.0,🟢 NORMAL,40.441,28.868,"{'factor_eventos': 1.0, 'factor_fin_de_semana': 1.0, 'factor_franja_manana': 1.0, 'factor_global': 1.0, 'factor_movilidad_ciudad': 1.0, 'factor_obras_construccion': 1.0, 'factor_zona_norte': 1.0}"
VILLAFRANQUEZA,11,2026-04-29 11:00:00,ZONA_NORTE,manana,34.379,34.379,1.0,0.85,0.0,🟢 NORMAL,36.553,26.489,"{'factor_eventos': 1.0, 'factor_fin_de_semana': 1.0, 'factor_franja_manana': 1.0, 'factor_global': 1.0, 'factor_movilidad_ciudad': 1.0, 'factor_obras_construccion': 1.0, 'factor_zona_norte': 1.0}"
VILLAFRANQUEZA,12,2026-04-29 12:00:00,ZONA_NORTE,manana,0.1,0.1,1.0,0.85,0.0,🟢 NORMAL,34.953,23.348,"{'factor_eventos': 1.0, 'factor_fin_de_semana': 1.0, 'factor_franja_manana': 1.0, 'factor_global': 1.0, 'factor_movilidad_ciudad': 1.0, 'factor_obras_construccion': 1.0, 'factor_zona_norte': 1.0}"
VILLAFRANQUEZA,13,2026-04-29 13:00:00,ZONA_NORTE,manana,28.709,28.709,1.0,0.85,0.0,🟢 NORMAL,47.807,23.52,"{'factor_eventos': 1.0, 'factor_fin_de_semana': 1.0, 'factor_franja_manana': 1.0, 'factor_global': 1.0, 'factor_movilidad_ciudad': 1.0, 'factor_obras_construccion': 1.0, 'factor_zona_norte': 1.0}"
VILLAFRANQUEZA,14,2026-04-29 14:00:00,ZONA_NORTE,tarde,50.851,50.944,1.0018,0.85,0.18,🟢 NORMAL,59.759,29.4,"{'factor_calor_acumulado': 1.0, 'factor_eventos': 1.0, 'factor_fin_de_semana': 1.0, 'factor_franja_tarde': 1.02, 'factor_global': 1.0, 'factor_movilidad_ciudad': 1.0, 'factor_obras_construccion': 1.0, 'factor_zona_norte': 1.0}"
VILLAFRANQUEZA,15,2026-04-29 15:00:00,ZONA_NORTE,tarde,45.77,45.854,1.0018,0.85,0.18,🟢 NORMAL,53.783,26.46,"{'factor_calor_acumulado': 1.0, 'factor_eventos': 1.0, 'factor_fin_de_semana': 1.0, 'factor_franja_tarde': 1.02, 'factor_global': 1.0, 'factor_movilidad_ciudad': 1.0, 'factor_obras_construccion': 1.0, 'factor_zona_norte': 1.0}"
VILLAFRANQUEZA,16,2026-04-29 16:00:00,ZONA_NORTE,tarde,28.441,28.493,1.0018,0.85,0.18,🟢 NORMAL,41.831,20.579,"{'factor_calor_acumulado': 1.0, 'factor_eventos': 1.0, 'factor_fin_de_semana': 1.0, 'factor_franja_tarde': 1.02, 'factor_global': 1.0, 'factor_movilidad_ciudad': 1.0, 'factor_obras_construccion': 1.0, 'factor_zona_norte': 1.0}"
VILLAFRANQUEZA,17,2026-04-29 17:00:00,ZONA_NORTE,tarde,3.984,3.991,1.0018,0.85,0.18,🟢 NORMAL,35.855,17.639,"{'factor_calor_acumulado': 1.0, 'factor_eventos': 1.0, 'factor_fin_de_semana': 1.0, 'factor_franja_tarde': 1.02, 'factor_global': 1.0, 'factor_movilidad_ciudad': 1.0, 'factor_obras_construccion': 1.0, 'factor_zona_norte': 1.0}"
VILLAFRANQUEZA,18,2026-04-29 18:00:00,ZONA_NORTE,tarde,28.441,28.493,1.0018,0.85,0.18,🟢 NORMAL,41.831,20.579,"{'factor_calor_acumulado': 1.0, 'factor_eventos': 1.0, 'factor_fin_de_semana': 1.0, 'factor_franja_tarde': 1.02, 'factor_global': 1.0, 'factor_movilidad_ciudad': 1.0, 'factor_obras_construccion': 1.0, 'factor_zona_norte': 1.0}"
VILLAFRANQUEZA,19,2026-04-29 19:00:00,ZONA_NORTE,tarde,45.77,45.854,1.0018,0.85,0.18,🟢 NORMAL,53.783,26.46,"{'factor_calor_acumulado': 1.0, 'factor_eventos': 1.0, 'factor_fin_de_semana': 1.0, 'factor_franja_tarde': 1.02, 'factor_global': 1.0, 'factor_movilidad_ciudad': 1.0, 'factor_obras_construccion': 1.0, 'factor_zona_norte': 1.0}"
VILLAFRANQUEZA,20,2026-04-29 20:00:00,ZONA_NORTE,tarde,54.527,54.626,1.0018,0.85,0.18,🟢 NORMAL,65.735,32.339,"{'factor_calor_acumulado': 1.0, 'factor_eventos': 1.0, 'factor_fin_de_semana': 1.0, 'factor_franja_tarde': 1.02, 'factor_global': 1.0, 'factor_movilidad_ciudad': 1.0, 'factor_obras_construccion': 1.0, 'factor_zona_norte': 1.0}"
VILLAFRANQUEZA,21,2026-04-29 21:00:00,ZONA_NORTE,tarde,57.404,57.508,1.0018,0.85,0.18,🟢 NORMAL,71.71,35.279,"{'factor_calor_acumulado': 1.0, 'factor_eventos': 1.0, 'factor_fin_de_semana': 1.0, 'factor_franja_tarde': 1.02, 'factor_global': 1.0, 'factor_movilidad_ciudad': 1.0, 'factor_obras_construccion': 1.0, 'factor_zona_norte': 1.0}"
VILLAFRANQUEZA,22,2026-04-29 22:00:00,ZONA_NORTE,noche,44.758,44.815,1.0013,0.85,0.13,🟢 NORMAL,53.783,26.46,"{'factor_eventos': 1.0, 'factor_fin_de_semana': 1.0, 'factor_franja_noche': 1.02, 'factor_global': 1.0, 'factor_movilidad_ciudad': 1.0, 'factor_obras_construccion': 1.0, 'factor_zona_norte': 1.0}"
VILLAFRANQUEZA,23,2026-04-29 23:00:00,ZONA_NORTE,noche,0.1,0.1,1.0013,0.85,0.13,🟢 NORMAL,41.831,20.579,"{'factor_eventos': 1.0, 'factor_fin_de_semana': 1.0, 'factor_franja_noche': 1.02, 'factor_global': 1.0, 'factor_movilidad_ciudad': 1.0, 'factor_obras_construccion': 1.0, 'factor_zona_norte': 1.0}"
VIRGEN DEL CARMEN 1000 Viv,0,2026-04-29 00:00:00,ZONA_NORTE,noche,49.03,49.092,1.0013,0.85,0.13,🟢 NORMAL,35.11,30.288,"{'factor_eventos': 1.0, 'factor_fin_de_semana': 1.0, 'factor_franja_noche': 1.02, 'factor_global': 1.0, 'factor_movilidad_ciudad': 1.0, 'factor_obras_construccion': 1.0, 'factor_zona_norte': 1.0}"
VIRGEN DEL CARMEN 1000 Viv,1,2026-04-29 01:00:00,ZONA_NORTE,noche,53.576,53.644,1.0013,0.85,0.13,🟢 NORMAL,50.612,39.248,"{'factor_eventos': 1.0, 'factor_fin_de_semana': 1.0, 'factor_franja_noche': 1.02, 'factor_global': 1.0, 'factor_movilidad_ciudad': 1.0, 'factor_obras_construccion': 1.0, 'factor_zona_norte': 1.0}"
VIRGEN DEL CARMEN 1000 Viv,2,2026-04-29 02:00:00,ZONA_NORTE,noche,51.803,51.868,1.0013,0.85,0.13,🟢 NORMAL,47.908,37.138,"{'factor_eventos': 1.0, 'factor_fin_de_semana': 1.0, 'factor_franja_noche': 1.02, 'factor_global': 1.0, 'factor_movilidad_ciudad': 1.0, 'factor_obras_construccion': 1.0, 'factor_zona_norte': 1.0}"
VIRGEN DEL CARMEN 1000 Viv,3,2026-04-29 03:00:00,ZONA_NORTE,noche,50.417,50.481,1.0013,0.85,0.13,🟢 NORMAL,45.017,37.236,"{'factor_eventos': 1.0, 'factor_fin_de_semana': 1.0, 'factor_franja_noche': 1.02, 'factor_global': 1.0, 'factor_movilidad_ciudad': 1.0, 'factor_obras_construccion': 1.0, 'factor_zona_norte': 1.0}"
VIRGEN DEL CARMEN 1000 Viv,4,2026-04-29 04:00:00,ZONA_NORTE,noche,46.958,47.017,1.0013,0.85,0.13,🟢 NORMAL,42.9,35.282,"{'factor_eventos': 1.0, 'factor_fin_de_semana': 1.0, 'factor_franja_noche': 1.02, 'factor_global': 1.0, 'factor_movilidad_ciudad': 1.0, 'factor_obras_construccion': 1.0, 'factor_zona_norte': 1.0}"
VIRGEN DEL CARMEN 1000 Viv,5,2026-04-29 05:00:00,ZONA_NORTE,noche,44.009,44.064,1.0013,0.85,0.13,🟢 NORMAL,40.044,33.653,"{'factor_eventos': 1.0, 'factor_fin_de_semana': 1.0, 'factor_franja_noche': 1.02, 'factor_global': 1.0, 'factor_movilidad_ciudad': 1.0, 'factor_obras_construccion': 1.0, 'factor_zona_norte': 1.0}"
VIRGEN DEL CARMEN 1000 Viv,6,2026-04-29 06:00:00,ZONA_NORTE,manana,50.584,50.584,1.0,0.85,0.0,🟢 NORMAL,46.98,35.502,"{'factor_eventos': 1.0, 'factor_fin_de_semana': 1.0, 'factor_franja_manana': 1.0, 'factor_global': 1.0, 'factor_movilidad_ciudad': 1.0, 'factor_obras_construccion': 1.0, 'factor_zona_norte': 1.0}"
VIRGEN DEL CARMEN 1000 Viv,7,2026-04-29 07:00:00,ZONA_NORTE,manana,53.743,53.743,1.0,0.85,0.0,🟢 NORMAL,50.35,38.285,"{'factor_eventos': 1.0, 'factor_fin_de_semana': 1.0, 'factor_franja_manana': 1.0, 'factor_global': 1.0, 'factor_movilidad_ciudad': 1.0, 'factor_obras_construccion': 1.0, 'factor_zona_norte': 1.0}"
VIRGEN DEL CARMEN 1000 Viv,8,2026-04-29 08:00:00,ZONA_NORTE,manana,55.192,55.192,1.0,0.85,0.0,🟢 NORMAL,52.086,40.415,"{'factor_eventos': 1.0, 'factor_fin_de_semana': 1.0, 'factor_franja_manana': 1.0, 'factor_global': 1.0, 'factor_movilidad_ciudad': 1.0, 'factor_obras_construccion': 1.0, 'factor_zona_norte': 1.0}"
VIRGEN DEL CARMEN 1000 Viv,9,2026-04-29 09:00:00,ZONA_NORTE,manana,58.275,58.275,1.0,0.85,0.0,🟢 NORMAL,54.389,45.532,"{'factor_eventos': 1.0, 'factor_fin_de_semana': 1.0, 'factor_franja_manana': 1.0, 'factor_global': 1.0, 'factor_movilidad_ciudad': 1.0, 'factor_obras_construccion': 1.0, 'factor_zona_norte': 1.0}"
VIRGEN DEL CARMEN 1000 Viv,10,2026-04-29 10:00:00,ZONA_NORTE,manana,9.84,9.84,1.0,0.85,0.0,🟢 NORMAL,54.833,48.641,"{'factor_eventos': 1.0, 'factor_fin_de_semana': 1.0, 'factor_franja_manana': 1.0, 'factor_global': 1.0, 'factor_movilidad_ciudad': 1.0, 'factor_obras_construccion': 1.0, 'factor_zona_norte': 1.0}"
VIRGEN DEL CARMEN 1000 Viv,11,2026-04-29 11:00:00,ZONA_NORTE,manana,56.869,56.869,1.0,0.85,0.0,🟢 NORMAL,55.003,47.729,"{'factor_eventos': 1.0, 'factor_fin_de_semana': 1.0, 'factor_franja_manana': 1.0, 'factor_global': 1.0, 'factor_movilidad_ciudad': 1.0, 'factor_obras_construccion': 1.0, 'factor_zona_norte': 1.0}"
VIRGEN DEL CARMEN 1000 Viv,12,2026-04-29 12:00:00,ZONA_NORTE,manana,54.928,54.928,1.0,0.85,0.0,🟢 NORMAL,53.898,43.145,"{'factor_eventos': 1.0, 'factor_fin_de_semana': 1.0, 'factor_franja_manana': 1.0, 'factor_global': 1.0, 'factor_movilidad_ciudad': 1.0, 'factor_obras_construccion': 1.0, 'factor_zona_norte': 1.0}"
VIRGEN DEL CARMEN 1000 Viv,13,2026-04-29 13:00:00,ZONA_NORTE,manana,56.767,56.767,1.0,0.85,0.0,🟢 NORMAL,56.175,48.461,"{'factor_eventos': 1.0, 'factor_fin_de_semana': 1.0, 'factor_franja_manana': 1.0, 'factor_global': 1.0, 'factor_movilidad_ciudad': 1.0, 'factor_obras_construccion': 1.0, 'factor_zona_norte': 1.0}"
VIRGEN DEL CARMEN 1000 Viv,14,2026-04-29 14:00:00,ZONA_NORTE,tarde,66.821,66.943,1.0018,0.85,0.18,🟢 NORMAL,70.219,60.576,"{'factor_calor_acumulado': 1.0, 'factor_eventos': 1.0, 'factor_fin_de_semana': 1.0, 'factor_franja_tarde': 1.02, 'factor_global': 1.0, 'factor_movilidad_ciudad': 1.0, 'factor_obras_construccion': 1.0, 'factor_zona_norte': 1.0}"
VIRGEN DEL CARMEN 1000 Viv,15,2026-04-29 15:00:00,ZONA_NORTE,tarde,49.512,49.602,1.0018,0.85,0.18,🟢 NORMAL,63.197,54.518,"{'factor_calor_acumulado': 1.0, 'factor_eventos': 1.0, 'factor_fin_de_semana': 1.0, 'factor_franja_tarde': 1.02, 'factor_global': 1.0, 'factor_movilidad_ciudad': 1.0, 'factor_obras_construccion': 1.0, 'factor_zona_norte': 1.0}"
VIRGEN DEL CARMEN 1000 Viv,16,2026-04-29 16:00:00,ZONA_NORTE,tarde,51.198,51.292,1.0018,0.85,0.18,🟢 NORMAL,49.153,42.403,"{'factor_calor_acumulado': 1.0, 'factor_eventos': 1.0, 'factor_fin_de_semana': 1.0, 'factor_franja_tarde': 1.02, 'factor_global': 1.0, 'factor_movilidad_ciudad': 1.0, 'factor_obras_construccion': 1.0, 'factor_zona_norte': 1.0}"
VIRGEN DEL CARMEN 1000 Viv,17,2026-04-29 17:00:00,ZONA_NORTE,tarde,43.699,43.779,1.0018,0.85,0.18,🟢 NORMAL,42.131,36.345,"{'factor_calor_acumulado': 1.0, 'factor_eventos': 1.0, 'factor_fin_de_semana': 1.0, 'factor_franja_tarde': 1.02, 'factor_global': 1.0, 'factor_movilidad_ciudad': 1.0, 'factor_obras_construccion': 1.0, 'factor_zona_norte': 1.0}"
VIRGEN DEL CARMEN 1000 Viv,18,2026-04-29 18:00:00,ZONA_NORTE,tarde,51.198,51.292,1.0018,0.85,0.18,🟢 NORMAL,49.153,42.403,"{'factor_calor_acumulado': 1.0, 'factor_eventos': 1.0, 'factor_fin_de_semana': 1.0, 'factor_franja_tarde': 1.02, 'factor_global': 1.0, 'factor_movilidad_ciudad': 1.0, 'factor_obras_construccion': 1.0, 'factor_zona_norte': 1.0}"
VIRGEN DEL CARMEN 1000 Viv,19,2026-04-29 19:00:00,ZONA_NORTE,tarde,49.512,49.602,1.0018,0.85,0.18,🟢 NORMAL,63.197,54.518,"{'factor_calor_acumulado': 1.0, 'factor_eventos': 1.0, 'factor_fin_de_semana': 1.0, 'factor_franja_tarde': 1.02, 'factor_global': 1.0, 'factor_movilidad_ciudad': 1.0, 'factor_obras_construccion': 1.0, 'factor_zona_norte': 1.0}"
VIRGEN DEL CARMEN 1000 Viv,20,2026-04-29 20:00:00,ZONA_NORTE,tarde,72.038,72.169,1.0018,0.85,0.18,🟢 NORMAL,77.241,66.634,"{'factor_calor_acumulado': 1.0, 'factor_eventos': 1.0, 'factor_fin_de_semana': 1.0, 'factor_franja_tarde': 1.02, 'factor_global': 1.0, 'factor_movilidad_ciudad': 1.0, 'factor_obras_construccion': 1.0, 'factor_zona_norte': 1.0}"
VIRGEN DEL CARMEN 1000 Viv,21,2026-04-29 21:00:00,ZONA_NORTE,tarde,80.171,80.317,1.0018,0.85,0.18,🟢 NORMAL,84.263,72.691,"{'factor_calor_acumulado': 1.0, 'factor_eventos': 1.0, 'factor_fin_de_semana': 1.0, 'factor_franja_tarde': 1.02, 'factor_global': 1.0, 'factor_movilidad_ciudad': 1.0, 'factor_obras_construccion': 1.0, 'factor_zona_norte': 1.0}"
VIRGEN DEL CARMEN 1000 Viv,22,2026-04-29 22:00:00,ZONA_NORTE,noche,48.5,48.561,1.0013,0.85,0.13,🟢 NORMAL,63.197,54.518,"{'factor_eventos': 1.0, 'factor_fin_de_semana': 1.0, 'factor_franja_noche': 1.02, 'factor_global': 1.0, 'factor_movilidad_ciudad': 1.0, 'factor_obras_construccion': 1.0, 'factor_zona_norte': 1.0}"
VIRGEN DEL CARMEN 1000 Viv,23,2026-04-29 23:00:00,ZONA_NORTE,noche,50.186,50.25,1.0013,0.85,0.13,🟢 NORMAL,49.153,42.403,"{'factor_eventos': 1.0, 'factor_fin_de_semana': 1.0, 'factor_franja_noche': 1.02, 'factor_global': 1.0, 'factor_movilidad_ciudad': 1.0, 'factor_obras_construccion': 1.0, 'factor_zona_norte': 1.0}"
VIRGEN DEL REMEDIO,0,2026-04-29 00:00:00,ZONA_NORTE,noche,8.284,8.294,1.0013,0.85,0.13,🟢 NORMAL,29.905,21.855,"{'factor_eventos': 1.0, 'factor_fin_de_semana': 1.0, 'factor_franja_noche': 1.02, 'factor_global': 1.0, 'factor_movilidad_ciudad': 1.0, 'factor_obras_construccion': 1.0, 'factor_zona_norte': 1.0}"
VIRGEN DEL REMEDIO,1,2026-04-29 01:00:00,ZONA_NORTE,noche,67.832,67.917,1.0013,0.85,0.13,🟢 NORMAL,81.985,63.35,"{'factor_eventos': 1.0, 'factor_fin_de_semana': 1.0, 'factor_franja_noche': 1.02, 'factor_global': 1.0, 'factor_movilidad_ciudad': 1.0, 'factor_obras_construccion': 1.0, 'factor_zona_norte': 1.0}"
VIRGEN DEL REMEDIO,2,2026-04-29 02:00:00,ZONA_NORTE,noche,66.885,66.97,1.0013,0.85,0.13,🟢 NORMAL,78.7,60.615,"{'factor_eventos': 1.0, 'factor_fin_de_semana': 1.0, 'factor_franja_noche': 1.02, 'factor_global': 1.0, 'factor_movilidad_ciudad': 1.0, 'factor_obras_construccion': 1.0, 'factor_zona_norte': 1.0}"
VIRGEN DEL REMEDIO,3,2026-04-29 03:00:00,ZONA_NORTE,noche,64.224,64.305,1.0013,0.85,0.13,🟢 NORMAL,71.895,61.21,"{'factor_eventos': 1.0, 'factor_fin_de_semana': 1.0, 'factor_franja_noche': 1.02, 'factor_global': 1.0, 'factor_movilidad_ciudad': 1.0, 'factor_obras_construccion': 1.0, 'factor_zona_norte': 1.0}"
VIRGEN DEL REMEDIO,4,2026-04-29 04:00:00,ZONA_NORTE,noche,61.354,61.431,1.0013,0.85,0.13,🟢 NORMAL,68.038,57.138,"{'factor_eventos': 1.0, 'factor_fin_de_semana': 1.0, 'factor_franja_noche': 1.02, 'factor_global': 1.0, 'factor_movilidad_ciudad': 1.0, 'factor_obras_construccion': 1.0, 'factor_zona_norte': 1.0}"
VIRGEN DEL REMEDIO,5,2026-04-29 05:00:00,ZONA_NORTE,noche,62.283,62.361,1.0013,0.85,0.13,🟢 NORMAL,64.79,53.95,"{'factor_eventos': 1.0, 'factor_fin_de_semana': 1.0, 'factor_franja_noche': 1.02, 'factor_global': 1.0, 'factor_movilidad_ciudad': 1.0, 'factor_obras_construccion': 1.0, 'factor_zona_norte': 1.0}"
VIRGEN DEL REMEDIO,6,2026-04-29 06:00:00,ZONA_NORTE,manana,65.224,65.224,1.0,0.85,0.0,🟢 NORMAL,69.818,56.2,"{'factor_eventos': 1.0, 'factor_fin_de_semana': 1.0, 'factor_franja_manana': 1.0, 'factor_global': 1.0, 'factor_movilidad_ciudad': 1.0, 'factor_obras_construccion': 1.0, 'factor_zona_norte': 1.0}"
VIRGEN DEL REMEDIO,7,2026-04-29 07:00:00,ZONA_NORTE,manana,76.53,76.53,1.0,0.85,0.0,🟢 NORMAL,80.3,64.5,"{'factor_eventos': 1.0, 'factor_fin_de_semana': 1.0, 'factor_franja_manana': 1.0, 'factor_global': 1.0, 'factor_movilidad_ciudad': 1.0, 'factor_obras_construccion': 1.0, 'factor_zona_norte': 1.0}"
VIRGEN DEL REMEDIO,8,2026-04-29 08:00:00,ZONA_NORTE,manana,83.163,83.163,1.0,0.85,0.0,🟢 NORMAL,90.23,69.87,"{'factor_eventos': 1.0, 'factor_fin_de_semana': 1.0, 'factor_franja_manana': 1.0, 'factor_global': 1.0, 'factor_movilidad_ciudad': 1.0, 'factor_obras_construccion': 1.0, 'factor_zona_norte': 1.0}"
VIRGEN DEL REMEDIO,9,2026-04-29 09:00:00,ZONA_NORTE,manana,87.433,87.433,1.0,0.85,0.0,🟢 NORMAL,95.582,80.25,"{'factor_eventos': 1.0, 'factor_fin_de_semana': 1.0, 'factor_franja_manana': 1.0, 'factor_global': 1.0, 'factor_movilidad_ciudad': 1.0, 'factor_obras_construccion': 1.0, 'factor_zona_norte': 1.0}"
VIRGEN DEL REMEDIO,10,2026-04-29 10:00:00,ZONA_NORTE,manana,42.672,42.672,1.0,0.85,0.0,🟢 NORMAL,96.7,82.75,"{'factor_eventos': 1.0, 'factor_fin_de_semana': 1.0, 'factor_franja_manana': 1.0, 'factor_global': 1.0, 'factor_movilidad_ciudad': 1.0, 'factor_obras_construccion': 1.0, 'factor_zona_norte': 1.0}"
VIRGEN DEL REMEDIO,11,2026-04-29 11:00:00,ZONA_NORTE,manana,86.161,86.161,1.0,0.85,0.0,🟢 NORMAL,94.7,78.125,"{'factor_eventos': 1.0, 'factor_fin_de_semana': 1.0, 'factor_franja_manana': 1.0, 'factor_global': 1.0, 'factor_movilidad_ciudad': 1.0, 'factor_obras_construccion': 1.0, 'factor_zona_norte': 1.0}"
VIRGEN DEL REMEDIO,12,2026-04-29 12:00:00,ZONA_NORTE,manana,82.57,82.57,1.0,0.85,0.0,🟢 NORMAL,89.202,69.692,"{'factor_eventos': 1.0, 'factor_fin_de_semana': 1.0, 'factor_franja_manana': 1.0, 'factor_global': 1.0, 'factor_movilidad_ciudad': 1.0, 'factor_obras_construccion': 1.0, 'factor_zona_norte': 1.0}"
VIRGEN DEL REMEDIO,13,2026-04-29 13:00:00,ZONA_NORTE,manana,47.875,47.875,1.0,0.85,0.0,🟢 NORMAL,47.848,34.968,"{'factor_eventos': 1.0, 'factor_fin_de_semana': 1.0, 'factor_franja_manana': 1.0, 'factor_global': 1.0, 'factor_movilidad_ciudad': 1.0, 'factor_obras_construccion': 1.0, 'factor_zona_norte': 1.0}"
VIRGEN DEL REMEDIO,14,2026-04-29 14:00:00,ZONA_NORTE,tarde,55.966,56.068,1.0018,0.85,0.18,🟢 NORMAL,59.81,43.71,"{'factor_calor_acumulado': 1.0, 'factor_eventos': 1.0, 'factor_fin_de_semana': 1.0, 'factor_franja_tarde': 1.02, 'factor_global': 1.0, 'factor_movilidad_ciudad': 1.0, 'factor_obras_construccion': 1.0, 'factor_zona_norte': 1.0}"
VIRGEN DEL REMEDIO,15,2026-04-29 15:00:00,ZONA_NORTE,tarde,51.198,51.292,1.0018,0.85,0.18,🟢 NORMAL,53.83,39.339,"{'factor_calor_acumulado': 1.0, 'factor_eventos': 1.0, 'factor_fin_de_semana': 1.0, 'factor_franja_tarde': 1.02, 'factor_global': 1.0, 'factor_movilidad_ciudad': 1.0, 'factor_obras_construccion': 1.0, 'factor_zona_norte': 1.0}"
VIRGEN DEL REMEDIO,16,2026-04-29 16:00:00,ZONA_NORTE,tarde,26.765,26.814,1.0018,0.85,0.18,🟢 NORMAL,41.867,30.597,"{'factor_calor_acumulado': 1.0, 'factor_eventos': 1.0, 'factor_fin_de_semana': 1.0, 'factor_franja_tarde': 1.02, 'factor_global': 1.0, 'factor_movilidad_ciudad': 1.0, 'factor_obras_construccion': 1.0, 'factor_zona_norte': 1.0}"
VIRGEN DEL REMEDIO,17,2026-04-29 17:00:00,ZONA_NORTE,tarde,30.104,30.159,1.0018,0.85,0.18,🟢 NORMAL,35.886,26.226,"{'factor_calor_acumulado': 1.0, 'factor_eventos': 1.0, 'factor_fin_de_semana': 1.0, 'factor_franja_tarde': 1.02, 'factor_global': 1.0, 'factor_movilidad_ciudad': 1.0, 'factor_obras_construccion': 1.0, 'factor_zona_norte': 1.0}"
VIRGEN DEL REMEDIO,18,2026-04-29 18:00:00,ZONA_NORTE,tarde,26.765,26.814,1.0018,0.85,0.18,🟢 NORMAL,41.867,30.597,"{'factor_calor_acumulado': 1.0, 'factor_eventos': 1.0, 'factor_fin_de_semana': 1.0, 'factor_franja_tarde': 1.02, 'factor_global': 1.0, 'factor_movilidad_ciudad': 1.0, 'factor_obras_construccion': 1.0, 'factor_zona_norte': 1.0}"
VIRGEN DEL REMEDIO,19,2026-04-29 19:00:00,ZONA_NORTE,tarde,51.198,51.292,1.0018,0.85,0.18,🟢 NORMAL,53.83,39.339,"{'factor_calor_acumulado': 1.0, 'factor_eventos': 1.0, 'factor_fin_de_semana': 1.0, 'factor_franja_tarde': 1.02, 'factor_global': 1.0, 'factor_movilidad_ciudad': 1.0, 'factor_obras_construccion': 1.0, 'factor_zona_norte': 1.0}"
VIRGEN DEL REMEDIO,20,2026-04-29 20:00:00,ZONA_NORTE,tarde,60.411,60.521,1.0018,0.85,0.18,🟢 NORMAL,65.791,48.081,"{'factor_calor_acumulado': 1.0, 'factor_eventos': 1.0, 'factor_fin_de_semana': 1.0, 'factor_franja_tarde': 1.02, 'factor_global': 1.0, 'factor_movilidad_ciudad': 1.0, 'factor_obras_construccion': 1.0, 'factor_zona_norte': 1.0}"
VIRGEN DEL REMEDIO,21,2026-04-29 21:00:00,ZONA_NORTE,tarde,62.632,62.746,1.0018,0.85,0.18,🟢 NORMAL,71.773,52.453,"{'factor_calor_acumulado': 1.0, 'factor_eventos': 1.0, 'factor_fin_de_semana': 1.0, 'factor_franja_tarde': 1.02, 'factor_global': 1.0, 'factor_movilidad_ciudad': 1.0, 'factor_obras_construccion': 1.0, 'factor_zona_norte': 1.0}"
VIRGEN DEL REMEDIO,22,2026-04-29 22:00:00,ZONA_NORTE,noche,50.186,50.25,1.0013,0.85,0.13,🟢 NORMAL,53.83,39.339,"{'factor_eventos': 1.0, 'factor_fin_de_semana': 1.0, 'factor_franja_noche': 1.02, 'factor_global': 1.0, 'factor_movilidad_ciudad': 1.0, 'factor_obras_construccion': 1.0, 'factor_zona_norte': 1.0}"
VIRGEN DEL REMEDIO,23,2026-04-29 23:00:00,ZONA_NORTE,noche,25.753,25.786,1.0013,0.85,0.13,🟢 NORMAL,41.867,30.597,"{'factor_eventos': 1.0, 'factor_fin_de_semana': 1.0, 'factor_franja_noche': 1.02, 'factor_global': 1.0, 'factor_movilidad_ciudad': 1.0, 'factor_obras_construccion': 1.0, 'factor_zona_norte': 1.0}"
